Results for the 50 random matrices (30x30)
delta = 0.75
Matrix #1
Min norm before hte reduction:   14.3178
Min norm after the reduction: 13.5647

Basis matrix:
   0    5    4   -1    4   -1    3   -4    2    0    3   -2    1   -1    3   -4    3    0    5   -5   -2   -3    3    3    3    3   -2    3    4    3 
   1    3    0    2   -1    1   -3    1   -4   -5   -5    5    4    2   -2    0   -3   -3    2    5    4    0   -1   -5    2    3    5   -2   -2   -1 
   1   -3    3    2   -3   -3   -3   -4   -3    3   -4   -4    4   -5    4    2   -2   -4    3   -4    2   -1   -5    0    2    4    4   -4   -3    3 
   2    2   -3   -3   -2    5    4    4    2    3   -4   -4   -2    0    4    5    5   -2   -4    3    4    3    1   -2   -3    1    0    5    3   -3 
  -3    4    2    2    4    3    3   -4   -3   -4    1    1   -4   -5    4    0   -1   -4    3   -3   -2    5   -5    1   -2    2    1   -5   -1   -2 
   4    3   -3    3   -1   -4   -1    5    3    0   -1    5    3    3    4    4    5    1   -1   -4   -1   -5   -3   -3   -5    1    4   -2   -4    3 
  -4    5    3   -2    5   -5   -5    4   -2    0   -3   -2   -1    5   -3   -3    2   -4    5   -5   -1    2   -1    2   -5   -2   -4   -1   -2    4 
   5    0    5   -4   -1    4    5    0   -2    2    0   -2   -5    3   -4   -3    4   -2    0    3    1    2   -2    0    5    5   -1    3    0    1 
   3    0   -5    3   -4    2   -1   -4    5   -1   -5    4   -3   -4    3   -2   -4   -3    4    5   -4   -2   -5   -3   -4    4   -5    0   -1    3 
  -2   -3   -2   -3    1    1   -3   -5    3   -5   -5    3   -5   -2    3   -4    3    4    3    1    3   -5    3    1    2    0   -1    4    4   -3 
  -5   -4    3   -1    1   -1   -3    4    5    1    0    3    0   -5   -5    0    1   -2    4   -1   -2    3    0   -1   -1    4    5   -2   -1    1 
   1   -3    4    5    5   -2   -3   -4    2   -4   -1    5   -5    0    1    2    0   -3   -3   -5   -1   -1   -1    3   -5    2   -4    0    1    2 
  -5   -3    2   -3    5   -5   -2    2   -5    4   -4    5   -5   -5    2   -1    3    0    1   -2   -5    0    4    5   -5   -3    5    1    5    2 
   4    3   -1   -5   -4   -1    5   -1   -3    4    3   -5   -1   -4   -5   -2    4    2   -1   -2   -3    0    1   -5   -2   -5    2    0   -2    1 
  -4    1    5   -3    1    0    5   -3    0    4   -1    1   -2   -4    1    2   -3   -1    2    2   -1   -4    4   -3    2    5   -4    3    2    2 
  -3    2    4    3   -5    0    2    2    0   -2    3   -1    1    2   -4    2    1    5    0   -3    0    4   -2    1   -2    3   -3    1    0    4 
   5    2    1   -1   -1    0   -5    2   -1   -2   -5    1    4    4   -3   -1    3   -3    2   -3    1   -5    4   -1    5    1   -3   -5   -2    3 
  -5    2    3   -3    5    3    5   -5    3    5    1    3   -2    4    1    4   -2   -5   -4    4    5    5    5    4    1    2    3   -3   -1   -2 
  -5   -1    2    2   -3    5    2   -3    5    0   -3   -4   -4   -5    5   -4    3   -5    0   -4   -4   -2    3    5    2    4    1    3    3    1 
   3   -4    4    2   -4   -5   -4   -4    2   -1    2   -5    2   -4    5    3   -4    4    1   -3   -4    2   -3    5   -5   -4   -4   -3   -5    2 
   2   -3    4   -1    2    3   -5   -3    2   -2   -4    5    3   -5    2   -2    2    2    2   -2   -4   -3    5   -1    1   -5    3    1   -2    4 
   4    4    3   -1   -5   -3   -5    2    4   -2    0   -1    2    3    0   -2    3   -4   -4    5   -4    0    1    5    4    4    0   -5    0   -5 
   5    0    2   -1   -2    5   -4    1    3   -4   -4    3   -1    1    1    2    2   -2   -4   -3    4    1    4    1    1    4   -2   -3    0    5 
   0   -2    1   -5    5   -2   -3    1    5   -5   -1   -4    1   -4    3    5   -5   -5   -3    5   -3    1    2    5    2    0    0   -4    2   -4 
   4   -3   -3    4    5    5    4    3    2   -1   -1   -2   -1    2    4   -2    1   -5   -3    2   -4   -3    0   -3   -3    1    4    4    5    3 
   1    3   -5    3    1    5   -1    4    2    2    2    4    4    2   -3   -1    5   -1   -5   -4   -2   -2   -1    3    2    3   -4    1    5   -1 
   1   -5   -4    0    0   -2    0    0   -5    1    1   -2    2   -2    4    3    3    5   -1   -2    3    3    0   -3   -5   -2    5   -4    0    3 
   4    2    2    4    1   -2   -1    0    5    1    0   -3    3    0   -2   -4   -1   -4   -3   -4    5   -5   -5    0   -3    3   -4    4    4   -4 
  -3   -1    1    2   -1   -3    4    2    2    5    2   -2   -3    0   -3   -2   -5    0   -5    4   -2   -2   -4    2   -1    1   -4    5    4    5 
   1   -1   -3   -5    1   -1   -3   -5    5    1    3   -5   -5   -4    0   -5    2    4    1   -5   -4    3    3    5   -5   -1   -5    1    5   -1 

LLL-reduced basis:
   0    5    4   -1    4   -1    3   -4    2    0    3   -2    1   -1    3   -4    3    0    5   -5   -2   -3    3    3    3    3   -2    3    4    3 
   1    3    0    2   -1    1   -3    1   -4   -5   -5    5    4    2   -2    0   -3   -3    2    5    4    0   -1   -5    2    3    5   -2   -2   -1 
   1   -3    3    2   -3   -3   -3   -4   -3    3   -4   -4    4   -5    4    2   -2   -4    3   -4    2   -1   -5    0    2    4    4   -4   -3    3 
   2    2   -3   -3   -2    5    4    4    2    3   -4   -4   -2    0    4    5    5   -2   -4    3    4    3    1   -2   -3    1    0    5    3   -3 
  -3    4    2    2    4    3    3   -4   -3   -4    1    1   -4   -5    4    0   -1   -4    3   -3   -2    5   -5    1   -2    2    1   -5   -1   -2 
   4    3   -3    3   -1   -4   -1    5    3    0   -1    5    3    3    4    4    5    1   -1   -4   -1   -5   -3   -3   -5    1    4   -2   -4    3 
   5    0    5   -4   -1    4    5    0   -2    2    0   -2   -5    3   -4   -3    4   -2    0    3    1    2   -2    0    5    5   -1    3    0    1 
   0   -2    1    0   -1    5    1   -1    4   -2    1    2   -5   -3    4    3   -1    1   -6    0    3    6    0    2   -4    3    1    2    2    2 
   3    1    0    2    4   -2    0    1    0    1   -6   -1   -2    3    1    4    6   -6   -1   -2    0   -4    0   -1   -4    0   -5    3    2   -3 
  -4    5    3   -2    5   -5   -5    4   -2    0   -3   -2   -1    5   -3   -3    2   -4    5   -5   -1    2   -1    2   -5   -2   -4   -1   -2    4 
  -2   -3   -2   -3    1    1   -3   -5    3   -5   -5    3   -5   -2    3   -4    3    4    3    1    3   -5    3    1    2    0   -1    4    4   -3 
  -5   -4    3   -1    1   -1   -3    4    5    1    0    3    0   -5   -5    0    1   -2    4   -1   -2    3    0   -1   -1    4    5   -2   -1    1 
   5    0    3    0    1   -3    2   -5   -1    0    2    0   -6   -4   -4    0    4   -1   -4   -7   -4   -1    0   -2   -7   -3   -2    0   -1    3 
  -4    1    5   -3    1    0    5   -3    0    4   -1    1   -2   -4    1    2   -3   -1    2    2   -1   -4    4   -3    2    5   -4    3    2    2 
  -3    2    4    3   -5    0    2    2    0   -2    3   -1    1    2   -4    2    1    5    0   -3    0    4   -2    1   -2    3   -3    1    0    4 
   5    2    1   -1   -1    0   -5    2   -1   -2   -5    1    4    4   -3   -1    3   -3    2   -3    1   -5    4   -1    5    1   -3   -5   -2    3 
  -5   -6   -2    3   -7    6   -1    1    3    0   -6   -2   -5   -4    2    0    0   -5   -5    1   -2    1    0    2   -1    1    3    0   -1   -2 
   4   -3   -4   -8    5    2    6    0   -2    2    1    0   -3   -5    3    2    7    2    1    2   -3    0   -5    3    1   -1    2    2   -3   -5 
  -3    6   -4   -7    4    3    4    1    0    4   -1    2   -7    5    4    1    2    6    3   -2    2    1   -4   -2    1   -3   -1    1   -1   -1 
  -2   -3    9    2   -3    2   -3   -5    2    3   -3   -6   -4    2    2    2   -9   -2   -2   -3   -3    5   -1    7    0   -1   -7    2   -3    5 
   0    0   -4    1   -1    9    4    1   -1    0    4   -1   -2    2    7   -5    5    5   -3    2    1    0    3    0    4   -6   -3   -2    5   -2 
   2    2   -3   -3    0    0   -6   -4    1   -4   -2    0   -1   -2   -2   -5   -1    1    3    0    0    3    2    0   -3    2    0   -1    3   -2 
  -5   -5    6   -1    4   -6   -2    0    3    0    0    1   -5   -3   -1    5    2    4    0   -4   -3    0   -7   -3   -3   -2    2   -4    1    2 
   1   -2    7    3   -3    3    0   -1   -2    3    0   -2   -3    3   -5   -4   -4    2   -2   -2   -3   -1    3   -3   -5   -1   -2    8    0    0 
   0   -1    4    0    0    2   -4    4    1    3    2    4    4   -1   -3   -2   -2   -1    5    3    2    1   -5   -3    8    0    0   -7   -2   -2 
   2    2   -3    3    3   -1   -4    1    3   -6   -3    0    4    4    3    3   -4   -2   -5    2   10    5   -5    2   -3    0   -3   -4    2    0 
   3   -2    1   -2   -3   -1   -3   -1   -3    7    1   -9    3   -6    0    1   -2    1   -1   -4    1    2    2    3    1   -2   -1    3    5    6 
  -2   -5    2   -7    3   -2   -2    5   -2    0    2    3   -5    5   -4   -4    1    2   -1    0   -2    2   -2    7   -2   -4   -1    1   -1   -2 
   0   -2   -1    2    4    3   -3    3    2    1    0    4    0    1   -2   -5    3    2    2    1    1   -1    5    2    3    0    0    0    5   -9 
  -2    1   -1    2    3    2    3   -4    1   -3    0   -2    0   -5    0    0    0   -4    3    4   -2   -1   -2    3   -2   -1    2   -2    4   -5 


Matrix #2
Min norm before hte reduction:   15.5242
Min norm after the reduction: 15.5242

Basis matrix:
  -5   -4    5    1    1   -3    4    4    3    3    5   -2   -4    5    3    1    3   -5    1   -4    5    4    3    3   -4    3    1   -2   -3    3 
   4    1   -4   -3    0    1    0   -3    1   -2   -5    1   -4    4   -4   -2    2    1    4    3   -2    3   -2   -1    5   -2   -4    5   -4    0 
   4    2   -3   -3   -4   -5    4    3   -3    4    1    3    5   -4   -5    2   -5   -2   -2   -4    5    1    5    3   -4    5   -2    3   -4   -1 
   1   -3   -5    1   -4    5    5    4   -1    5   -4    0   -4   -2    1    5    2   -2    5   -5   -3    5   -1   -3   -2    3    2   -4    2   -3 
   1   -2   -4    1   -5   -2    1    3   -1   -3   -5   -1    1   -3   -5    4    1   -2    0    3   -3    5    3   -5   -5    5    4   -4   -1   -5 
   1   -3   -3    0   -4   -5    2    2    0    0    2    2   -5   -4   -1    3    1    0    4    1   -3    3    0    4    5    2    3    5    3    2 
  -4   -5    1    5   -5    4    1   -2    1   -3   -1   -4    2   -4   -3    5    4   -4    4   -2   -2   -2   -1   -4    5    3   -5   -3    4    4 
   0   -5   -4    2    4   -1   -5    0    0    2    1   -5   -4    3    4   -4   -1    5    0   -1    5   -4   -3    2    5   -4   -2   -4    5    3 
  -3   -3    3    0    1   -1   -1    4    1   -1    2   -2    2    5    0    5    2   -5    0   -1    1   -1    5    1    2    1   -3    5   -5   -3 
   2    4    2   -5    3   -4    3    0    4   -2    1   -1    1    1    3   -2   -2   -2    1    4    0   -1   -5   -1    4    4    5   -4   -1    3 
   3   -1   -4    0    1   -5    1   -2   -3    2    3   -3   -2   -3    4   -4    1    2   -4   -4    3    0    5    3   -3    3   -2   -5   -2    3 
   1   -4   -5   -5    5    5   -1    1   -3    4   -5   -3    5    2    3    2   -1    1    2   -2   -4   -1    0    5    3   -2    2    1   -2   -2 
   2    4    0   -5   -5    0   -2   -3    2    0   -3    2   -5    5    1   -2   -3    3   -2   -3    5   -1    2    3   -5   -5   -4   -5   -1    0 
  -1   -2   -5    0   -2    2   -5   -4    1    4   -2    3   -3    2    3   -4   -5    0    5    3   -3    1    4    0    3    3   -4    5    5    4 
   0   -3   -5   -1   -4   -1   -2    0   -5   -2    1    4    4    5   -5   -5    1    1   -4   -4   -2   -1   -3    4    3    4    1    2    4    2 
  -2    4    4    4    4    3    5    1   -3    1   -2   -4    4   -4    5    2    1    0    4    0    3   -5   -3   -2   -2    2   -4    2    1   -4 
  -4    4    3    5   -2   -3   -1    5   -4   -1   -3    1   -3   -5   -3    1    3   -3    0    4   -1   -1   -5    4   -4   -2    3   -3   -2    0 
  -4    3    1    5    5    5   -2    2    1   -2   -1    2    5    5    0    0    2   -1   -2   -5   -4    3   -3   -3    2    1   -5    2    1   -4 
   2    0   -4    0    2    4   -1   -4   -3    5    2   -4   -3   -5   -3   -2   -1    1   -2    5   -1   -2   -4    4   -2   -5    2    0   -3    3 
  -4   -3    2   -2   -2    5    5   -2   -1   -2    0    3   -3    1    2    2    5    2   -4    0   -3    1   -1   -4   -1   -4    2    1    5    4 
   4   -1    0   -4   -1    5   -2   -3    4    2   -4   -4    0   -3   -3   -1    1    3    0    0   -2    2   -2   -4    2    4    1    4   -5    2 
  -1    0   -5   -2    4    5    0   -3   -3    5    4   -4   -5    1    1   -2   -4   -3    5    2   -5   -4    4   -4    0   -5   -3   -2   -3    3 
  -5   -4    1    4   -1    1    5    2   -3    4   -1    2   -2    4    4    4   -2    2    5   -4    1    5   -3    1    4   -1    5   -1    2   -3 
   5    1    0    2    4   -1    1   -1    5   -1   -5    5   -3   -4    0   -4   -1   -3    2   -4    1    2   -4    3   -1   -1    3   -1   -4    1 
   3    1   -3    0    2   -1    0    3    5    0   -2    1    3    3    5    0    5   -4    0   -5   -5    4    4    5    4   -5    4   -5   -2   -3 
   2    4   -1   -3    3    2    4   -1   -4    1    4    0    0    5    5   -4   -3   -4    0   -4    3    4    3    1   -3    3   -4   -5    3    4 
   3    1   -4   -4    5   -5    2   -3    4   -4    0   -3    4   -2    0    2   -1   -3   -1   -4   -1   -2    2    4    3    4    3    4    1   -2 
  -3    5   -4    2    0   -1    4   -2    4   -3   -5   -4    3   -2   -4    4    3    1    5   -3    3    2    2    2    1    5    1    1   -3   -5 
  -4    0   -1   -5   -1    0    4   -3    4    1   -1    0    0   -2   -2   -5    2    2   -1    5    0   -1   -5   -2    5    0    5   -3   -5   -3 
   1    1   -1   -5    2    4   -1   -5   -4   -5    4   -3   -2    0   -5    2   -4   -5    5   -4    1    3   -4   -4    3    1   -3    0    3    3 

LLL-reduced basis:
   4    1   -4   -3    0    1    0   -3    1   -2   -5    1   -4    4   -4   -2    2    1    4    3   -2    3   -2   -1    5   -2   -4    5   -4    0 
  -5   -4    5    1    1   -3    4    4    3    3    5   -2   -4    5    3    1    3   -5    1   -4    5    4    3    3   -4    3    1   -2   -3    3 
   4    2   -3   -3   -4   -5    4    3   -3    4    1    3    5   -4   -5    2   -5   -2   -2   -4    5    1    5    3   -4    5   -2    3   -4   -1 
   1   -3   -5    1   -4    5    5    4   -1    5   -4    0   -4   -2    1    5    2   -2    5   -5   -3    5   -1   -3   -2    3    2   -4    2   -3 
   0    1    1    0   -1   -7   -4   -1    0   -8   -1   -1    5   -1   -6   -1   -1    0   -5    8    0    0    4   -2   -3    2    2    0   -3   -2 
  -3   -3    3    0    1   -1   -1    4    1   -1    2   -2    2    5    0    5    2   -5    0   -1    1   -1    5    1    2    1   -3    5   -5   -3 
   1   -3   -3    0   -4   -5    2    2    0    0    2    2   -5   -4   -1    3    1    0    4    1   -3    3    0    4    5    2    3    5    3    2 
   0   -5   -4    2    4   -1   -5    0    0    2    1   -5   -4    3    4   -4   -1    5    0   -1    5   -4   -3    2    5   -4   -2   -4    5    3 
   5    0   -6   -1    1   -3   -4   -2   -5   -2    0   -3    4   -3    1    0    0    2   -5   -1   -1   -5    7    1    3    1   -6    2   -4   -3 
   2    4    2   -5    3   -4    3    0    4   -2    1   -1    1    1    3   -2   -2   -2    1    4    0   -1   -5   -1    4    4    5   -4   -1    3 
   1   -4   -5   -5    5    5   -1    1   -3    4   -5   -3    5    2    3    2   -1    1    2   -2   -4   -1    0    5    3   -2    2    1   -2   -2 
  -4   -5    1    5   -5    4    1   -2    1   -3   -1   -4    2   -4   -3    5    4   -4    4   -2   -2   -2   -1   -4    5    3   -5   -3    4    4 
   2    4    0   -5   -5    0   -2   -3    2    0   -3    2   -5    5    1   -2   -3    3   -2   -3    5   -1    2    3   -5   -5   -4   -5   -1    0 
  -2    4    4    4    4    3    5    1   -3    1   -2   -4    4   -4    5    2    1    0    4    0    3   -5   -3   -2   -2    2   -4    2    1   -4 
  -1    6   -2    5    4    6   -1   -2    0   -1   -3    4    3    0    0   -5    0    4   -2   -4   -5    4   -8   -4    0    0   -2   -3    6   -1 
  -4    4    3   -2    2   -2   -1    4    4    2    8   -2   -1    3    4    4   -3   -5   -5   -2    0   -2   -3    9    1    0    2   -2   -2    1 
   1   -9   -5   -5   -8    3    2    4   -6    4   -2   -2    2    7   -3    2    2   -5   -1   -6    3   -3    4    1   -4    5    2   -4   -3   -2 
  -3   -5    4    1   -3   -3    1    8   -1    3    0    4   -4   -1    1    1    4   -6    3   -2   -1    1   -1    0    1    1    9   -7    0    5 
  -4   -3    2   -2   -2    5    5   -2   -1   -2    0    3   -3    1    2    2    5    2   -4    0   -3    1   -1   -4   -1   -4    2    1    5    4 
   4   -1    0   -4   -1    5   -2   -3    4    2   -4   -4    0   -3   -3   -1    1    3    0    0   -2    2   -2   -4    2    4    1    4   -5    2 
  -3    4   -1    1   -2    0   -1    0    0    0    2   -6   -2   -9    0    4   -4    1    4    1   -7   -2    4   -3   -1    5   -3    6    0   -1 
  -2    3   -4   -4    1    7    5    1    7    4   -5   -2   -4    5    2   -1    1    1    3   -6   -3    5    0   -3    0   -8   -2   -1    1    3 
  -1   -2   -6   -3   -2    4   -2   -3   -6    1   -5   -2    1    3   -5   -1    5    2   -1   -3   -3   -1    3   -4   -1   -3    0   -3    4    0 
  -1   -1    8    2   -1   -6   -2    2   -7   -4    2   -2    3   -7   -3   -3    3   -3    0    4    3    1    7    1   -2    7    0    7   -2    7 
   1    2   -2   -4   -5   -5    2   -3   -4   -3   -2    1    4   -8    1   -1   -1   -2    1    6   -1    2    4   -7    1    4   -1   -2   -2    5 
   1    4    0    0    5   -3   -1    3    4    1   -3    7    0   -2    3   -1   -4   -1   -6    2   -5    1    4   -4   -1    4    4   -3    2    2 
  -5   -4    1    4   -1    1    5    2   -3    4   -1    2   -2    4    4    4   -2    2    5   -4    1    5   -3    1    4   -1    5   -1    2   -3 
  -3   -1   -2   -2   -4   -3    5   -4    1   -3   -3    2    3   -8   -3    3    0   -5    4   -1   -1    6    4   -3   -3    3    3    4    4    3 
  -4   -1   -3    7   -1   -2    0    1   -3   -9   -2    2   -1   -4    1    0    1    3   -2    1    5    2    3    1    1   -1    2   -5    7    3 
  -2    0   -2   -4    2   -5    4    0    4   -3    6    0   -4    6   -5   -6    0    0   -3    4    1    4   -2    8    3    3    7   -1    0   -4 


Matrix #3
Min norm before hte reduction:   13.8564
Min norm after the reduction: 15.4919

Basis matrix:
  -3    3   -5   -2   -3   -5    0    2    2    4   -3    0    0   -4   -5   -2   -5    5    2    1    1   -5    5    1    4   -5    2    3    1   -1 
  -4    5   -1    0    2   -5   -5    4    2    0    4   -4    0   -5   -4    0    1   -1    3    0   -1   -5    1    2   -3    5   -3    1    0    5 
  -1    3   -5    3   -3   -5   -3   -5    3    5    5    4   -2   -2    5    0    0    2   -3    3    5   -3   -3   -3    2    1   -3   -3    5    3 
   1   -3    3   -3   -4   -4    1    0   -5   -3    1   -4   -4   -3   -3   -1    5   -1    2    4    2    0    2    1    4    5   -1   -4    4    3 
  -5   -4   -5    2    0    3    2    4    1    5    3   -4    5    4   -3    3    5   -4   -3   -2   -2    2    1   -5   -1   -4    5    2    2   -5 
   3    0   -4   -1   -1   -3   -5    1   -4   -2   -3    3   -2    4   -3    4   -3   -1    2   -1    5    0    3   -4    1   -1   -5   -4    2    1 
   3    0   -5    1   -3   -2    2    5   -3    4    3    0   -3   -1    5    0    5    0   -2    3   -5   -4   -4   -3   -4    2   -4   -1    4   -2 
  -2    5    1    3   -3    2    5   -1   -2   -2   -3    5    0    3    1   -1    0   -2   -5   -5    0   -3   -1   -5   -5    0    4   -2    4   -5 
   1   -5   -3   -5    4   -5    1   -4   -4    0   -3   -2   -1   -2   -3    2   -3    2   -4    3    5   -5   -3    4    4    1   -2    2   -4    0 
   2    4    5   -4   -5    3   -4    1   -3    4    1   -3   -1    4    1   -4    4   -4    3    3   -3   -2    1    5    4    1   -3    5   -2   -1 
  -5    0    4    2   -2   -3    3   -4   -2   -4   -1    4    0   -5    4    1    4   -5    0   -3    2   -3   -2   -1    1    1    3   -2    3    0 
   1    3   -4   -3   -2   -5   -2    3    1    5   -4    0   -3   -5   -1    1   -1    4   -4   -1   -2   -1   -5    4   -2   -3    4    2   -5    2 
   3    3   -2   -2   -5    2    5    4   -2   -4    2    0    1   -3    2    1    5   -5   -3    2   -4   -4   -4    3   -5   -2    5    5    2   -1 
  -2    1    1    4   -4    0    1   -2    4   -4    4    4   -2   -4   -3    5   -5   -1    2    5    2    2   -4   -4   -4    3    0   -1    3    2 
   4    4    3    5    4    5    0    0   -1   -2    1   -3    0   -3    2    0   -1    3   -5    2    1    2   -5    4    2    0   -5    4   -3    0 
  -1    3   -3    0    2   -3    4   -4   -2    2   -3    0    4    3   -1    1    3    5    2   -3    4    3    2    4    0   -1   -5    2    1    4 
   5   -2   -1   -2    0   -4   -1   -5    3    4    2    2    4   -4    0    3    3    0    0   -3   -2   -1    3   -5   -3   -3    1    3    3   -4 
  -3    5    4   -4    2    1    0    1    1    0    1   -1    3    4    2    3    4    1    0    3   -3    3    5   -1    2    2   -4   -4   -1    4 
   4   -1    2    1    0   -4   -2   -5    5   -1    2   -2   -4   -3    5    3    2    5    4   -1   -4   -3   -3    1   -2    0   -1    4   -1    4 
  -1    4    3    2    2   -5   -2    2    0   -3   -4   -1   -2    0   -2    2    2   -5    1   -5   -5    2   -5    0    4    5   -4    5   -4    2 
   4    0    1   -4   -5    4    5   -3   -5   -4   -5    2   -1   -5    4   -3   -4   -4   -1    0    4   -5    5    1   -5   -5    0    3    5   -4 
   2   -5    4   -1   -3   -1    2   -4    4    3    2    4    4   -2    0    3    2   -3    0    3   -3    2    1    4    0    3   -5   -3    2   -1 
  -3    0    0   -4    0   -1   -2    1   -4    4    4    0   -2    0    0   -2   -2    2   -4   -1    5    2    1    4    1    0    1    0   -4   -4 
  -5   -4    2   -3   -4    0   -5    1    5    2    5    0    4    1   -1   -1    5   -1   -1    2   -5   -5   -2    2   -4    4    2   -1    1   -5 
   5    2   -2   -2   -1    1    2   -2    1   -1   -3   -1    4   -2    5    2    2   -1    5   -3   -3   -1    4    3    3    2    5   -3    4   -5 
  -3   -1   -1    4    5   -3   -3   -2    2    4    0    3   -3    0   -3   -1    3   -3   -3    4    5    4   -1   -2    4    1   -5    0   -2   -2 
  -2    1    2    3   -4    0   -2   -2   -4    5   -3    0    5    3   -5    1    3   -3   -1    5   -5    3    4   -2   -3    1    2    3   -5    1 
   2   -1    3    4   -2    4    2    5   -3    2    1    5   -1    1    4    0   -1   -3    2   -2   -4    2   -5    5   -2   -4   -1    3   -2   -4 
  -3    5   -5   -4   -3    4   -3    0   -4    5    4    3    5   -1    1    0    3    4    3   -5    3   -5   -2   -2   -4    0   -5   -5    3    5 
   3    4    0   -2   -2    0   -2   -4    1   -3    5   -5   -4   -2    3    4    2    3    2   -1    0   -4    3    3   -3    3   -2   -5    3   -1 

LLL-reduced basis:
  -3    3   -5   -2   -3   -5    0    2    2    4   -3    0    0   -4   -5   -2   -5    5    2    1    1   -5    5    1    4   -5    2    3    1   -1 
  -4    5   -1    0    2   -5   -5    4    2    0    4   -4    0   -5   -4    0    1   -1    3    0   -1   -5    1    2   -3    5   -3    1    0    5 
  -1    3   -5    3   -3   -5   -3   -5    3    5    5    4   -2   -2    5    0    0    2   -3    3    5   -3   -3   -3    2    1   -3   -3    5    3 
   1   -3    3   -3   -4   -4    1    0   -5   -3    1   -4   -4   -3   -3   -1    5   -1    2    4    2    0    2    1    4    5   -1   -4    4    3 
   3    0   -4   -1   -1   -3   -5    1   -4   -2   -3    3   -2    4   -3    4   -3   -1    2   -1    5    0    3   -4    1   -1   -5   -4    2    1 
  -5   -4   -5    2    0    3    2    4    1    5    3   -4    5    4   -3    3    5   -4   -3   -2   -2    2    1   -5   -1   -4    5    2    2   -5 
   3    0   -5    1   -3   -2    2    5   -3    4    3    0   -3   -1    5    0    5    0   -2    3   -5   -4   -4   -3   -4    2   -4   -1    4   -2 
  -3   -5    3   -1    1   -5   -2   -3    0   -2    2   -1    0   -8    3    2    4   -3    5    2    2    0   -1    4    6    1   -1    0   -1    5 
   2   -1    3    4   -2    4    2    5   -3    2    1    5   -1    1    4    0   -1   -3    2   -2   -4    2   -5    5   -2   -4   -1    3   -2   -4 
  -5    0    4    2   -2   -3    3   -4   -2   -4   -1    4    0   -5    4    1    4   -5    0   -3    2   -3   -2   -1    1    1    3   -2    3    0 
   3   -1    0   -1   -3   -3    1   -6   -6    2   -1    4   -5    3   -5   -1   -8    3   -6    3   11   -2   -4    6    6    0   -2   -1    0   -1 
   1    3   -4   -3   -2   -5   -2    3    1    5   -4    0   -3   -5   -1    1   -1    4   -4   -1   -2   -1   -5    4   -2   -3    4    2   -5    2 
  -1    6   -2    0   -5   -1    0   -6    4   -3    4    4    2   -4    2    1    0   -3   -4    2    6   -3   -3    3    1   -3    6    3    3    4 
  -1    8   -1   -5    1    3   -7   -4    5    5   -1   -4    4    6    0   -3    0    0   -1    1   -1   -4    4   -1    2    0   -1    6   -4    0 
   2   -4    4   -4   -4    6    2   -3    1   -2   -1   -1    1    0    4    4    3   -5    4    8   -6    2   -3   -3    1    0    0    6   -3   -3 
   4    4    3    5    4    5    0    0   -1   -2    1   -3    0   -3    2    0   -1    3   -5    2    1    2   -5    4    2    0   -5    4   -3    0 
   4   -1    2    1    0   -4   -2   -5    5   -1    2   -2   -4   -3    5    3    2    5    4   -1   -4   -3   -3    1   -2    0   -1    4   -1    4 
  -3    5    4   -4    2    1    0    1    1    0    1   -1    3    4    2    3    4    1    0    3   -3    3    5   -1    2    2   -4   -4   -1    4 
   7    7   -5   -1   -4   -3   -3   -2    0    2   -3    1   -5   -2    3   -2   -6   -2   -3    1    2   -3   -1   -1    0    0  -10    7    3    1 
  -4    0   -6   -1   -2    1    3    1   -5    1   -3   -2    6   -3   -8   -1    1   -7    5    3    4    0   -2    3   -2    2   -3    9    0   -2 
   5   -2   -1   -2    0   -4   -1   -5    3    4    2    2    4   -4    0    3    3    0    0   -3   -2   -1    3   -5   -3   -3    1    3    3   -4 
   4    2    2    1   -3    0    5   -2    1   -6    1    6    0    4    1   -2   -1    5    4    6   -2    0   -1    2   10    0    1    0    1    0 
   0   -7   -3    5   -3    2   -3    7    2   -5   -3    2    0   -1    0    2    0   -8    8   -1   -4    2    0    0   -4    3   -5   -5    2    1 
  -2   -3    3    3   -7   -2   -4   -5    8    0    7   -2   -7   -4    2   -4   -1    4    2    0    2    2   -1    6   -2    7    1   -3    1    3 
   4   -2   -2   -4   -3   -5    1    1   -1    3    3    0    1   -6   -4   -2   -1    0   -6   10    1   -2   -4    2    4    1   -6    3    7    0 
   2    2    0   -8   -4   -2   -2   -7   -2   -4    1    6    1    0    0    1   -2   -1   -2    2    2    0    9    1    1    3   -1   -5    5    3 
 -10   -2    5   -3   -4    1    6    0   -2    0    0    1   -4    7   -4   -3    3   -7   -6   -3   -3    5   -2   -3    0    2    3   -2   -3   -4 
  -3    4    5   -2    0    5    5    3   -3  -10   -1   -3   -1   -4    1    1   -3   -3   -3    2   -2   -5   -5   11   -1    2   -2    0    1   -3 
   4   -1   -5    1    1   -5   -1    0    4    7    1   -1   -1   -3   -4   -5    5    4    3    8    2   -3    6   -2   -1    4    2   -2    7   -1 
   4   -2    1    5   -5   -6    4   -5   -3    0    4    4    3   -4    4   -2    3   -3    2    5    0   -7   -2    6   -3   -2   -1    0    6   -1 


Matrix #4
Min norm before hte reduction:   13.7840
Min norm after the reduction: 13.7840

Basis matrix:
   0    2    1    2    0   -1    4    5    4    2   -5    2   -5   -1    2    4   -4    0   -1    0    1    5    3    4   -5    3   -4    5   -1    4 
  -2    0    0    0    4    0   -4   -4    1   -2   -3   -4    0    5    2    3   -4   -5    0    5   -2   -1   -4    5    5   -4    0    5   -1   -4 
  -5   -1    0   -5    0    4    4    5   -5   -4    4    4    0    3   -5   -5    4   -2    3    1    1    3    2    4   -1   -3    1    4   -1   -1 
   4   -3   -2    4   -5    0   -5   -5   -4   -2    5    1   -5   -4    4    2    1   -2   -1    1    3    4    1   -1    3   -1    5   -1   -2    3 
  -4    2    0    3    5    3   -2    2    4   -1   -3    3   -5   -5   -5   -3    3    3    5   -2    1   -5    0   -3   -4   -1   -3    1   -2   -4 
  -5    5   -3   -2    2    5   -2   -2    4    5   -5   -1    0   -3   -2    5   -4    5    1   -1    5   -4   -4    3   -2    2    4    4   -1    5 
   5   -1   -2   -3    5   -2    2    1    4    5    1   -3   -3    4    3    0    5   -3    2    5    3   -2    1    1   -3   -4    3    5   -1    0 
   2   -3   -4    1   -1   -5    0    0   -5    2   -1   -5   -3    3   -4   -5   -1   -4    5    3    2    5   -1    5    0    1   -4    5    3    4 
  -3   -2   -1    5   -2    0   -3   -5   -3   -3   -5    4    4    3    1    2   -5    2    0   -1   -2   -3    1   -3    1   -2    0    5   -3   -5 
   3    2   -1   -5   -3   -2   -5   -4   -1    5    0   -3   -4    5    0    2    1    2   -5   -2   -3    0   -2    2    5    0    0   -3    0    4 
  -5    4    5    3    3   -4   -5    0    3    2    5    4    5   -4    0   -1   -4    1   -5   -2   -1    0    1    2   -1    0   -5   -5   -4    0 
  -1    4   -1   -1   -2    1    1   -3   -4   -4   -1   -3    0    2   -5    5    2    4    5   -3    0   -5    0   -3   -2   -1    3    1    0   -3 
  -2   -2   -2   -1   -4    3    1    5    0   -1   -4    2   -5   -2   -5   -3   -3    3   -1    2    1   -2   -3    3   -2    5   -2    1   -1    1 
   5   -5    3    1   -3   -1    5    5   -5    3   -4    2    2    0    0   -5    0   -5   -3    4   -5    2    5    4   -2   -3   -3    5    3    5 
   1   -2    5    1    5    5    3   -4   -2    5   -3   -5    2    5    5   -4    2   -1    1    3    0    2    2    0    2    3    5   -2    1   -4 
  -3   -2   -2   -4   -1   -2    5    3   -1    0    0   -2   -3   -1    2    0   -3    0    2   -1    3   -5    1    0   -4    3    0    0    0    5 
   2   -5   -5   -3    3   -4   -5   -4    5    5   -4    2    2    3   -4    3   -2   -2    1    5   -2   -1   -5    2    5    2    4   -4    0    3 
  -5   -4   -3   -3    0    1    0    1   -3    0   -1    2   -5   -5   -5   -5    3   -5   -1    5   -2   -4   -5    0   -5   -1    3   -5    2    1 
   0    3    4   -4    4    5    1   -4   -3   -1    1   -4    1   -3    4   -5    1   -4   -1    5   -4   -4    1    5    2   -3    5   -1    0    5 
   4    1    1   -5    0   -4    5   -3    1    4   -1   -5    2   -5    1    0    2   -1   -4   -3   -5    5    1    4    2    1   -5   -4    1    5 
   4    3    1   -3    2   -2    2    5    4    0    4   -3    4    0   -5    5   -4    3   -4    2    3    3   -2   -4   -1   -3   -3   -1   -5   -3 
   4   -1    3    3    1   -2   -3   -2    1    3    0    3   -2    2   -5    0   -2   -1    1    1    0    5   -5   -1    3   -1   -4    3   -4   -4 
  -3    2   -3   -3   -5    2    4   -1    3    4   -3    1   -5   -2   -1   -1    4    3    3   -4    2   -2   -5    4   -4   -5    1   -4    5   -1 
  -4    0    1    3   -5    4   -3   -4    1   -2   -3    4   -2   -3   -4    0    4    2   -3    3   -4   -1    4    2   -5   -4    4    2   -5   -4 
  -3    3    4   -2   -1    5   -2   -2   -4   -4    3   -1    1    0    5    1   -2    5   -3    2   -2    0   -2    1   -5   -5    1    4   -4    3 
  -4   -3   -5    0   -4    1    2    1   -3   -2    2   -3    2   -5    1   -5    5    0   -2    4   -4    3   -3   -2   -1    1    2    1   -2   -1 
   0    1    0   -1    4    1    3   -1   -3   -4    0    3   -4    1    3    4   -3   -1    0   -2    1   -3   -5    3    4   -4    1    0    0    0 
   1   -2    4   -5   -3    5   -3   -2    5    0    3   -5    2   -2    5    5    0   -5    3   -2    3    2   -3   -1    0    3   -1    5   -5   -2 
  -2   -5   -3    0    0   -2   -2   -3   -5    5    1    1    0   -2    0    1   -3    2   -4   -1   -2   -3    2   -4    2    0   -4    1    4    0 
  -3   -4    4    4   -3    1   -2    0    1   -5   -5   -5   -4   -3    3    4   -1    5   -2   -1   -2    1    3    4    4    3    0    1   -3   -5 

LLL-reduced basis:
   0    2    1    2    0   -1    4    5    4    2   -5    2   -5   -1    2    4   -4    0   -1    0    1    5    3    4   -5    3   -4    5   -1    4 
  -2    0    0    0    4    0   -4   -4    1   -2   -3   -4    0    5    2    3   -4   -5    0    5   -2   -1   -4    5    5   -4    0    5   -1   -4 
  -5   -1    0   -5    0    4    4    5   -5   -4    4    4    0    3   -5   -5    4   -2    3    1    1    3    2    4   -1   -3    1    4   -1   -1 
   4   -3   -2    4   -5    0   -5   -5   -4   -2    5    1   -5   -4    4    2    1   -2   -1    1    3    4    1   -1    3   -1    5   -1   -2    3 
  -4    2    0    3    5    3   -2    2    4   -1   -3    3   -5   -5   -5   -3    3    3    5   -2    1   -5    0   -3   -4   -1   -3    1   -2   -4 
  -5    5   -3   -2    2    5   -2   -2    4    5   -5   -1    0   -3   -2    5   -4    5    1   -1    5   -4   -4    3   -2    2    4    4   -1    5 
   5   -1   -2   -3    5   -2    2    1    4    5    1   -3   -3    4    3    0    5   -3    2    5    3   -2    1    1   -3   -4    3    5   -1    0 
  -3   -2   -1    5   -2    0   -3   -5   -3   -3   -5    4    4    3    1    2   -5    2    0   -1   -2   -3    1   -3    1   -2    0    5   -3   -5 
   3    2   -1   -5   -3   -2   -5   -4   -1    5    0   -3   -4    5    0    2    1    2   -5   -2   -3    0   -2    2    5    0    0   -3    0    4 
  -1    4   -1   -1   -2    1    1   -3   -4   -4   -1   -3    0    2   -5    5    2    4    5   -3    0   -5    0   -3   -2   -1    3    1    0   -3 
  -2   -2   -2   -1   -4    3    1    5    0   -1   -4    2   -5   -2   -5   -3   -3    3   -1    2    1   -2   -3    3   -2    5   -2    1   -1    1 
   1    3    0   -5   -3   -5    1    1   -1    3    4   -3    2    5   -2    4   -3    2   -4    4    2   -4   -1    6   -4    1    2    1   -4    2 
  -3   -2   -2   -4   -1   -2    5    3   -1    0    0   -2   -3   -1    2    0   -3    0    2   -1    3   -5    1    0   -4    3    0    0    0    5 
   5   -5    3    1   -3   -1    5    5   -5    3   -4    2    2    0    0   -5    0   -5   -3    4   -5    2    5    4   -2   -3   -3    5    3    5 
  -1    3    4    4   -1    0    3   -3   -2   -8    3    5   -2   -3    7   -2    0    3    0   -4   -3    1    8   -6   -3    3    0   -5   -5   -2 
  -1    7   -1    7    1    2   -4   -8   -2   -1   -3    1   -2   -2   -1   -2   -2    4    4   -1    1    7    2    2   -1    3    0    4   -3    2 
   2   -5    5    3   -1   -6    2    1   -6    6    3   -7   -4    3    3    3   -2   -6    0    3    4    4    4    5   -2    2    0   -1    0    2 
   2   -5   -5   -3    3   -4   -5   -4    5    5   -4    2    2    3   -4    3   -2   -2    1    5   -2   -1   -5    2    5    2    4   -4    0    3 
  -3    0    0    0    4   -3    3    1    1    3   -2    2   -5   -4    2    2    2   -8   -1    3   -2    3    1    1   -8   -3    1   -1    2    4 
   1   -1    0    0   -2   -4    2   -8   -2    1   -6   -1    6   -2    2    2   -3    1   -4   -4   -7    2    2    1    3   -1   -5    1   -2    0 
  -3   -2    4   -5   -5   -3    6    0    1    4   -5    1    3    7   -6    1   -5    0   -4    4   -5    0   -1    5   -5    0   -2    5   -5   -2 
   7    2    1    1    6   -2   -2    1    0    2    3   -2    5    4    2    0   -1   -2    1   -2    1    6   -5   -2    9    1   -4   -2    5   -1 
  -4    0   -3   -4   -1   -3    5    0    1    2    2    3   -1    3   -1   -3   -2    2   -4   -1    2    6   -4    8   -1    3   -1   -4    0    3 
  -4   -6    2   -3    2    6    4   -1    0   -1   -3    0    1    4    3   -1   -2    1    1    5   -3   -2   -2   -1    3    1   -3    6   -4   -8 
  -1    3    2    7    1    2    2    1   10    6   -1    0   -1   -1    1    6   -1    2    3    0    0    3    1    0   -1    5    3   -6    0    5 
   1    2   -3   -4   -5    0    4    5   -1   -2    3    7    2    3   -5    2   -2    6   -2   -4   -3    5   -5    5    0    8   -1    0    0    3 
  -5    3    0   -5    0    1    0   -3    0   -5   -1   -2    2    6    0   -1   -4    1    0    5   -3    6   -8    3    3    4    7    1    1    1 
   2    2   -2    5    1    2   -2   -3    0   -5    1   -1    0   -2   -1    1   -5    1    3    4   -2    1   -1   -4   -3   -2    5    3   -2    3 
   2   -3    0   -2   -7   -2   -3    3   -7   -2    2    1    0    5    0    1    4   -3   -4    1   -4    3   -5    1    3    0   -1   -7    0    0 
   2    4   -1    0   -2    1   -3   -2   -3    2    5  -10    3    1    2    4   -4    0    0    4    2    5   -4    9    2   -3    3   -2    1   -1 


Matrix #5
Min norm before hte reduction:   14.3527
Min norm after the reduction: 14.3527

Basis matrix:
   5   -1   -1   -3    4    5    2   -5    5   -1   -2    0    1   -3   -4   -2   -5    0    4    2    1    5   -4    3   -2    4   -2    1    3    2 
   3   -2    1   -1   -1    2    4   -1    1   -2    2    0    0    4    1    5   -1   -2    0    5    2   -4   -4    5   -2    0   -3   -1    2   -3 
   1    2    0    4   -4   -4    0    2    4    4    0   -1   -1   -4   -3   -3   -2    1    5    1   -1    0    3    5    4   -3   -2    0    4    0 
  -2    3    5    5   -5    4    5    0    5   -2    4    4    0   -5   -2   -2    5    0    1    0   -5   -3    1    4    4    2   -5   -4   -5   -5 
  -4    2    1    5    5    1   -4    1   -3    1   -4   -2   -4    5    0    5   -3   -1    0   -4    5   -1   -1    3    3    2   -3    0   -1    0 
   3    0   -2    3   -4    0    2   -4   -2   -5   -5    0    4   -1    0   -4    1    0   -4    0    3    2    2   -2   -1    3   -1   -4    5   -1 
  -4   -3   -2    5    3   -3    5    1    3    1    0   -5    0   -4    1    0   -3    1    2    2    3    1    0    0    3   -1   -1    3    4    4 
  -4   -5    1   -5    2   -2   -5   -2    4   -3   -4    2   -5    2   -3    4    1   -3   -2    1    2   -1   -5    5   -2    4    0    1    3    5 
  -1    5   -2    0   -4   -5    3    2   -5    0   -5   -4   -4   -5   -2    2    3   -5    3   -5   -1    1   -2   -5   -2    2    4   -3   -5   -5 
  -2   -2    0    3   -5    5    0    2   -3    4   -1    1   -1   -2   -4   -2   -4    3    1   -5   -4    0   -1    4    4   -4    3   -5    1    2 
   0   -1   -3   -2   -5   -2    2    5   -4    0    3    1   -5    4    1   -5    3    0   -3    3    5   -3    1    5    3    4    0   -5    3    4 
  -5    5    1    2    0    4   -4    3   -3    4    4   -4    1   -3   -2    4   -2    0   -1    2    5   -1    4   -3   -1    5   -5   -1   -1    3 
  -2   -3   -4   -5   -2    5    4   -3    0   -2   -5   -5    2   -3   -3   -3    4   -2   -3   -1   -4    0    3    4    0   -5    4   -3    0    0 
  -1   -5   -1   -2   -5    4   -5    3   -5    5   -5    3    1    5    4   -5   -2    1    1    5    2   -1    1    3    3    1   -2    5   -4   -2 
  -5    5    4   -4    4    4    3    2   -1   -1    2   -2   -1    4    1   -3    5    1    1    2   -3   -4    2    2   -2    3    5    3    4   -5 
   2    5    3   -5   -4   -2    5   -5    2   -4    0   -5   -3   -3    4    4   -2    1   -1   -2   -2   -1   -4    0    5   -2   -1   -2   -2   -1 
  -5    2    5    4   -5    1   -5   -5    1   -4    1   -4    3    0   -1   -4   -5    0    5    2   -3   -5   -1    2    1    2   -4    0    1    1 
  -3   -5   -5   -1   -4   -5   -5    5   -3    2    3   -2    1    2   -5   -1    5    4    1    2    2   -2    5    2    3   -5   -3   -5    5    2 
   4   -2    4   -2   -4    1   -3    5    2    5   -5    2   -1   -2   -4    3    5    4   -2   -2    2    1    5   -3   -4    5    3   -5    3    3 
  -2   -1    1    2    2    5    5   -3   -2    1    3   -1   -2    0    4    3   -4   -5   -2   -2    3   -4   -1    1    0    3    5   -3    0   -5 
   5    3    5   -5    0   -5   -5    4   -2    4    2   -5   -2    4   -1   -1   -4    1    1   -2   -4    2    2    3    3    2    5    4    3    3 
   4    5    0   -4    5    1   -2    3    1    3   -5    0   -4   -4   -2    3   -2   -2   -2   -2   -1    2    5   -5   -2    0    3   -3    4   -4 
  -1   -2   -1    5   -5    1   -3    4   -3   -4    0   -4    2    4    2    0   -5   -3    1    3   -3    0   -4   -2    5    3    3   -5    3   -5 
  -1   -2   -2    2   -5    5   -4   -4   -5   -5    1   -5   -3   -3   -3    5    1   -4   -5    0    4    1   -4    0    0    0    4    5    0    0 
   5    3    4   -5    3   -1   -1    1    5    0    3    3   -1   -1    3    1   -3   -1   -1    1   -3    5   -3    2   -3   -2   -5    4   -1    3 
  -5    0    0   -5    0   -3   -4   -4    0    4   -1   -2    2    4    2    0    4    3    4   -2    2   -2    3    4    0    2   -5    2   -2    5 
   3    5    1   -3    4    3    4   -3    5   -3   -5    2    5    2    5    5    3   -3   -1    2    1    2   -3   -3   -4    1    3    4   -1    1 
   4   -1    1   -4    4   -1   -1   -3   -3    1    2    5    3    4   -1    5    3   -4   -1    0    1    4   -4   -2    2    4    0    4    1   -5 
  -5    2    5    4    2   -4   -3    2    0    5   -2    0   -2    3   -1   -2   -1    1   -5    4   -4   -3   -3    2    4    0   -4    2   -1    5 
   3    1   -2    2   -4    3   -5   -4    4   -2    5    3    5    3    5   -3   -1   -5    4    0   -4    5    2   -5    2   -2   -2    1    0    1 

LLL-reduced basis:
   3   -2    1   -1   -1    2    4   -1    1   -2    2    0    0    4    1    5   -1   -2    0    5    2   -4   -4    5   -2    0   -3   -1    2   -3 
   5   -1   -1   -3    4    5    2   -5    5   -1   -2    0    1   -3   -4   -2   -5    0    4    2    1    5   -4    3   -2    4   -2    1    3    2 
   1    2    0    4   -4   -4    0    2    4    4    0   -1   -1   -4   -3   -3   -2    1    5    1   -1    0    3    5    4   -3   -2    0    4    0 
  -4    2    1    5    5    1   -4    1   -3    1   -4   -2   -4    5    0    5   -3   -1    0   -4    5   -1   -1    3    3    2   -3    0   -1    0 
   3    0   -2    3   -4    0    2   -4   -2   -5   -5    0    4   -1    0   -4    1    0   -4    0    3    2    2   -2   -1    3   -1   -4    5   -1 
  -4   -3   -2    5    3   -3    5    1    3    1    0   -5    0   -4    1    0   -3    1    2    2    3    1    0    0    3   -1   -1    3    4    4 
  -2    3    5    5   -5    4    5    0    5   -2    4    4    0   -5   -2   -2    5    0    1    0   -5   -3    1    4    4    2   -5   -4   -5   -5 
  -4   -5    1   -5    2   -2   -5   -2    4   -3   -4    2   -5    2   -3    4    1   -3   -2    1    2   -1   -5    5   -2    4    0    1    3    5 
  -2   -2    0    3   -5    5    0    2   -3    4   -1    1   -1   -2   -4   -2   -4    3    1   -5   -4    0   -1    4    4   -4    3   -5    1    2 
   0   -1   -3   -2   -5   -2    2    5   -4    0    3    1   -5    4    1   -5    3    0   -3    3    5   -3    1    5    3    4    0   -5    3    4 
  -5    5    1    2    0    4   -4    3   -3    4    4   -4    1   -3   -2    4   -2    0   -1    2    5   -1    4   -3   -1    5   -5   -1   -1    3 
   0   -1   -4   -8    3    0    4   -5    3   -6   -4   -6    3   -1    1   -1    8   -5   -4    4    0    0    4    0   -4   -1    1    2   -1   -2 
   1   -8   -6   -8    4    4   -3   -2   -2   -3    1   -1    3    3   -6    0    2    3    0    3    4    3   -2    0   -3    2   -3   -4    4    4 
  -3   -5   -6   -1    3    3   -2   -2   -1    4    2   -3    0   -5   -6   -5   -3    1    3   -3    4    3    4    1    3    2    3   -6    6    2 
   0   -3    0   -4    1   -1   -1    3    0    3    9    0   -2    1    2    3   -2   -2   -2    1    2   -1    1    5    0   -4   -3   -4    4    0 
  -3    2    7   -5   -6   -1    3    8   -2    2    5   -4   -1   -4    0    0    3   -4    1    5   -1   -4    2    4    2   -2   -2    3   -3   -1 
   4   -3    2   -8   -2    8    0    0   -6    7    4    1   -2   -2    1   -4   -4   -2   -1    0   -1    2   -1   -1   -4    1   -1   -1   -3    1 
   4    7    1    1    0   -1    4   -1    9    1   -5    1    4   -2    2    2    1   -2    4    3    0    2    0    2    0   -2    1    4    3    1 
   0   -5    2    4   -3   -2    6    1    0    2    1   -3   -1   -1   -2    2   -7   -1    1    2    1   -3   -1    4    2    2    4    0    1   -3 
   4   -2   -2    2    1   10    1   -6   -2    4    3   -1   -1    3   -1   -5    0    4    2   -3   -2    0    0    1    3    6   -2   -6    4    1 
   3    1   -3   -1   -2   -1   -3    3   -1    5    1    0   -5    5    5    0    0   -1    4   -1   -1    2   -2    7    5    2   -7   -3    1   -4 
   4   -1    1   -2    3    1    1    2   -3   -3   -2   -2    2   -2    2   -3    4    3    0    0   -5   -5    2   -1   -2   -9   -1    0   -6   -2 
  -6   -3    1   -1    3    8    3    0   -2   -3   -1   -8    3    3    0    3   -5    1    3   -3    1    4   -2   -2   -2   -3    0    0   -4   -2 
   5   -1   -2    1    8   -1    5    2    3    0    0   -1   -2    9    4   -3   -1    4    5    5    0   -2    1   -3    3    2   -5   -2   -1   -2 
  -3    2    0    3    2   -5   -2    2    4    1    2    3   -5   -4   -3   -2    3    0    0    3   -3    3   -1   -5    0    7   -3   -1   -3    2 
   2   -1   -5    0   -4   -3    0    0   -1   -2   -4    2    2    0   -4   -2    0   -5    7    0    1    2    0    3    0    0    0    2    5   -3 
   4   -7    1    0    4    5    5    1   -2   -1    2   -2    4    1   -3   -2   -3    6    3    1   -4   -2   -4    0   -2   -2   -2    4    3    0 
   5    1   -3   -3    0    6    5   -4    3   -4   -1    1    2   -3    1   -4    3   -1   -7    1    3   -2   -2   -1   -3    0   -3    1   -1    3 
  -1    0    2   -4    0    2    3   -5    2   -2   -3    1   -2   -1   -1    4   -2    3   -1   -5   -7   -5    0    2   -2    2    4   -5    1   -4 
  -2   -3   -5    0   11   -1   -1    6   -1    0   -1   -5   -7    3    1   -3    1   -1    2    0    2    7    6    1    5   -2    0    3   -2    0 


Matrix #6
Min norm before hte reduction:   14.1774
Min norm after the reduction: 12.0416

Basis matrix:
   3    1    0    2    1   -1   -2   -2    4   -1   -2    4   -3    3   -5   -3   -2   -4    3   -1   -4    1    3   -1    0   -1    4    3    2    1 
  -3    0   -5   -4   -4   -2    4   -5   -5   -5   -5   -1    0    2    0    1   -4   -5    3   -5    5    4   -4   -3   -2   -4    3    1   -5    3 
   3    0   -5    5   -5    3    2    5   -3    5   -1   -2    0   -1    1    1    3   -2    2    1   -2   -5    5    1    5    1   -4    5    4   -1 
   5   -1    0    3    0    3   -4    4    2    1    5    2    2    1   -1    3    1    5    3    2   -5   -1    5   -2   -3    4   -1    0    3    5 
  -3    0    4   -2    2    2    4   -4    5    0   -3    2   -1   -4   -3   -3    1    0    3   -1   -1    2   -2    3    2    0    5   -4   -3    2 
   1    1    4    4    5    0   -4    0    2    3    1    3   -5    5    3    4   -5   -5    5    0    5    4    3   -3    4   -4    1    2   -2    1 
  -2   -4    3    4   -5    4    4   -1    4   -1    2    5   -5   -5    0   -1    0    1    3   -2   -1    1   -3   -4   -2    2    5    0    0    2 
   0   -2    4   -3   -2   -1    0    1    5    3   -2    0   -2    2    3    1    2   -2   -4    3    5   -1    1    5    0   -1   -3    0    1    5 
  -4   -1    2    5   -2   -2    4    5    3    3   -5   -3    1    4    3    5    1    1    1    0    3   -4    3    1    4   -2   -3    5   -3   -2 
  -4    5    5    4    0   -4    5   -1   -2   -1    4   -3   -4    1    0   -1   -4   -3   -5    2    3    3   -2    2    4   -4   -1    3    4   -2 
  -5    2   -2    1    5    5   -5    4    1    3    2    0   -4   -5    5    4   -4   -1   -3   -4   -2    4   -1   -4   -4   -3    2    4    0    2 
  -4    4   -5   -1    5    5    5    0   -5    2    5    3    0   -3    4   -3   -1    3   -1    3    4    4   -4    1    3    0    1    3   -2   -3 
  -1   -3    5    0    0    5   -1    0   -2    4   -2    4    0    0    5    1   -3   -1    1   -4    0    4    4    3   -3    3    5   -3    4   -3 
   1    1    3    2   -2   -5    2   -2   -4    5    0    5    5    5    4   -3   -1   -1    5   -2   -1    4   -1   -3    0    3    2    5   -1   -4 
   4    0    2   -4   -2    2    3    3   -3    2    4    0   -4    1    3    0    5    0   -4   -4    4   -3   -1    2   -3    3    5   -3   -2   -2 
  -1    0    5   -1   -2    0   -2   -2   -3   -3   -5   -3    4    0    1   -2   -2    0    2    3    4   -2    1    0    1    1    3    4    5   -2 
   0   -3   -1    5   -2    3    1    5    2    0   -2   -5    4    4    2   -4    2    2   -5   -2   -3    0    0    0   -2    3   -3    5    2   -1 
   5   -4   -4    4    2   -4   -4    0    2   -2    5    2    3    0    5   -1    3    5    1    5   -4   -4    5    4   -3    4    4   -1   -5    3 
   4   -4    1    3    0    3    2    2   -3    2   -3   -4    2    0   -3    1   -3    4    4    0   -4   -5   -2   -4    1    2   -4   -5   -4    4 
  -5   -1    3   -4   -3    2    0    5   -4    5    0    2    1    0    2   -2   -4    1   -4    5    0   -4   -5   -1    2   -2    2    1    1    5 
   3   -2   -4    3    1    2   -4   -1   -4   -4   -4    5   -1   -4   -4    5   -1    3   -4   -4    2    2    3    5    5   -3   -2    4   -3    3 
   4   -3   -1   -4    1   -5   -5   -1    0   -3    1   -2   -4    1   -1    3    2   -4    4    4   -3   -4    2    0    4    2    5   -3   -5    1 
   1   -2   -1    2   -2    1   -4   -1   -2    4    0   -1   -4    5   -4   -5   -5   -3    4   -4    4   -1   -2   -1   -5    5    1   -5   -2    1 
   5   -2   -4    5    1    1    3    1   -3   -1    2    5    0   -4   -5   -3    3   -3   -4    5    5   -3    2    3   -3   -4    0   -3    2    5 
   2    3   -4    4   -5    1    5    5    4    0    5    1    0    1   -2    3   -1    4    3    4   -2    3    1    4   -1    5   -4    0    4   -4 
   4    5   -5    0    0   -1    5   -5    2   -2    5    0   -3    5    0    0   -1    1    3    3    4   -3   -5    0   -1   -2   -4   -5    1   -2 
  -5    3    3   -4    3   -4    2    0    0    4   -1   -5   -3   -2    0    4    3    3    5   -3   -3    5    5    2   -2    4    0   -4    1    5 
  -3   -1   -5    2   -3    1   -2    0    4    5    1   -1    3    0    1   -2   -5   -1    4   -5    2    2    2    3    4    5    0   -2    0    2 
  -4    0   -1    2    3   -5   -5    3    0   -3    0   -4   -1    0    2   -5   -2    1    3    1   -2   -2   -1   -2   -1    0   -5   -2   -1    0 
   2   -4    2   -5    0   -1    2   -5    2    3   -2   -2   -5    3   -2   -3    4   -1   -2   -3    4    2   -5   -5    1    3    3    5    1   -1 

LLL-reduced basis:
   0    2    2    2    0    4   -4    1    0    0   -2   -2    1   -6    3    0    3   -1    0    2    0    1    3    0    0    2    1    2    3   -2 
   3    1    0    2    1   -1   -2   -2    4   -1   -2    4   -3    3   -5   -3   -2   -4    3   -1   -4    1    3   -1    0   -1    4    3    2    1 
   5   -1    0    3    0    3   -4    4    2    1    5    2    2    1   -1    3    1    5    3    2   -5   -1    5   -2   -3    4   -1    0    3    5 
  -3    0    4   -2    2    2    4   -4    5    0   -3    2   -1   -4   -3   -3    1    0    3   -1   -1    2   -2    3    2    0    5   -4   -3    2 
   2   -1   -5   -1   -4    1    0   -1   -3   -4    0    1    2    3   -1    4   -3    0    6   -3    0    3    1   -5   -5    0    2    1   -2    8 
   0    0   -1    3   -3    5    6    1    2    5   -4    0   -1   -5   -2   -2    4   -2    5    0   -3   -3    3    4    7    1    1    1    1    1 
   1   -4   -1    6   -7    2    0    3   -1   -1    5    3   -4   -1    3    2   -1    1    0   -1    0   -1   -1   -7   -4    2    0    4    3    0 
  -1    0    5   -1   -2    0   -2   -2   -3   -3   -5   -3    4    0    1   -2   -2    0    2    3    4   -2    1    0    1    1    3    4    5   -2 
   0   -2    4   -3   -2   -1    0    1    5    3   -2    0   -2    2    3    1    2   -2   -4    3    5   -1    1    5    0   -1   -3    0    1    5 
  -7   -1    7    0    3   -5    2    0    6   -2   -4   -1    1    5    2    4   -2    3   -1   -1    5    1   -2    0   -1   -3    1    0   -7   -1 
   5   -1   -5    0    1    2    0    1   -8    6    9    2   -4    3    3    3   -4   -3    3    0    4    1   -1   -2    5   -2   -5   -3    0    3 
   1    4    5    7    0   -1    1    3    0    0    9   -1   -2    2   -1    2   -3    2   -2    4   -2    2    3    0    1    0   -2    3    7    3 
  -4    4   -5   -1    5    5    5    0   -5    2    5    3    0   -3    4   -3   -1    3   -1    3    4    4   -4    1    3    0    1    3   -2   -3 
  -6    0    1   -2    3    1   -3    1   -2    0   -1   -1   -1    1    3    2   -9    0   -1   -3    2    1   -3   -4   -3   -4    4    6    2    2 
   2   -4   -2    3    1    7    5    2   -1    6    4   -1   -1    3    2   -4   -1   -1    1   -3    0    3   -3    1    5    1   -3   -2   -1    4 
   4   -4    1    3    0    3    2    2   -3    2   -3   -4    2    0   -3    1   -3    4    4    0   -4   -5   -2   -4    1    2   -4   -5   -4    4 
   0    0    7   -2    3    4   -1   -1    0    4   -8    8   -2   -1    2    1   -6    1    2    4    1    0    5    3   -4    2    6    0    2    0 
  -1    3    2   -5    0   -1    5    0   -2    2   -8    0    1    3    0    1   -8   -6    6    0   -1    1   -1    4    1   -1   -4    2   -1    3 
  -2    0    1    0    4   -1    1    0    9    2   -5   -5   -3    4   -6   -2   -5    2   -4    2    3    0   -3    5    3   -4    2   -2    0    0 
   2    5   -6   -2   -1   -7    0    0   -1    7    2    1    1   -2   -2    0    1    3   -4    2   -3    1   -3    2   -2    1   -1   -2    0   -6 
   1   -1    2   -2   -6    1    3    4   -2    5    1    3    2   -1   -1   -4    5    1   -3    8   -2   -5   -2    3    5    2   -2   -5   -1    3 
   4    0    2   -4   -2    2    3    3   -3    2    4    0   -4    1    3    0    5    0   -4   -4    4   -3   -1    2   -3    3    5   -3   -2   -2 
   4   -6   -2    1   -1   -2   -4    4    2   -3   -1   -7    0    5    1   -1    4   -2   -1    2   -6   -4    2    0    2    5    2    2   -3    0 
   2   -3    3    6   -1    1    0   -5    2    4   -2    1    1   -6    6   -4    1   -3    1   -3    3    1    2    6    0   -2    0   -6   -1    3 
   1    4   -2    0    3   -4    1    1   -4    2    5    3    0    2   -9    0    0   -4    0    4    6    5   -2   -1    3   -3    7    0    5   -6 
   7    1   -1   -1    5    1   -4   -6    0   -1    5    1   -1    5    1    0    1    2    3    1    1   -7   -1   -6   -3   -3   -1   -5    0    7 
   1   -2   -1    0    3   -8   -6    1   -3   -2   -8    2    1   -2   -4    0   -2    4    1    1   -4   -1   -4    4   -5    4    7   -4   -1   -4 
   4    0    1   -2   -3    5    5   -3    0    3    0    4    1    0   -2    5    2   -1   -3   -1    2    2    1    2    1    0    5    2    1    0 
   2    1    2   -3    1    0   -1    0    0   -2   -3   -4    2   -3    6    0   -2   -2   -5   -6    2    1   -1   -1    3    1    5   -1   -3   -4 
  -4    6   -2    1    3   -8    1   -6   -2    1    9    4    2    0   -2   -4   -1    2   -2    2    4    0    3    3    7    1    1   -2   -3    2 


Matrix #7
Min norm before hte reduction:   14.5602
Min norm after the reduction: 14.3527

Basis matrix:
  -1   -5    3    5    5   -3    5   -3    4    5   -2    0    1   -1    5   -1   -4   -5   -3   -5    0    4   -1    0    2    1   -2   -3   -4   -2 
   0   -5    5    3    5   -1    2   -3   -3   -4   -1   -2    0   -1    0   -1    4    2    0    1    2    2    4    1    2   -2    1    1    5    1 
  -4   -5   -4   -5   -2    2   -2   -2    0   -2    5   -2   -3    4    1    4    3   -1    5    1    4   -1    4    1   -5    2    3    2    5    0 
  -1   -2   -3    4    5   -2    5   -5    5   -3   -3    4    2   -2    1    5   -4   -2   -3    1    3    0   -1    5    0    5   -5   -2    3   -5 
   4    1   -1   -3    2    1    5    4    1   -5   -2   -5   -5   -3   -5    1    2    4    4   -2    1    1   -1   -1   -3   -2    2    4   -1    5 
  -2   -2    4   -1    1    0   -3    3   -4   -1    2    3    0    5    3    1   -1   -4    5   -1    2    2   -1    3    5   -2    5   -2   -1    4 
  -3    2   -3    5    0    2    1    1    5   -2   -3   -5    3    2    4   -3   -1    0   -3    0   -5   -1   -3    4    3    2    2    0    1   -4 
   4    2   -4    0   -4   -4   -4    5   -1   -4    4    3   -5   -4    0   -1    0    4   -5    4    2   -1   -2   -3   -1    5   -3    1    2    3 
   4    3    5    5    4   -1   -1    3   -3   -3   -5    0    0    2    0   -3    5   -5    4    3   -4    3    5    2   -3   -2   -1   -3   -2    1 
   2    0   -5   -3    0   -4   -2   -3    1    0    0   -3   -1    4    4   -1   -5   -5   -2    1    5    3    2    5    5   -4    4    5   -4    5 
  -5   -4   -2   -1   -4   -4    2    0    5   -2    4   -3    3    2    1    2   -2    3    1   -2    3    1    2   -2    3   -3   -5   -4    5    0 
  -5    3   -1    1    5    1   -1    3   -3   -2    2    0    5   -1    4    0   -3    3   -1    4   -4    3   -4   -5    1    1    2   -1   -4    3 
   3    5   -3    1    0   -3    4   -5   -4   -5   -1   -3   -4   -2    4    3    4    2    3   -3    2    0    4    4    2    5   -3    0   -4    3 
  -3   -5    3    2   -5    5   -3    3   -3    0    2   -4   -3   -2    5   -5   -2    3   -5    0    4   -5    2    2    2    4    1   -2   -1    1 
   1    0    1    0    4    2   -2    4   -1   -5   -5   -1    3    5    2    1    2    2   -1   -1    5    4   -4    2    4   -4    0    0   -1    3 
   2   -1   -5    3    0    4    3   -2    3    4   -3   -3    2    0    5    2   -2    2   -3   -2   -4    3   -3    3    2   -3    5    4    3   -5 
  -3   -4    1   -2   -3    0   -2   -2    2   -4    5   -3    2   -2    2   -1    1   -1    4   -3   -1   -4   -2    0    4    4   -2   -5   -2    3 
   1   -3    2   -4    5    3   -3   -4    4   -1   -5   -3   -3   -5    4   -3   -4    3    2    4   -5    3   -2   -5   -1    3    2    4    1    5 
   1    4    5   -5   -4   -5   -1   -4   -4    2    1   -2    0    4   -2    2    4    4    5    5   -4   -4   -4    0    4    3    1    4    4    0 
  -1   -4    4   -2    5    0    3    2    1   -5   -3    1    4    2    1    0    5    3    5    4    1    0    4    3    1   -4   -4    2    2   -2 
  -4    4   -1   -2    0    5   -3    3   -5    1    1   -5    1   -3   -5    5    4    3   -1    3   -1   -2   -1   -2    5   -2   -1    0    0   -2 
   4   -5    2   -5    5    5    2   -1   -5   -4   -1   -1    4    1    4   -2    5    0    1    3    1    4   -4    3    5   -1   -1    5   -1    5 
  -3    0    0    3   -5   -4    4    0    4   -4   -2    3    3    4   -2    0    2    1    0   -3   -1    3    2   -5   -2   -4   -3   -2    5    4 
  -2    4   -3    3   -5    1    5   -1    4    3    5    0   -1    2    5   -1   -5    4   -4   -1    5   -4    3   -2   -3   -3   -2    1    0    3 
   5   -2   -5   -5    1    5    5   -1    3   -5    1   -1    2   -2    4   -2    3    2   -5   -5    2   -5   -3   -1    1    2    2    2   -3   -4 
   4    0    3   -1   -2    4   -3   -4    0   -3    0   -5   -2    2    3   -4    3    5   -3   -1    3    5    1    0    1    3    2   -4   -4   -3 
  -2    4   -1    0    3   -1   -1   -3    1    2    3   -2   -4   -5   -2    3   -2   -5    5    3    4   -4    3   -1    5    3   -5    2   -2   -2 
   3   -5    1    0    2    1    0    2    0   -2   -4   -3   -4    1   -5    1   -1    1   -2    3   -4   -2   -4    1    4   -1   -3    0    1   -5 
   4    2    0   -4    1    2    0   -1   -2   -4   -3    5    0    2    0   -1   -5    5   -3    0   -3    3   -5   -1   -3   -3    4    5    5    4 
   4    1    4   -3    1    5   -4    3   -5    5    0    1    4   -1   -1   -2   -3    5   -1    2    1   -1   -2    0    1   -1   -5   -5    3   -1 

LLL-reduced basis:
   0   -5    5    3    5   -1    2   -3   -3   -4   -1   -2    0   -1    0   -1    4    2    0    1    2    2    4    1    2   -2    1    1    5    1 
  -1   -5    3    5    5   -3    5   -3    4    5   -2    0    1   -1    5   -1   -4   -5   -3   -5    0    4   -1    0    2    1   -2   -3   -4   -2 
  -4   -5   -4   -5   -2    2   -2   -2    0   -2    5   -2   -3    4    1    4    3   -1    5    1    4   -1    4    1   -5    2    3    2    5    0 
  -1   -2   -3    4    5   -2    5   -5    5   -3   -3    4    2   -2    1    5   -4   -2   -3    1    3    0   -1    5    0    5   -5   -2    3   -5 
   4    1   -1   -3    2    1    5    4    1   -5   -2   -5   -5   -3   -5    1    2    4    4   -2    1    1   -1   -1   -3   -2    2    4   -1    5 
  -2   -2    4   -1    1    0   -3    3   -4   -1    2    3    0    5    3    1   -1   -4    5   -1    2    2   -1    3    5   -2    5   -2   -1    4 
   3    2   -3    1    3    2    1    1    3   -4   -7   -4    3    0   -1    0    3    6   -6    0    3    2   -3   -1   -1   -2   -5    2    0   -1 
  -3    2   -3    5    0    2    1    1    5   -2   -3   -5    3    2    4   -3   -1    0   -3    0   -5   -1   -3    4    3    2    2    0    1   -4 
   4    2   -4    0   -4   -4   -4    5   -1   -4    4    3   -5   -4    0   -1    0    4   -5    4    2   -1   -2   -3   -1    5   -3    1    2    3 
   5   -3   -2   -2    0    2    2   -3   -2    6    0    2   -1   -2    1    5   -1    2    0   -2    1    4    0   -1   -1   -5    3    4    2   -1 
   4    3    5    5    4   -1   -1    3   -3   -3   -5    0    0    2    0   -3    5   -5    4    3   -4    3    5    2   -3   -2   -1   -3   -2    1 
   2   -7   -1   -4   -3    2    0   -5    0    2    5   -1    1   -4    3    4    0    1    4   -5    0    0   -2   -1    3   -1    1   -1    0    2 
 -10   -1    0   -4    4    4   -2    0   -1   -6    1   -4    0    4    0    2   -1    0   -2    1   -1    0   -3   -1    0    3    1    0    4    1 
  -5   -4   -2   -1   -4   -4    2    0    5   -2    4   -3    3    2    1    2   -2    3    1   -2    3    1    2   -2    3   -3   -5   -4    5    0 
   1   -1   -5    0   -1   -1   -1    1   -2    2    6    2    2   -1    5    2    1    2    6    4    1    2    3   -3   -4    0    4    1   -3    2 
  -1    1   -1   -5    0    1    1    5    4   -1   -2    3    4    3    1    1    1    1    5    3   -1   -2    0    2   -1   -2   -5    1   -3   -3 
  -3    2   -4    0   -5   -3    3   -2    0    2    6   -3   -1    0   -1   -5   -4   -3   -6    3   -2    1    0   -3    0    5   -3    0    3    2 
   0   -1    8    1    1    6    2   -3   -6    0   -5    4    3   -5   -4    1   -4    3   -2    1    6   -6    3    5    3   -1   -4   -4   -2   -1 
  -6   -1   -3    3   -6   -1    3   -2    4    5    2    1    0   -2   -3    2    4   -2   -2   -4    3   -4    0   -4    1    4   -1    0   -3   -1 
   5   -3    0    5    3   -5    2    1   -6   -5    0    3    3   -3    2   -1   -4    0   -1    1    0    6    4    0   -2   -1   -5   -2    3   -4 
   0    2    0   -2    0    0  -11    4   -4    0    1    2   -4   -2   -1    1    2   -2   -1    5    3   -5    4    0   -1    4   -2   -2   -2    3 
   1   -1    5   -4    5    0    4   -2   -3    0    4   -2   -1   -2   -2   -3   -2   -1    4    0    2   -1   -3    2    1    3    0    0   -6   -2 
  -4   -2    4    4    0    1    6   -6   -1   -5   -5    3   -1   -4   -3    3   -1   -2   -1   -1    5   -5    5    5    2    0    1    1   -5    0 
  -5    2    4   -1    0   -1   -3   -4    0    3   -1    1    1    1   -2   -4    2    0    4   11   -1    1    6   -6   -2    2   -3    1    2   -3 
  -4   -5    1    2    4   -1   -2   -7    0   -3    6   -6   -3    0    6   -4   -2   -4   -6   -7    1   -4    2    0    2    3   -1    2    4    1 
   3    0    3    3    4   -2   -1    2   -2   -2   -1   -1    1    0    0   -3    1   -4   -1    5   -2    1    1   -4   -1    6    2    5   -3    2 
  -2   -5   -3   -3    0    5   -5   -1   -3    5   -2    4   -1    2   -4    6    1    0    3    4   -2   -5    0   -4   -2   -1    5    3   -4    0 
   2    6   -2    4  -10    2   -1    6   -3    3    3   -4   -1    1   -1   -4    2    2   -4    4   -1   -5   -5   -1   -1   -3   -2    0    4    5 
   2   -3    3   -5    2    1    5    3   -1   -5   -2   -1    0    0    0   -1    5   -1    0    4    7   -5   -1    1    1   -4    3   -1   -7    5 
  -4    3   -6   -1   -1   -5   -2    0   -6    1   -1   -3    2    3    5    3   -2    3    0    2    2    2   -2    1    2    2   -1   -1    1    6 


Matrix #8
Min norm before hte reduction:   13.7477
Min norm after the reduction: 13.7477

Basis matrix:
  -5    5   -2   -5   -2    0   -2   -4    4   -2   -1   -3    5   -3    3   -2    1   -2   -3   -5    1   -3    3   -2    2   -2   -2   -4    4    1 
  -1    3    4    4    0    5   -5   -5    0   -1    2    3    1    5   -3    3   -1   -5    3    5   -4   -1    5    1    5   -4   -5    1    4   -2 
  -2   -1   -5    5    2   -1   -2   -5   -4    2   -4    2    1   -2    4    0   -4    3    4    2   -4   -2   -5    5    4   -3   -4   -4    5    4 
  -4    5   -4   -1   -1    3   -2   -3   -3    3    1    5    3    3   -3    2    4    5    2   -1    5    3   -1   -5   -2    4    0   -5    3    1 
   0   -1   -1   -3   -2    1    3    2   -2    1    0   -5    4    5    3   -4    5    2    2    3   -3    1    3    3    2    1   -5   -4   -1    3 
  -4    5    2    4    3   -3   -4   -4   -3   -1   -3   -2    2    0    3    3    3   -3    5   -3    2    0    4    4   -3   -3   -2   -5    5    0 
   3   -4    0    5    5    3   -1    3    0    3   -5    3   -2   -4   -5   -3    4    3   -1   -5   -4   -2   -5    2    3    0    4    5    4    1 
   4    0    1   -4   -1   -1   -1   -5    4   -5    1    3   -2    3   -2    2    0    1    0   -1    0    3   -2    5   -1    2    0   -1    1    3 
   2    2   -1    2    1   -4    2    5   -4    0    5   -5   -1    2   -3   -4    4    4    4    1    1    0   -4    3   -4   -1   -5    1    2   -3 
   0    3   -3    5   -4    4    0    5   -4    1   -4   -1    3   -3   -2    0   -5    4   -5   -5    3    3    4    2    5   -2    3    1    4    4 
   0    4    5    2   -1   -5    5   -3   -4   -2   -1   -3    4   -2    2    4    5    3   -5   -5    4    1   -4    1    5   -5    0    5   -4    3 
   1    4   -1   -2   -5    2   -4    1    5   -4   -4    0   -3    4   -3   -4    4    2    0   -2    0    3    5   -3   -4    3    2    3    3   -3 
  -3    1   -5    4    5   -3   -5   -5    0    1   -1    0   -1   -2   -2    3    2   -2    1    5    5    5   -4   -4   -4   -5    2   -5    0   -4 
  -3    5    1   -4   -4    2    1    0    2    5    1   -5   -3   -2    4    0   -1    5    4   -1    3   -2    3    0   -2   -2   -1    5    5   -1 
   1   -5    4   -5    1   -3    0    0    5   -2    2    1    4   -3   -2   -5    3   -5    1   -4    5   -5   -2   -5   -1   -4    5    2   -2    2 
   3    4    5    5   -4    4    4    5    2   -5   -1    3    0   -4    3   -5    4   -4   -1    4    1   -2   -2   -4    3    1    3   -1   -4   -1 
   2    1    2    2   -4    1    5    2    3    4    3   -4    3   -4    0    4    1   -1   -4   -1    3   -1    1    1   -4   -1    0   -5    2    1 
   5    2    2    3    5   -5    1   -1   -3    3   -5   -4    1    0    0    5   -4    0    4   -2   -1    3    5   -1    4    5   -2   -5   -1   -2 
   5   -5   -1    5   -5   -5   -4    1    5   -5    3    4    3    4    2   -5   -5    4   -5   -1   -5    2   -1   -2   -2    1   -5   -3   -1    3 
  -5    2   -2   -3   -5    1    0    2    0   -2    0   -2   -5   -3   -4    2    0    0   -2   -5   -2   -4    0    5   -2    3    3    4   -5    3 
  -1   -3    3   -1    4   -2    2   -5    2   -4    3   -4   -4    2   -1    1    3    3   -3    1    3   -4    4   -2    2    0    0    1   -5    0 
   0    4    1   -3   -1   -2    5    5   -1    1   -1    4   -1    0    4   -4   -4   -1    5   -4    5    5   -5    0   -3   -1    0    2   -1    3 
   5    3    0    5    0   -1   -5    5    5    1   -3   -3    0   -5    3    2   -5   -4   -2    5   -4   -4   -4    1   -1   -5   -3    4    2    5 
  -2    4   -4    2   -2   -5   -4    1    0   -4    0    1   -2    3    1   -2   -2    5    0   -3    4   -2    5    4    1    4   -5    5   -3   -5 
  -2    5   -5    0    2   -3   -2    3    4   -3   -2    5    3   -2    4   -1   -1   -4    0    4    3   -4   -2    0   -3    3   -3   -3   -1   -1 
   1   -2    2   -2   -5   -2    3   -2    4   -1    2    5    3   -5    5    3   -1    4   -1   -3   -4   -1   -1   -2    0    3    0    4   -4    2 
  -2    4   -2   -5   -3    1    4    0   -3    1    4    2    1   -1    1   -4    2   -4   -3   -2    5   -5   -5    4   -3   -4    4   -1    1    4 
   2   -4   -1    1   -3   -3    2   -2    3    4    5    4   -3    2    5    0   -5   -3   -3   -3   -3   -4    2    3    0   -2    0   -5    4    3 
  -4   -5    1    4    2    3    2   -5    3    0   -2    5    4    3   -4    2   -2    0   -5   -1    3   -2   -3    4   -3    3   -3    5    0   -5 
   3   -2    4    1    1   -2    4   -3   -5    0    2    2   -1   -2   -2    0    0   -1    4   -1    0    4    1    2   -3    4    1   -5    5   -5 

LLL-reduced basis:
  -5    5   -2   -5   -2    0   -2   -4    4   -2   -1   -3    5   -3    3   -2    1   -2   -3   -5    1   -3    3   -2    2   -2   -2   -4    4    1 
  -1    3    4    4    0    5   -5   -5    0   -1    2    3    1    5   -3    3   -1   -5    3    5   -4   -1    5    1    5   -4   -5    1    4   -2 
  -2   -1   -5    5    2   -1   -2   -5   -4    2   -4    2    1   -2    4    0   -4    3    4    2   -4   -2   -5    5    4   -3   -4   -4    5    4 
  -4    5   -4   -1   -1    3   -2   -3   -3    3    1    5    3    3   -3    2    4    5    2   -1    5    3   -1   -5   -2    4    0   -5    3    1 
   0   -1   -1   -3   -2    1    3    2   -2    1    0   -5    4    5    3   -4    5    2    2    3   -3    1    3    3    2    1   -5   -4   -1    3 
  -4    5    2    4    3   -3   -4   -4   -3   -1   -3   -2    2    0    3    3    3   -3    5   -3    2    0    4    4   -3   -3   -2   -5    5    0 
   4    0    1   -4   -1   -1   -1   -5    4   -5    1    3   -2    3   -2    2    0    1    0   -1    0    3   -2    5   -1    2    0   -1    1    3 
   2    2   -1    2    1   -4    2    5   -4    0    5   -5   -1    2   -3   -4    4    4    4    1    1    0   -4    3   -4   -1   -5    1    2   -3 
   1    4   -1   -2   -5    2   -4    1    5   -4   -4    0   -3    4   -3   -4    4    2    0   -2    0    3    5   -3   -4    3    2    3    3   -3 
   3   -4    0    5    5    3   -1    3    0    3   -5    3   -2   -4   -5   -3    4    3   -1   -5   -4   -2   -5    2    3    0    4    5    4    1 
  -3    1   -5    4    5   -3   -5   -5    0    1   -1    0   -1   -2   -2    3    2   -2    1    5    5    5   -4   -4   -4   -5    2   -5    0   -4 
  -3    5    1   -4   -4    2    1    0    2    5    1   -5   -3   -2    4    0   -1    5    4   -1    3   -2    3    0   -2   -2   -1    5    5   -1 
   1   -5    4   -5    1   -3    0    0    5   -2    2    1    4   -3   -2   -5    3   -5    1   -4    5   -5   -2   -5   -1   -4    5    2   -2    2 
   2    1    2    2   -4    1    5    2    3    4    3   -4    3   -4    0    4    1   -1   -4   -1    3   -1    1    1   -4   -1    0   -5    2    1 
   0    5    0    1   -4   -2    6   -2    5   -1   -3   -2   -4    0    4   -3    0    6    2   -4    7    1    0    1   -5   -2   -2   -3    4    5 
   1   -2    2   -2   -5   -2    3   -2    4   -1    2    5    3   -5    5    3   -1    4   -1   -3   -4   -1   -1   -2    0    3    0    4   -4    2 
   0    3   -3    5   -4    4    0    5   -4    1   -4   -1    3   -3   -2    0   -5    4   -5   -5    3    3    4    2    5   -2    3    1    4    4 
   0    6   -2   -4   -6   -8   -3   -5   -2   -5   -5   -6   -1    2    4    1    2    0   -2   -2   -1   -4   -5    3   -5    3   -1   -1    3   -3 
   3   -3    6   -2   -6   -4    3    5    6    2   12   -3    2    0    5   -1   -6    4   -5   -2    2   -1    2   -4   -4   -1   -4    3   -4    1 
  -3    4    4  -11   -2    0    0   -6   -1    0    7   -2    5    6    1    0    5    3   -1    0    5    4   -3    0    0   -3    0   -2    6   -1 
  -5    3   -2    5   -1   -1    4   -1   -1    2   -3    0   -4   -2   -2   -1    3    2    3    1    2    8   -3   -6   -2    0    6    4   -6   -6 
   4    1    3    2   -5    0   -1    1    0    1    2    2    1    6   -6    5   -1    4   -3    4   -2    1    4   -9    1    3   -3   -1   -3   -2 
  -2    2    6    0    4   -1   -4   -3    4   -6    2   -3   -1    7    0   -2    3   -5    2    5   -4    0    3    0   -3    1    0   -3    1    0 
   6   -6    0    0    2    0   -4    3   -1   -2    1    7    1    0   -5   -1   -1   -3   -2    0   -6    1    2    6    1   -3    5   -1   -2    5 
  -6   -3    1    4    4    9   -4    2   -4    2    5    7   -2    2   -7    3   -4    3   -1    0    3   -3   -4   -2    3    1   -1    3    5    1 
   0    2    3   -5   -4    4   -1   -2   -1    1   -1   -4    0    0    3   -2    4    0    1   -8    4    7   11    6   -1    6    3    2    3    1 
   5   -6    0    7    0   -3   -7   -3    0   -2   -6   -3    4    5    1    1   -2    0    2    3   -2   -6    0    4    2   -1    5    0    3    2 
  -2    3   -3    7   -3    3   -5   -4    3   -1   -5    4   -1    0   -6   -3    2    0   -7    4   -2    1   -3    3    6   -3   -2    0    3    1 
  -1    3   -3   -3   -6    3    0    6   -2   -3    5    4    7   -1   -2   -3    9    2   -2   -4   -5    4    5   -2    2    4   -3    0    8    2 
   4    3    5   -5   -6    3    0   -1    5    5   -5    1   -5   -4    1   -3    2    4   -2   -8    1   -3   -5   -3    6    4    4    0    1   -1 


Matrix #9
Min norm before hte reduction:   14.7309
Min norm after the reduction: 15.2315

Basis matrix:
   5   -3   -1    4    1    3    5    3   -4   -2    0    1    1   -1    3   -5    2    1    3    5   -2    5    5   -1    2   -1   -3   -2   -2   -4 
  -2   -2    0    1    4    0   -3    5   -5    5    4   -1    5    4    2   -1   -4   -4    5   -1   -1   -1    5    2   -5    4    4   -1   -4    2 
   4    1    2    1    1    1   -1    1   -4    3    4   -5    1   -1    4   -2    2   -3    3    4    5    1    5   -3    0   -2    2   -5   -1   -3 
  -2    0   -1    2    2    2    3    1   -5    3    4   -2    2   -3   -5    1    1   -5   -1    5    4    2    3   -1    4    4   -4    5   -2    3 
   3    4   -4    2    1    5   -1    2    0    1   -2   -4   -3   -1   -4    5    1    1   -3    2    3   -1    2    1    4   -5   -4    3   -5   -5 
  -3    4    3    3   -3    1   -3   -4    0    1    3   -5    4    4   -2   -1    3    1   -5    0    3    4    5    0    1   -2   -1   -1    1    1 
   1    2    2   -1    4    3   -2    2   -1   -5    5    2   -5   -4    0   -3    5   -4   -3   -2    5   -2    0   -5   -3   -2   -2    5   -4    4 
  -1    3   -4   -4    5    4   -5   -1   -3   -3    5   -2   -2    0    2    1   -5   -3   -3    5   -1   -1   -5    2    1    1    1   -3   -1    3 
   5    0    0   -2    4   -4    3    4   -3    1    3   -2   -1    0   -4    1    5    4    5    3    0    2   -3    2    3   -5   -4   -3    5    3 
  -2    5    0   -2    5    3    1    3    4    3   -5   -4    3    0    2   -2    1    5   -1    3   -2   -5   -1   -3   -3    0    1   -3   -1    2 
  -3    0   -3   -5   -3   -3    2    4    3    3    3   -5    2   -2    3    5   -5    2   -2   -2   -1    5    3    2   -3    3   -1   -3   -1    0 
  -1    1    4    5    1    5    2   -3   -2    2   -5    5    3    0    0   -5    3    5    1   -2    1    1   -5    5   -2    0    4    2    3    5 
  -2   -1    2   -3    0   -1   -5   -1    2    3    5   -2    1   -4    1   -4   -4   -1   -5   -4   -4   -4   -5    2    3    2   -2    5    4    2 
   3   -4    0   -4   -5    1    0    3   -5   -1   -1    5   -5    4    3   -2   -4    2    2    4   -1    3    2   -3    3   -5    1    1    4   -4 
   2   -2    5    2    1   -1   -3    3   -2   -4   -3   -1   -5    0   -1    0   -3    5    1    5   -1    2    0   -1   -4   -4    2    1   -4   -4 
   3    0   -5   -5   -5   -5   -5    5    2   -4   -3    5    2   -4   -3    0   -4    4    4   -1    4    4    2    5    1    5   -5   -1    4   -4 
  -1   -3    3   -1    1   -4    2    1    3   -3    1    2   -3    0    3    3   -5    5    3    0   -2   -3    0    5   -3    0   -5    2    1    2 
   3   -3   -1    0   -1    0   -3   -1    5    5   -2    2    4   -3    5    4    0    0   -2   -5   -2    3    1    3   -5    3   -4   -1    0   -2 
   5   -4    4   -3   -2   -1    2   -1   -4    3    0    3   -4   -4    5   -4   -4   -5    0    2    4   -3   -3    4    2    3   -1    5   -3    3 
  -1   -3   -2   -2   -2    3    2    5   -5    5    1    4    4   -5   -2    1   -4   -1   -3    4    4   -1   -2    2   -5    4   -3    2   -1    1 
   2    3    4    3    1   -2    0    2    1    2    0    4    2    3    4   -2   -3    4   -3   -2   -5   -1    4    1    1    2   -4    3   -2   -1 
  -3   -5   -4   -5   -4   -2    5    2   -4   -2   -2    5    5   -5   -1    0    4    0   -5   -4   -5    0    3    4   -4    0   -1    1    3    3 
   3   -2    4    2    4    1    0    5    5   -5    5    4   -4   -1   -5   -3   -4   -4   -2    1    1    5   -1    1   -1    1    2    0    2   -3 
   4    2   -4   -3    3    2    5   -2    1   -2   -1   -1    4   -1    2   -4    2   -3   -5   -2    5    3    1   -2    3   -2    5    3   -5    2 
  -2   -3    1    2    2   -4    3    0    3   -2   -1    1   -4    4   -3    1    4    5    5   -4    5    3   -2    2   -1    3    0    3    3    2 
   0    5   -2    1    3   -2   -1   -4    2    1    4   -5   -1    4    0    0    1    2   -5   -2    3    0    5   -2    2    3    4    5    1   -3 
   2   -4    1    5    1   -2   -2    0    0   -3    1    3   -3    2    0    3    3   -4   -4   -5   -1    1   -4    5    4    3   -4   -4    3   -3 
   0    4   -2    5   -5   -5   -4    3   -5   -5    5    5    1    0   -2    2    4    5   -5    3    1   -2    1   -2    0    2   -1   -3   -3    5 
  -2    4    2   -2    3   -4    0   -5    1   -5    5   -4    1   -1   -2   -1    4   -4    3    4   -3   -4    5   -5    4   -5    3    4    5    2 
   3    0    2    5   -4   -3    0    4    3    4    0    3    3    1    5    2    4   -3    5   -3   -5    1   -5    5   -5   -2    5    3    3   -5 

LLL-reduced basis:
   5   -3   -1    4    1    3    5    3   -4   -2    0    1    1   -1    3   -5    2    1    3    5   -2    5    5   -1    2   -1   -3   -2   -2   -4 
   4    1    2    1    1    1   -1    1   -4    3    4   -5    1   -1    4   -2    2   -3    3    4    5    1    5   -3    0   -2    2   -5   -1   -3 
  -2   -2    0    1    4    0   -3    5   -5    5    4   -1    5    4    2   -1   -4   -4    5   -1   -1   -1    5    2   -5    4    4   -1   -4    2 
  -2    0   -1    2    2    2    3    1   -5    3    4   -2    2   -3   -5    1    1   -5   -1    5    4    2    3   -1    4    4   -4    5   -2    3 
   3    4   -4    2    1    5   -1    2    0    1   -2   -4   -3   -1   -4    5    1    1   -3    2    3   -1    2    1    4   -5   -4    3   -5   -5 
  -3    4    3    3   -3    1   -3   -4    0    1    3   -5    4    4   -2   -1    3    1   -5    0    3    4    5    0    1   -2   -1   -1    1    1 
   1    2    2   -1    4    3   -2    2   -1   -5    5    2   -5   -4    0   -3    5   -4   -3   -2    5   -2    0   -5   -3   -2   -2    5   -4    4 
  -1    3   -4   -4    5    4   -5   -1   -3   -3    5   -2   -2    0    2    1   -5   -3   -3    5   -1   -1   -5    2    1    1    1   -3   -1    3 
   3    3    1    1   -1    2    0    6    0    0   -6    6    2   -1   -5    0    5    3    2    1   -1   -3   -1   -1    0   -8   -3    3    0   -3 
   7    1   -4   -3    4   -3   -1   -1    2   -1    3  -10   -8    3    2    5    0    7    1   -1    0    2   -3    5    3   -6   -1   -8    2   -2 
  -2    5    0   -2    5    3    1    3    4    3   -5   -4    3    0    2   -2    1    5   -1    3   -2   -5   -1   -3   -3    0    1   -3   -1    2 
   0    3   -2   -4   -4   -1    2   10    3    3   -3    1    4   -3   -2    5    0    5    0   -1   -2    2    2    1   -3   -5   -4    0   -1   -3 
   4   -2   -3    2    1    7   -4   -4   -3    0   -2    1   -5    0    1    0   -4    0   -5    2    5   -6   -5    3   -2    0    1    0   -3   -4 
  -1    4    0    2    3    7   -6    2   -1   -3   -1    2   -2    2    2   -1    1   -2    2    3    8   -2    0   -2   -3   -1    4    1   -4   -4 
  -2    0   -1    1    5    0    8    1    1    2   -2   -1   -1   -4    2    1    0    2    6   -3   -3    5   -2    4    3    5    3    3    0    6 
  -1    3    2   -3   -3   -1   -3    1    3   -2    1    0   -5   -2    0   -3    3    2   -4    3    0    1    6   -3    2   -3   -5    7   -2   -3 
  -3    6   -1    2    6    5   -5    6    1    3    3   -5    6   -1   -2    3   -1   -4    3   -4    2   -2   -4    1    4   -1    2    2    0    0 
   4   -7   -2   -1   -2    2    3    2   -8    1   -2    5    0    6    3    1   -7    0    6    1   -1    2   -4    0    1   -2    6   -6    6   -1 
   2   -2    5    2    1   -1   -3    3   -2   -4   -3   -1   -5    0   -1    0   -3    5    1    5   -1    2    0   -1   -4   -4    2    1   -4   -4 
  -1   -3    3   -1    1   -4    2    1    3   -3    1    2   -3    0    3    3   -5    5    3    0   -2   -3    0    5   -3    0   -5    2    1    2 
  -1   -1   -1   -1   -1    2   -5   -2   -2   -2    2    0   -1    5    1    4   -8  -10   -3    0    9   -4   -4    3    0    5    1    1   -6    1 
  -1   -3    5    4   -5    2   -2    5    3    2    0    2    4   -3    3   -5   -1   -1    3    2   -6    3    5    2   -4   -3    1    1    1   -7 
   9   -1    0   -4    4   -4    2    3    4    2   -1   -1   -4   -3    4   -1    3    5   -1   -3    4   -2    2   -4   -1   -6   -2   -2   -4   -3 
   4   -1    0    1   -2    2   -2    1   -3    0   -3    2    2    7    0   -8    3    2    1   -2    2    0    4    5   -3   -5    6    6   -2   -3 
   4    0    1    1    2   -5    2    6    0    6    0    2    0    2    3    1    0   -2    7    1   -5    5    2    0   -3    3    7   -6    0   -3 
  -5    3    5   -2   -2    0   -2   -7   -1   -6    2   -1   -3   -5    6    1    5   -7   -6   -1    4    0    3   -1    4    1   -2   -2    0    5 
  -3    2   -1   -1    0    3   -2    1    2   -3   -3    1   -7   -4   -2   -5    0    2   -2   -3    5   -3   -6   -4    0    0    5    5    2    6 
   3   -4   -5    0   -3   -2   -7   -3    7    2   -8    1   -3   -1    0    2   -3   -1    0   -2   -2   -4   -3   -3    3    2    0    0    4   -5 
   2    1    3   -6   -3    1    0   -2    1    0    0    1   -1   -3   -1    2    0   -5    0   -4    8    0   -3    0   -2    3    6   -2    3   -6 
   0   -2   -1    0   -1    2    0    4    0    2   -1    1    2    4   -1    4    2    6    0    1   -2    4    6    5   -2    0    7   -2   -5   -5 


Matrix #10
Min norm before hte reduction:   13.9642
Min norm after the reduction: 13.9642

Basis matrix:
   4   -3    3   -5   -4    5   -2   -4   -2    5   -1   -2    5   -5    5   -1   -5   -2   -5   -1   -2   -5   -2    3   -1    3   -5   -3    1    2 
   2    0    3    2   -5   -3   -2    4    2    5    0    3   -5   -1   -4    2    0   -2   -5   -1    2   -1   -4    5    3    2    5   -2    4    2 
   2    2    5    2   -4   -1   -4   -1    4   -5    0    1    3    1   -2   -2   -1   -5    1   -1    2    5    0    5   -4    0    4    4   -4    0 
  -4    3    3    4    0    3    0   -2   -2    1   -1    5    4    5    1   -5   -4    4   -2   -5   -1    0   -1    1   -1    4   -4    2    1    5 
  -5    4   -5   -2   -2   -2   -4   -5   -1   -4   -4   -2   -3   -3    5   -2   -5    4    0    1    3   -2    5    4    5   -2    4    3   -4   -5 
  -1    2    2   -5   -1    0    2   -4    4   -5    1    0   -3   -3   -3   -2    1    2    2   -2   -2    3   -4    1   -1   -2   -1   -1    1   -4 
   1    5   -5   -2    1   -3   -5   -4   -2    0   -5    3    2   -4   -4   -5    1   -4    4    4    2   -4    2   -1    0   -2    3    2   -5    0 
   0    0   -5   -3   -3    1   -3   -2   -4   -2   -5   -5   -3   -4    2   -5   -1   -4    0    0    0   -5   -4   -5    1    4   -4    1   -5   -1 
   5    2    4    5    3   -1    0    4   -1    0   -1    5    5    2   -1   -2    2    0   -4    4    2    2    4    0   -2    0   -5   -5   -3   -1 
  -5    1    2   -3   -1    0   -5    2    4   -3    5    5    4    2    3   -4    0    4   -4    2   -2    4    2   -2   -3    4   -5    3    1   -4 
  -2    5    2    3   -3    4    3   -2   -4   -1   -5   -1   -3    3   -3   -5   -2    0    3    3    2   -2   -5    1   -3    5    2   -1    4   -4 
  -5   -4    0   -4    4    1    3   -4    2   -5   -3   -2   -4   -3    5   -2    2    0    3    5   -1    1    0    5    3   -2    2    0   -3    1 
   4    5    0   -5   -3    5    5    1    0    1    3   -1    3    5    3    5   -4   -5    0    0    3    4    3   -3    3   -5    2    2    4    5 
   0    0    1   -2   -2   -5    1    3    3    2    0    1    1    3    3   -2   -1   -1    4   -3    0    5    5    4    4   -4   -5    2   -3   -5 
  -2    4   -2    1   -4   -2   -4    4    0   -2    3    1   -4   -1   -3   -2    2   -5   -5    3   -3    1   -1   -2   -5   -5    5   -1    2   -5 
   1   -2   -1    2   -1   -5    0   -3   -3   -5   -4   -1    3    0   -3    2   -3    0    0   -4   -4    4    1    5    2   -4   -1    0    0    2 
   1   -4   -3   -5    4   -1    4    4   -4    1    3    0   -5    5    2    4   -4   -4    0   -1    0    3    4    0   -3   -1   -2   -2   -4   -3 
  -4    0    3    2   -4    1   -2    4   -2    4    1   -5    3    2   -3    2    4   -3   -5   -2   -1    4    0   -1    0    4   -2    0    4    3 
   0    2   -1    4   -3    4    0    3    5    5    5   -1   -1    3    1   -3   -1   -1   -5   -3    1    0    4   -4    1   -2    0   -3    2    5 
  -1   -1    0   -4   -4    5    2    1    2    5    3   -5    5   -5   -2    0   -4    4   -1   -3    2    0   -4    1    5    2    3   -5   -1   -5 
   1    5    2    3    3    4   -3   -4    5   -4    0    2    3   -3   -4   -1    0    2   -4    1    1    4   -4    0    3    2   -5   -2   -5   -5 
  -5   -1    5    3   -5    0    3   -1    5    2    5    2    3    5    5    2   -4   -1    1   -4   -4    2    1    3    5    0   -5    0    4    1 
  -1   -2    1   -2    4    1    3    3   -1   -1    1    0    3    5    1    2    1    3    1    5    0    4   -1    4   -2    5    0    4   -2   -4 
  -4    5   -1    2    5    3   -3    2   -1    2    2    3    2   -1    5   -5   -3    0   -3   -2   -3   -2    4   -2   -5    3    5    5   -5    5 
   2    3    3    0   -5    2   -3    1   -2    2    1   -4    5    4    1   -5   -1    1    1   -2    3   -2   -5    0    3    0   -2   -2   -2    3 
  -3    4    2    0   -1    5    5   -3    5   -5    5    1    0    1    2    0   -5   -5    3    4    0    5    4    3   -3   -2    0    2   -3    0 
   5    0   -1    3    5   -5   -4    0   -1    1    4   -4   -3   -1    4    1    0   -5    0    5    1   -2    2   -3    5    1   -2   -1    1    2 
   2   -1    1    2    5   -4    5    3    5   -5    1   -3    1   -4    0   -4    5    3    2    1   -1    1   -5   -3   -5   -5    5   -2   -4   -2 
   3    5    4    3    4   -4   -3    5    2   -4   -3    1   -3   -5    1   -2    3    0   -2    4    1   -4    2    0   -3    1    1   -1   -3   -3 
   3   -3    3    3    4    0    0    4    4   -2   -5   -4   -5    3    0    1    5    4   -5   -4    0   -2   -5   -1   -4    0    5   -4    0   -2 

LLL-reduced basis:
  -1    2    2   -5   -1    0    2   -4    4   -5    1    0   -3   -3   -3   -2    1    2    2   -2   -2    3   -4    1   -1   -2   -1   -1    1   -4 
   4   -3    3   -5   -4    5   -2   -4   -2    5   -1   -2    5   -5    5   -1   -5   -2   -5   -1   -2   -5   -2    3   -1    3   -5   -3    1    2 
   2    0    3    2   -5   -3   -2    4    2    5    0    3   -5   -1   -4    2    0   -2   -5   -1    2   -1   -4    5    3    2    5   -2    4    2 
   2    2    5    2   -4   -1   -4   -1    4   -5    0    1    3    1   -2   -2   -1   -5    1   -1    2    5    0    5   -4    0    4    4   -4    0 
  -4    3    3    4    0    3    0   -2   -2    1   -1    5    4    5    1   -5   -4    4   -2   -5   -1    0   -1    1   -1    4   -4    2    1    5 
   1    5   -5   -2    1   -3   -5   -4   -2    0   -5    3    2   -4   -4   -5    1   -4    4    4    2   -4    2   -1    0   -2    3    2   -5    0 
   0    0   -5   -3   -3    1   -3   -2   -4   -2   -5   -5   -3   -4    2   -5   -1   -4    0    0    0   -5   -4   -5    1    4   -4    1   -5   -1 
   5    2    4    5    3   -1    0    4   -1    0   -1    5    5    2   -1   -2    2    0   -4    4    2    2    4    0   -2    0   -5   -5   -3   -1 
  -5    4   -5   -2   -2   -2   -4   -5   -1   -4   -4   -2   -3   -3    5   -2   -5    4    0    1    3   -2    5    4    5   -2    4    3   -4   -5 
  -5    1    2   -3   -1    0   -5    2    4   -3    5    5    4    2    3   -4    0    4   -4    2   -2    4    2   -2   -3    4   -5    3    1   -4 
  -2    5    2    3   -3    4    3   -2   -4   -1   -5   -1   -3    3   -3   -5   -2    0    3    3    2   -2   -5    1   -3    5    2   -1    4   -4 
  -5   -4    0   -4    4    1    3   -4    2   -5   -3   -2   -4   -3    5   -2    2    0    3    5   -1    1    0    5    3   -2    2    0   -3    1 
   0    0    1   -2   -2   -5    1    3    3    2    0    1    1    3    3   -2   -1   -1    4   -3    0    5    5    4    4   -4   -5    2   -3   -5 
  -2    4   -2    1   -4   -2   -4    4    0   -2    3    1   -4   -1   -3   -2    2   -5   -5    3   -3    1   -1   -2   -5   -5    5   -1    2   -5 
   1   -2   -1    2   -1   -5    0   -3   -3   -5   -4   -1    3    0   -3    2   -3    0    0   -4   -4    4    1    5    2   -4   -1    0    0    2 
   0    5   -5    0    2    2   -2    2    2    4    1    2    4    4   -2   -6    1   -2    0    6    3    0    5   -1   -1    1    3    3   -5    1 
  -2    6   -1    0   -2   -1   -2   -1    4   -1   -4    0   -2    3   -4   -6    1    2    3    3    4   -4   -2    2    2    3    0    4    1   -1 
   1    2   -1    2   -4   -1   -3   -3    1    1   -1    0   -3   -5   -1   -2   -1   -3   -1   -5    0   -4    1   -4    2   -5    0   -4    2    4 
   5   -5    2    0    4    2    6   -3    0   -4    1   -3    3   -3    1    6    2   -3   -3    1   -4   -1   -6    0    3    2   -7   -5   -7    4 
   2    0    3    0   -6    1   -1   -3    4   -7    6   -4    2    2    3   -1   -5    0   -8   -6   -2   -1   -2    3   -4    2   -7   -1   -5   -2 
   1    1    0    0   -2    4   -4   -4   -4    0   -3   -5   -1   -6    3   -5   -4   -8   -5    4    4   -4   -2    4   -3   -1    9    3   -1    4 
  -6    0   -6    1   -1   -5   -5    1   -4   -3   -5    4   -4   -1    4   -6   -2    0   -2   -1   -3   -3    3    2    3    3    4    1   -1    3 
   5    3    2    2   -3    1   -3    0   -2    3   -2   -4    1   -5   -4    0   -5   -6   -6   -6   -2   -1   -6    1   -2    2    1    3   -5    5 
   4    4   -3   -1   -2    3    9   -6   -1    1   -4   -1    4   -3    2    0   -7    3    2    0    1   -1    1    1    4   -1   -5   -3    3   -6 
   0   -7    0  -13    5    0   -5   -6    1    3   -2    1    6   -2    2    1    1    0    5   -3   -4   -2   -1   -2    1    0   -4    2    2    4 
  -2   -6   -6    3   10    1   -1    2    3   -2    5    0    4    0    0    7    5   -2    3    3   -6    4    3   -4    1   -1    4    1    0    2 
   4    5    0   -2    4    2   -4    1   -3   -6    5    3    7    2    2    1   -1    0   -3    5    2    1    7    1   -4    1   -2    1   -5    0 
   0    3    3    2   -5   -5   -4   -2   -1   -6   -1    6    3   -5   -5   -4   -2    0   -2   -4   -4    0   -9   -1   -1    1   -1   -4   -3    4 
  -2    2    3   -5    2   -6    4    2    1    0   -1    8    2   -2   -7   -3    5    3    2    2    3    0    1    3    4    1    0   -3   -2   -5 
   0    3    5    2   -6    2   -2    0    3    1   -3   -4    0    5    1   -2   -3   -1   -3   -2    2    4   -8    5   -3    5    1   -1    4    2 


Matrix #11
Min norm before hte reduction:   14.4222
Min norm after the reduction: 15.0000

Basis matrix:
   5    2   -5    1   -3    2    5    2   -2   -1    4    4    5    3    1    5    3    4    0   -2    2   -2    4    3    0    5    0    5   -5   -3 
   1   -2   -2    5   -4    5   -4   -4   -2   -4   -4    1   -2    2   -5    3    3    3    2    2   -1   -4    1   -2    1   -1    3    4   -2    5 
   5    1   -1   -5   -3    5   -5    2    5    5   -3   -1    3    0   -3   -4    2    4   -4    2    0   -5    0    5   -2    0    3   -4   -2   -2 
  -5    0    4   -1    4   -2    2   -3   -2    3   -5   -3    4    1   -3    3    4    0   -5    3    5    3    2   -4   -1    4    0    3   -5    1 
   0    5    2    3   -5   -4   -1    1   -2   -5   -4   -5    0    0    5   -3   -1   -5    1    1    1   -1    0    5    5    1   -4   -2    4   -2 
   5   -1   -4    5    0   -1    5    5    5   -2   -1    2    4   -2   -2    0   -4   -2    5    4    4    5    4    1    3    2    4   -2    4   -4 
   5   -3    1    0   -2    3   -2    4   -2   -1   -5    3    4   -2   -1   -5   -2    5   -3   -1    4   -2    5   -4    2   -3    4    3   -2   -5 
   4   -2    1   -5   -2    5    1    4   -3   -5   -2   -4    4   -5    2   -1    2   -5    4   -4   -4    1   -1    1    5   -2    3    0    0    0 
  -4   -1    0   -4    5   -4    5   -4   -3    4   -4   -3    2   -1   -5   -3   -4    0   -2   -3   -4    2   -1   -5   -1    2   -5   -2   -4   -4 
  -5   -4    1   -1    3   -4   -5    2    2    2   -1    0    1    3   -1   -4   -3    0    5    0    2    1   -3   -5    0   -2   -4   -2    5    2 
   0   -1    3    1   -4    5    0    1    4   -4    4    4   -1    2    3    2   -5    3   -5    0    4   -3    1   -1    5   -4    5    1    4    5 
   0    5   -3   -4    3   -2    4   -2   -4    4    1    5   -4   -5    2   -1    1    1    4    2   -3   -4   -5   -2   -5   -4    2   -3    1   -5 
  -2    0    2   -1   -4   -2    5    5    0    3   -4   -2    2    2    5   -2   -1   -2    4    1   -2   -3   -2    1    0   -2    0   -2    4   -4 
  -1   -3    3    0   -1   -2   -4   -4   -2   -4    0    1    2    0   -2    2    1    3   -1    2   -1    4   -3    5    1   -3   -5    1    4   -1 
   4    0   -5    3   -5   -5    3    1   -5    1   -5    1   -5    4    5    0    2   -2    3    0    3    0   -2   -1    5   -5    2    3   -4   -2 
   0    2    1    1    4    0    0    2   -3    5   -3   -3   -3    2    1   -3   -5   -3   -1   -4    2    5   -4    5    2   -2   -4    1    5   -3 
  -3    2   -2    0    0    5   -4    1    5   -2   -5    3    4    5   -5   -2   -1    4   -3    4   -1   -5    4    4    3    4    0    2    2    3 
   4   -4    4    4   -5   -2    4   -4   -5    0   -2    1   -4    1    0    5    2    1    2   -3   -1   -3   -1   -2    2   -5    5   -1    1   -1 
  -1   -4   -3   -4   -3   -4    2   -2    3    4    5   -3    3   -5   -4    3    5   -4    0   -3   -1    1    1    5    3    2    3    1   -4    5 
   0   -4    0    2    0    3   -2   -2   -4   -2   -1    5    5    2   -3   -1    4   -2    4   -1   -3   -3   -2    2   -4    4    2    0    2    4 
   1   -5   -2   -5   -2    3   -5   -1    3    0   -3    2    1    2    3    5   -4   -1    2    1    5   -4   -2   -1   -5    3    0   -5   -3    0 
  -1    3   -1   -4    5    0    2    0    1    0    4    4    3    0   -2    2    5   -4   -2   -3   -5    3    4   -3   -2    3    1    4    0   -5 
   3    4   -1    2    2    4    1   -5    3    4    1    3    2    2    5    0    2    0    5    5   -4    4    1   -5    2    5   -2    5    5   -2 
  -4    5    4   -2   -2    2    0   -3    3    5    1   -4   -3   -1    2   -4    4    4    3    1   -1   -1   -1    5    1    2    4   -1    0   -1 
   3   -1   -3    0    5   -3    5    3    3    3    1    1   -4   -3   -1   -3    4    0   -5    5    3    1    4    4    2    0    2   -4   -1   -4 
   1    5    3    3    3    5   -4    3    1    0    0   -4   -4   -1   -1    2   -4   -5   -4    2    5    1    2   -2   -2   -2   -4   -1    1    2 
  -1   -4    0    1    5   -2    0    4    2   -5   -2    2    1    1    5   -5    4    2    1   -4   -3    3    4    3   -2    0   -2    4    4    0 
   4   -4   -3    4   -4    0   -1   -4   -1   -3   -1    3   -1   -2    4    4    2    2    2   -3   -3    3    2    0   -1    1   -5    3   -3    1 
  -2    3    2    2   -5   -1   -3    5   -1   -5    5   -3    5    0   -3    4    3    4    1   -5   -5    0   -5    5   -4    0    2   -1   -4    4 
  -1   -2    1   -4    4    4   -3    2   -5    3    0    0    4   -2   -3   -4    3   -1    2   -2   -5    3   -5    1    3    0    4    0   -4    4 

LLL-reduced basis:
   0   -2   -4    0    0   -2    0    4    0    1    3    4    6    6    0    1    0    4    5   -2    4   -1    1   -2    0    3   -4    3    0   -1 
   5    4   -1    1   -3    4    5   -2   -2   -2    1    0   -1   -3    1    4    3    0   -5    0   -2   -1    3    5    0    2    4    2   -5   -2 
   1   -2   -2    5   -4    5   -4   -4   -2   -4   -4    1   -2    2   -5    3    3    3    2    2   -1   -4    1   -2    1   -1    3    4   -2    5 
   5    1   -1   -5   -3    5   -5    2    5    5   -3   -1    3    0   -3   -4    2    4   -4    2    0   -5    0    5   -2    0    3   -4   -2   -2 
  -5    0    4   -1    4   -2    2   -3   -2    3   -5   -3    4    1   -3    3    4    0   -5    3    5    3    2   -4   -1    4    0    3   -5    1 
   0    5    2    3   -5   -4   -1    1   -2   -5   -4   -5    0    0    5   -3   -1   -5    1    1    1   -1    0    5    5    1   -4   -2    4   -2 
   5   -1   -4    5    0   -1    5    5    5   -2   -1    2    4   -2   -2    0   -4   -2    5    4    4    5    4    1    3    2    4   -2    4   -4 
   5   -3    1    0   -2    3   -2    4   -2   -1   -5    3    4   -2   -1   -5   -2    5   -3   -1    4   -2    5   -4    2   -3    4    3   -2   -5 
   4   -2    1   -5   -2    5    1    4   -3   -5   -2   -4    4   -5    2   -1    2   -5    4   -4   -4    1   -1    1    5   -2    3    0    0    0 
  -4   -1    0   -4    5   -4    5   -4   -3    4   -4   -3    2   -1   -5   -3   -4    0   -2   -3   -4    2   -1   -5   -1    2   -5   -2   -4   -4 
  -4   -2    3   -3    1    1    5   -3    1    0    0    1    1    1   -2   -1   -9    3   -7   -3    0   -1    0   -6    4   -2    0   -1    0    1 
  -2    0    2   -1   -4   -2    5    5    0    3   -4   -2    2    2    5   -2   -1   -2    4    1   -2   -3   -2    1    0   -2    0   -2    4   -4 
   4    2    1    2   -2   -3   -1    4    1    2   -3    2    1    3    2    1    7   -1    4    2   -1   -3    2   10    0    2    2   -2    5   -4 
  -3    2   -2    0    0    5   -4    1    5   -2   -5    3    4    5   -5   -2   -1    4   -3    4   -1   -5    4    4    3    4    0    2    2    3 
   2   -4   -6    2   -2    0    0    3    4   -5    5   -6    2    2   -4    1   -3   -2    7   -6   -2   -4   -1   -3    3    1   -3   -3    0    4 
   1    2   -5    1    0    0    1    2    1   -2    5   -1    0   -1    0    6    6   -1    8    2    4   -7   -3   -4   -2   -1    4   -1    0    4 
   5   -2    2    7  -10    0    3   -2    1   -5   -4   -4   -1   -2   -3    0   -4    5   -7    2   -3   -6    2    5    1   -6    1   -2    1   -7 
  -3   -2    5   -1    1    4    8   -2   -6    0   -2    2    2    1    1   -2   -1    0   -4   -2   -1    4    7   -1    6    8   -3    2   -1    0 
  -3   -4    4   -1    3    2    1    2    4   -6    5    2    3   -3   -2   -4   -1   -1    1    0   -1    0    3   -3    2   -2    3   -2    0    2 
   2   -3    0   -1    4    5   -2    1    4    2   -2   -3    6   -3   -3    2    8    1    1    0    7   -1    0   -1   -2    0    1    0   -5    3 
  -2    3    1    3   -2   -3    3    0    1   -3   -5   -3    3   -6    3   -3   -3   -1   -3   -4   -1   -2    5    1    1    0    0   -2    0   -5 
  -4   -2    2    4    0    0    1    0    1    3    8    2   -2    3    0    4    0    1    1   -4    1    3    0    1   -4   -2    5    2    1    2 
  -3   -3   -8   -6    4   -2   -3    9    7    4    6   -1    3   -2    1   -2    7   -1    3    4    2    4    2    1   -3    3    2   -2   -1    2 
   4   -5   -1    4    0    5    8    1    3   -4    1    2    0   -5   -1   -1   -5    6   -2   -2   -6   -5    2    2    1    1    5    2    6   -3 
   1   -5    5   -2    2    3    6    2    0   -2    4    1    3    3    0    5    3   -3    5    2    1   11    1   -4   -4   -1    2    0    1    3 
  -4    1   -3    6   -2   -4    0   -6   -3   -2    2    2    0    1    2    3   -1    3    2   -1    1   -4   -5   -5    4    1   -4   -1   -3    8 
   5    2   -4   -3   -4    7    3   -5    5   -1   -6   -4    6    2   -1    1    1   -5    2    4   -1   -3   -1    3    4   -3    5   -4   -1    2 
  -4   -1    1    3   -3    2   -2   -5   -7   -9   -2   -2    4   -1    0   -5   -4   -6    1   -2   -1   -1   -4   -3    1    3   -4    0    1    6 
   2    5    2    2   -2    0   -4   -5   -7   -6   -1    3   -2   -1    1   -1    4   -4   -4    2   -2   -1   -2   -6    8   -1    1    3   -1    2 
  -3    3    1   -4   -3  -10    5   -2   -7    3   -2   -3   -2   -2    2   -2   -2   -2   -5   -4    1   -2    2   -3    0   -3   -4    2    0   -2 


Matrix #12
Min norm before hte reduction:   13.6748
Min norm after the reduction: 13.6748

Basis matrix:
   1    0    2    3    5    1    5   -1   -4    0    4    5    3    5   -4   -5   -3   -4   -2    1    1    4   -5    1   -4   -1   -1    5   -4    5 
   1    0    1    5    2   -2    2   -1    3    2   -1    1   -4    2    3   -2   -4    4    2   -1   -3   -3   -1    5    2    1    0    0   -2   -3 
  -5   -1    4   -4   -2    5   -2    2   -3    2   -4   -3    1    4    4    2    5    3    5    3   -5    0    2    0    1   -4   -4    2   -5   -1 
   4    3   -3   -1   -2   -5    5   -5   -4   -1   -2    5    5    2    5   -3    0   -3    4   -4   -1   -3   -5    0    0   -5   -2   -4    2    1 
   3   -4    2    4   -4    3    5    5   -3   -5    4   -4    0    4    4    0    3   -4   -5   -5   -2    5   -2   -5   -4    4   -3   -1    3    3 
  -3    2    2    2    1    5    0    2   -4    2    2    0   -1    2   -1   -3    4   -2    4    3   -3    0   -2   -5    0    2    1    4    4   -1 
   2   -1    5    2   -4   -2   -3    4    0    4    5    3   -3    1    4   -2   -1    0   -5   -5   -5    4   -1   -2    0    2    3    0    1    1 
  -5    2   -5    5   -1    4   -1    2    2   -3   -5   -5    2    1    0   -1   -4    2    3    2    0    1    1    1    1    5    3   -3   -5    5 
  -3    0    3    2   -3    4    4    0   -3    2   -2    5    5   -4    3    4    5    1   -4   -5   -1    1    3    3    0    1    1    5    3    5 
   4    1   -3   -2   -5    1    4   -4   -5    4    3    5    4   -4    3   -1   -1    0   -3    3    5   -3   -2    5    3    0    5    2   -4   -4 
  -2   -2    2    0    0    0    5   -5    4    4    3   -3    3    2    5   -1   -3   -4    4    5    5    1   -5    4   -5    2    0    5   -4   -3 
   5   -4   -2    2   -4   -4   -3    5    4   -4    2    3   -2   -3   -2   -1    4    4   -1    0    4   -1    4    2   -4    4   -2   -2    0    0 
   4    0   -1   -5   -5   -5   -2   -5    4   -5    3    0   -4   -4    4    4   -2   -5   -4    3    5    1   -4    2    0    2    4   -3    0    1 
   4   -2   -2    1    4    3    0    3    1   -5    3   -5   -2    1    4    4    5   -2   -2    2   -2   -2    3    4    5    3    2    0    1   -3 
   1    2    0   -1    4    2   -3   -4    5    5   -1    2   -3    3    5    2   -2   -5    1    4    5   -1   -5   -2    2    4    0    2   -3    1 
  -3    1    4    2   -4    4   -1    0   -4    1    3   -1    5   -4   -1   -1   -4   -2   -3   -2    5   -2   -4    4    1   -4    4   -3   -4   -4 
   3    2    5   -5   -4    0   -1    2    2    3    4    2   -5   -5   -2   -5   -3    1   -5    2    5    5    1    0   -2   -3   -4   -5   -5    0 
   1    4    1    2   -3   -5    5   -1   -2   -3   -1   -4   -1    1   -3   -5   -2    2   -5    2    4    1    3   -5    3   -1   -3   -4    2   -5 
   1   -2    4   -3    5    1    1    4   -2   -1   -2    1   -4    3   -4   -2    4    3    1   -4    5   -4    2    2    2    3   -4   -1    3    4 
   2    0    0   -1    5   -5   -4    0    4    0    0    3   -4    1   -3    4    5    2    0    3   -5    4   -1   -1    0   -4    0   -5   -2    2 
   5   -3    0    4    2    0    1    0   -2   -5    0    3   -2    0   -4   -5   -4   -1   -1    1   -5    4   -4    5    0    4   -3    2   -1    1 
   0   -4    1    3    0   -1   -4    3   -2    3    3    5    4    1   -2    2   -3    1    0    5   -4   -2   -4   -2    3   -3    5    2    3    2 
   0    0   -1   -2   -3    3    4   -3    4   -5    4   -4   -5    3   -4    2   -2   -5    0   -5    5   -5   -4    1   -3    1    2    3   -5    2 
  -1    5    0    3   -3   -2    2    0    3    2    2    1   -1   -4   -1   -2    4   -3   -4   -3    0    4    5    4   -5   -1    2   -4   -1    2 
   3    5    4   -5   -3   -2   -3    4    3   -3    5   -3   -3   -2    4   -4   -2   -5   -5    3   -2   -1    0   -3    3   -3   -1   -4    3    1 
   2    2   -4    1    3    5    0    3    2    2   -3    0   -4    1    1    4   -1   -4   -4   -3    3   -2    3    3   -4    5    0   -3   -1    3 
  -4   -4    0    0    5   -1    3   -3    3   -1   -4    4    5    3   -1   -1    4   -1   -3    4   -4   -5   -2    3    2   -3    4    0    4    4 
   4    4    4    2   -1   -1    0   -4   -2    0   -3    5    3   -5   -3    5    0   -1    5   -3   -2   -1   -4    4    2   -3   -5    5    5    0 
   1   -5   -3   -2    5    0   -5    4   -4    4   -2   -4    2    1   -1    4   -2   -4    5    4    2   -1   -1   -1    1    1    3   -3   -3    2 
   0   -1    2    5    5   -4    4   -3   -1   -5   -3   -5   -4   -5   -2   -1   -2   -5    2    3   -1   -4    4    0    1   -2    3    4    0    3 

LLL-reduced basis:
   1    0    1    5    2   -2    2   -1    3    2   -1    1   -4    2    3   -2   -4    4    2   -1   -3   -3   -1    5    2    1    0    0   -2   -3 
  -3    2    2    2    1    5    0    2   -4    2    2    0   -1    2   -1   -3    4   -2    4    3   -3    0   -2   -5    0    2    1    4    4   -1 
   1    0    2    3    5    1    5   -1   -4    0    4    5    3    5   -4   -5   -3   -4   -2    1    1    4   -5    1   -4   -1   -1    5   -4    5 
  -5   -1    4   -4   -2    5   -2    2   -3    2   -4   -3    1    4    4    2    5    3    5    3   -5    0    2    0    1   -4   -4    2   -5   -1 
   4    3   -3   -1   -2   -5    5   -5   -4   -1   -2    5    5    2    5   -3    0   -3    4   -4   -1   -3   -5    0    0   -5   -2   -4    2    1 
   2   -1    5    2   -4   -2   -3    4    0    4    5    3   -3    1    4   -2   -1    0   -5   -5   -5    4   -1   -2    0    2    3    0    1    1 
   2   -3   -2    7    2    3   10    0    0   -7   -2   -6   -1    5    3    0    0    0    2   -1    0   -2   -2    2   -2    3   -6   -1    0   -1 
  -5    2   -5    5   -1    4   -1    2    2   -3   -5   -5    2    1    0   -1   -4    2    3    2    0    1    1    1    1    5    3   -3   -5    5 
   1    2    1   -3   -4    0   -2   -3    0   -3    5    0   -5   -2    3    1    2   -7    0    6    2    1   -6   -3    0    4    5    1    4    0 
  -3    0    3    2   -3    4    4    0   -3    2   -2    5    5   -4    3    4    5    1   -4   -5   -1    1    3    3    0    1    1    5    3    5 
   4    1   -3   -2   -5    1    4   -4   -5    4    3    5    4   -4    3   -1   -1    0   -3    3    5   -3   -2    5    3    0    5    2   -4   -4 
  -3   -1   -4    1    0    1    2    0    4    5    1   -6    7   -5   -2    0    1   -2    3   -1    7   -1    3   -4   -4    4    1    1    7   -5 
   4   -2   -2    1    4    3    0    3    1   -5    3   -5   -2    1    4    4    5   -2   -2    2   -2   -2    3    4    5    3    2    0    1   -3 
  -6    3    2   -4   -6    2    1   -1    0   -1   -6    0    5   -3    2    1    2    2    2    3    3    3    3   -5    2    2   -1    0   -3    1 
   6   -2   -4    2   -1   -3    5   -1   -3    2   -3    0    1    1    5    6    1   -1   -2   -7   -4   -5    3    5    5    2   -2    2    9   -4 
  -1   -1    4    2   -2    2   -5    6    4   -4   -2   -4   -7    3    6    5    0   -1   -2   -2    2    0   -2   -3    1    3    2   -5    0    1 
   4   -1   -4   -2   -3    2    2   -4    2    4    1   -3    1   -1    7    2    4   -4    0    0    0    0    0   -5    1    6   -4    1    4   -2 
   3    2   -2    3    4    1    0   -6    2  -10   -1   -3   -3   -1   -3    2   -4   -7   -3   -2    3   -2   -6    0    2    0   -5   -7    1    3 
  -4   -1    3    2    0    4   -3    4   -2    1   -5   -6    2   -4   -5    2    4    0   -3    1    4    0    5    1    1    0   -2    2    8   -5 
   2    0   -3    5    6    0    9   -3    1   -4    5   -1   -5    1   -6    1   -2    4   -7    2    2   -2    4    4    0    1    0    3   -3    2 
   4    2   -5    4   -7    0    3   -4   -4   -3    5    1    3    3    5    2    4   -8   -2   -1   -1   -2   -2    2    0    5   -2    1    2    7 
   5   -1   -4    0   -6    1   -2    3   -5    3    3    0    5    4    0   -5   -4   -4   -5    0   -4    0    3   -3    1   -4   -4   -3   -4    3 
  -1   -4    2   -4    5   -6   -3   -5    3   -4    2    3    3    1   -2    3    2    0    0    0    2   -1   -3   -1   -4   -6    2    2   -3    0 
  -3    1   -4    2    4    5   -3    0    1   -1   -3   -3   -2    0    1    5   -2    4   -4    1   -4   -3   -2    4    4    6    6    6   -2    6 
  -2   -2    0    3   -3    2    2   -1   -7   -2    1    0    5    8    2   -4   -2   -3    1    3   -1    2   -1   -3   -4    1    1    0   -3    3 
  -2    0    4   -5   -1   -4    1    1   -3    5   -2    4    4   -3   -4    6    2    5   -8    2    1    4    5    0   -1   -3    2    1    2    0 
   1   -1    0    6    3    2    3   -5   -2    6    3    4    4   -2   -3   -7   -2    2    1    2    6   -3    0   -1    1   -3   -3    1    4   -1 
   0    1   -4    0    0   -2   -6   -2    5   -5   -4   -2    0   -4   -8    2   -1    2    0   -3   -2   -3    5    2    6    0    3   -6    6    5 
  -1   -5   -3    2   -3   -3    0   -1    2    1   -3   -1   -6   -5    0    0   -1    5   -7   -1    2    0    3    3    0    4    3    1   -1    4 
  -4    4    0    0   -2    2   -4    6   -4    2   -6   -2    0   -1   -5   -1   -3    4   11    6    4   -3    6   -5    5    1    2   -1   -2   -3 


Matrix #13
Min norm before hte reduction:   13.7840
Min norm after the reduction: 13.7840

Basis matrix:
  -1    4   -3   -5   -4    2   -1    2   -3    5   -1    3    0   -4    2   -4    5    4   -1   -2   -4    1   -2   -4    4    1   -2    2   -3    2 
  -4   -1    3    0    5   -1    2    3    0   -4   -1   -2    1   -4   -2    3    3   -2    2    4   -1   -4   -2   -2   -3   -2   -2   -5    2    4 
  -1   -1    0   -4    1    4   -4   -4    2    5    0    1    5   -2    4   -4    4   -2   -5   -2   -4    2    1   -3   -3    1    4    5    5    5 
  -4    0    3   -1    0   -2    3    4   -3    1   -1    1    2    3    1    3   -3    4   -2   -5    2    4    0    2    1    4    2    2    0    2 
   1    4   -1    5    2    0    0   -2    2   -5    1    2    4    2    0    5   -3    0   -2   -2    0    3   -4    3   -4   -5    0   -1   -5    3 
   3   -5    1    3   -2   -1    2    2   -2    2   -4    1    3    5    4   -3   -3   -3   -4    4    2    5    0   -5   -1   -1    5    5    4    5 
  -5   -5    5    4   -5   -3   -5    5    5    0    0    3    0    2   -3   -2   -4   -5    0    1   -3   -3    2   -4    5   -2    5    1    0   -5 
  -4    4    0    5   -1   -1   -2   -4    2    1   -4    0    0    1   -5   -5    4    4   -2   -1    1    5   -3    5   -2    5    4   -3    2    3 
  -3    4    4    1   -1    2    2   -5   -1   -5    0    0   -2   -4   -5    2   -4   -4    2    2   -2    3    2   -5   -5    3   -1    0    1   -2 
  -4   -3    0   -4    0    1    3    1   -1    0   -2   -2   -4    4    0    1    0    5   -3    4   -1    3   -4    3    0   -2   -4    3   -4    0 
   5   -2    0   -3   -3   -1    4   -4   -2    0    1    4    2    0   -3   -3    0   -5    4    2    2   -1    4   -5    5    3    4    0   -2    2 
  -3    3   -2   -5    4    3   -4    5    0   -2    3    5    5    2    4    3    4   -4   -4   -3    3    4    0   -4   -1    5   -4   -5   -1    3 
  -1   -2    2   -1    1    5    2    0   -4    1   -5    1    4   -5   -5    1   -4   -5    4   -2   -5   -4    4    1    4    0    0    3   -3   -4 
  -3    3   -2    1   -1    5    0   -4    3    1    4    5   -2   -2    2    5    4    3   -3    3    4    5   -3   -2   -1   -2   -5    2   -4   -4 
   5   -1   -3   -4   -5    3   -3   -2    5    5   -4    2    5   -3    3    1    0    0    5   -5    1   -2    2    0   -4   -3    4   -1   -2    2 
   0    3    5   -1    5    3    3    2   -4    4   -1   -1   -4   -2    4    3    5    4    2    4   -5    0   -2   -2    5    5    4   -1    0   -2 
  -3    4   -3   -5    2   -5    5   -5   -2    3   -2   -1    0    3   -3    2   -4    1    2    4   -2   -4    1    2    0    0   -1    0    4   -5 
  -1    0    0   -5   -5    4    1    1    2   -2    1   -1    2    1    0    5    4   -3    5    2    2    2   -1   -3   -1    2    2   -5   -5   -4 
  -1   -1    0   -3    5    1    5   -1   -5   -3    1   -3   -2   -4    5    2    0    0   -4   -5    5    0   -4    3   -3    5    2   -4    2    0 
   2    1    4   -5   -3    0   -5    3   -4   -5   -2    3   -1    2   -1    2    2    3    3    0    2   -3   -2   -5   -3    3    5    3   -5   -1 
  -1   -3   -3    0   -3   -3    0    2   -3    2    0   -2    4    0   -2    1    0    3   -4   -3    0   -1   -1    3   -4   -3   -3    4   -4    0 
  -3    4    0   -2    0    4   -2    0   -1   -4   -1   -4    5   -2    0   -3   -1    4    5    3    5    5    3   -2    0    2    3    1    1   -5 
  -1    2    4   -2    3    3   -4   -3    1    4   -2    0    2    5   -3   -1    4    3    5    5    5   -3    0    1   -1   -2   -5   -5   -4   -4 
  -4   -5   -2    2    5    2   -5   -2   -1   -2   -5    0    1    4    4    3   -3   -3   -3    0   -4   -2    1    4   -3    2   -3    3    0   -5 
   1   -2   -2    4    3    0   -1    0    4    1    1    2   -5   -4   -4   -3   -4    0    5   -4   -1    2   -2    2    5    5   -5    3    0    5 
  -2    5   -3    3   -5    1   -5    2    1   -2    4    2   -3   -2    4   -3   -2    2   -2   -2   -2   -4    0    1   -3    5   -3   -5    3   -1 
   2    3    4    1    5    5    4    0    2   -4   -4    5    3   -3   -1   -2    2    1   -3   -3   -2   -5   -4   -1   -1   -2    0   -3    0    4 
  -1    5    2    2    5   -3   -4   -5    4    2    1   -1    2    5   -1   -1   -3   -2    4    0   -3    3    0    2    2    5    1   -1   -5   -3 
   4   -1   -2   -4    1   -1   -4    5   -3    0    0   -4    5    1   -1   -2    3    1    1    3    0   -4    3    4    0    5    1    4   -2   -2 
   4   -1    2   -2   -2    3    3    1    3   -3    1    1    5    0   -5    5    0   -4   -2    4    1    4    5    0   -2    0   -4   -1   -4   -5 

LLL-reduced basis:
  -1    4   -3   -5   -4    2   -1    2   -3    5   -1    3    0   -4    2   -4    5    4   -1   -2   -4    1   -2   -4    4    1   -2    2   -3    2 
  -4   -1    3    0    5   -1    2    3    0   -4   -1   -2    1   -4   -2    3    3   -2    2    4   -1   -4   -2   -2   -3   -2   -2   -5    2    4 
  -4    0    3   -1    0   -2    3    4   -3    1   -1    1    2    3    1    3   -3    4   -2   -5    2    4    0    2    1    4    2    2    0    2 
  -1   -1    0   -4    1    4   -4   -4    2    5    0    1    5   -2    4   -4    4   -2   -5   -2   -4    2    1   -3   -3    1    4    5    5    5 
   1    4   -1    5    2    0    0   -2    2   -5    1    2    4    2    0    5   -3    0   -2   -2    0    3   -4    3   -4   -5    0   -1   -5    3 
   3   -5    1    3   -2   -1    2    2   -2    2   -4    1    3    5    4   -3   -3   -3   -4    4    2    5    0   -5   -1   -1    5    5    4    5 
  -5   -5    5    4   -5   -3   -5    5    5    0    0    3    0    2   -3   -2   -4   -5    0    1   -3   -3    2   -4    5   -2    5    1    0   -5 
  -4    4    0    5   -1   -1   -2   -4    2    1   -4    0    0    1   -5   -5    4    4   -2   -1    1    5   -3    5   -2    5    4   -3    2    3 
  -3    4    4    1   -1    2    2   -5   -1   -5    0    0   -2   -4   -5    2   -4   -4    2    2   -2    3    2   -5   -5    3   -1    0    1   -2 
  -4   -3    0   -4    0    1    3    1   -1    0   -2   -2   -4    4    0    1    0    5   -3    4   -1    3   -4    3    0   -2   -4    3   -4    0 
   5   -2    0   -3   -3   -1    4   -4   -2    0    1    4    2    0   -3   -3    0   -5    4    2    2   -1    4   -5    5    3    4    0   -2    2 
   8    8   -5    1   -1    3   -4   -2   -4    4   -1    5   -2   -5    1    3   -3    2    1   -4   -2    0    3   -2   -3    2   -6    0   -8   -6 
   4   -2    0   -1    3   -2   -1    3   -2    2    7   -5    2    0    6    7    3    2   -4   -6    4   -1    4   -2   -1    0    1    1    6    1 
  -1    0    2   -1    2    0    3    4   -7    6   -1   -3    0   -2    2    4    5    7   -2    1   -5   -1   -3    1    1    2    1    3   -4   -2 
  -8   -5    0    4    1   -4   -1    5   -1   -6   -3   -1    2    3    1   -1    1   -4    3    0   -1   -6   -1    2    7    2    1   -3    4   -2 
  -4   -3    0    0    1    3   -1   -4    2   -2   -3   -3    2    2   -6    0   -2   -1   -3   -6    4    4    4    6    0    1    0    1    5    2 
  -6   -4    2   -2   -1   -2    3   -3   -1    1   -8    0   -2    5    0   -2   -2    1    1    1    4    0    1   -2    0    3   -5    6    5    2 
   2    4    1   -1    0    3   -1    3    2    2    0    3   -1    1    3    0   -2   -5    4    3    3   -2    0   -6   -1   -1   -8    1   -1   -6 
   1    3    3    0    3    3    0   -2    3   -2    0    2   -4    0    2   -1    0   -3    4    3    0    1    1   -3    4    3    3   -4    4    0 
  -1   -2    1    0    4    2   -2   -1   10    3   -2    4   -1   -2   -5   -2   -1   -4   -1    4   -1    3    6    6    2    0    2    0    2   -5 
  -7   -2   -2    0   -2    5   -3   -1    2    1    1    3   -5  -10    1    0    2    2    0    3   -5   -2    0    0    2   -2   -2    1    0   -7 
   2    6    0   -3    4    1    7   -1   -1   -2   -3   -5   -4   -3    3    0    1   -4   -1    1   -1   -1   -5   -2    1   -3   -7    3    0   -5 
   0    3    5    4   -1    0   -1    4   -8   -2   -2   -2    1   -2   -1    5   -4    3    4    3    0   -1    2   -7   -2   -5   -3   -4   -2   -3 
  -5    3   -1   -5   -3   -5    1    9    4    4    4   -2    2   -3    2    4    5   -3    3   -2   -1   -7    4   -5    2    1   -2    0    4   -1 
  -3   -1    3    3    2    3    4   -5    1   -1   -2   -4   -2    3   -7    2   -2    0   -2    2   -1    0    1    2   -2    8    3   -3   -4   -5 
   5    4   -2    3   -3    2    2   -5   -5    1    0    4    2    2   -2   -1    5    1    1    7    2    0   -4    4   -1    0   -4    1   -5    2 
  -1   -1    3    4   -1   -5    1    2    1   -2   -3   -1    4   -2    1    5    2    3   -3    2   -3    0    2    0   -6    2   -1    0    3   -1 
  -2    1    3   -8    2    1   -4   -3    0    3    6   -1   -4   -8    1   -3    1   -1   -3    2   -4   -1   -3   -1   -2    1   -2   -3   -3    2 
   0    3    4    5   -3    2    4    3    0   -1    1   -2   -5   -1    1    2   -5   -4    0   -5    3    0    6    0    8    1    1    4   -4   -4 
   2    3   -9    8   -6   -2   -8    5    1   -5    1    2    4   -1    1   -2    2    5   -5    0    7    6    0    3    0    0    2    1    1    2 


Matrix #14
Min norm before hte reduction:   14.8997
Min norm after the reduction: 14.8997

Basis matrix:
  -5   -4    3   -5   -4    5    4    3    5    2   -4    1    0   -5   -3    5    0   -3    1    4    3    4    5   -2   -2    2    3   -2    2    5 
  -1    1    1   -2   -4    1    3    1    2    4   -4    5    0    3    0    0    1    4   -3   -4    2   -4   -4    3    5   -1    2   -1    1   -5 
  -1    3    0    2    4    3    3   -3    2   -5    5    5    1   -5   -3    3    5   -1   -3   -3   -2   -2    5    1   -4    2    0    4    3   -3 
  -2    5   -4    1    3    3    4   -5   -5   -2   -3   -3    3    5   -1   -2    2   -2    1    4    3    0    3    4   -2   -3    5    4    0    0 
   0   -5    5    3    3    1   -1   -4    0   -4    1   -5    4    4    3   -3    4    0    5   -1   -5   -5   -3   -2   -5    4   -3   -4   -3    1 
  -3   -1   -1   -3    0   -1    2   -3    1    3    3    4    3    0   -2   -2    2    1    5   -5    3    3    0    5    0    4   -1    4   -1   -5 
  -2    2    3    5   -2    3   -4   -4   -2   -3    4   -1    2   -1   -3    0    1    3   -1   -1   -4    0    5    5   -1   -4   -2    1   -4   -1 
   1   -3   -3   -5    2   -2   -1    2    2   -5    2    2    2   -2   -2    2    0   -2   -3    4   -4   -1   -3    0    1   -5    1   -5   -3    3 
   1    2    4   -3    2    5   -5   -3   -1   -4   -1    0    2   -2    3   -1    5   -2   -5   -5   -3    0    0   -1    4    4    5   -1    0   -2 
   2   -1    2    5   -1    0    1    3   -4    4   -5   -5    2    1   -3   -4   -2    1    4   -1    2    3   -2   -4   -2   -3    3    1   -2    0 
  -2   -1    3   -2   -5    3   -2    3    0   -1    1   -3    0    1    2    1    4    4    3    4   -3    2   -3    3   -1   -4   -4    2   -5   -3 
  -3   -2    2   -3   -4   -5   -4    5   -3   -4    1    3   -5    1   -5   -2   -4   -5    2    0   -2   -2    2   -5   -3   -2    2   -4   -3   -2 
   5   -4    3    0    1   -1   -1    3   -5    0    5   -5    0    4   -2    2    1   -5    5    4    0   -2    0    1   -3    5    4   -4    1   -2 
   3   -1   -4    1    3    0   -3    0    1   -3    3   -1    0    4    5   -2    4    0   -2    3    5   -3   -2   -1   -2   -2    3    1    1    5 
  -3   -1    3    4   -3    2   -4   -3   -3   -4    2   -4   -2    5    1    0   -4   -4    5   -2   -1    3    1   -3   -1   -4    5   -4    0   -1 
   1    2    3    4   -1   -3    0    3    2    5   -1   -3    0    2    3    4    4   -2   -3    0    2    1   -5    4    2    1    5    5    1    1 
   4    2    1    1   -2    4    1   -5   -4    4    2    2   -5    5    0   -5    3    2   -3    2    2   -5   -3   -2   -3    5    5    1   -1   -4 
  -1    3    4   -1    3   -4   -5   -1   -2    5   -3   -2   -4   -2   -1   -5   -2   -2    3    2   -2    5    2    2    2   -4   -5    2   -2   -4 
   3    4    4   -4   -5   -4    4   -5   -2    2   -5    1   -4    2   -3    5    5    0   -4   -1    2    0   -5   -1   -1    4    1    0    0   -5 
   4   -4   -5   -5    4    0   -2    3   -3   -3    0    4    0   -2   -3    3   -4   -5   -2    3   -4    5   -2    5    1    5    4   -1    4   -1 
   4   -3    3    4    0    4    5   -5   -2    4   -5   -2   -4   -5    2   -3    3   -1   -3   -5   -4    3   -3    4   -3   -1    1    4    4   -3 
  -2   -1    1   -5   -4   -1   -5   -4   -4    5   -3   -2   -3   -1   -3   -1   -4   -3    0    4    1    2   -3   -2    2   -5    4   -5   -1    2 
   0    1    5    0    4    2   -4    5    5    1    5    0    3   -5    1   -5    5    2   -3    5    5   -3   -2    5   -2    0   -4   -4    5    2 
   2   -2    3    4    5   -2   -4    2   -3    0   -1   -5    2    1   -5    1   -4   -1   -3   -5   -4   -4    0    2    1   -5   -1   -4   -5    3 
   2   -2    4    2    2   -4    3    4   -4   -4   -5   -4    0   -2   -4    0    3    3    0   -4    3   -3    1    1    4   -2    3   -2    5   -5 
   4    0    2   -3   -5   -1    5    1   -2    2   -2    1    0    1    0   -3    3   -3    0   -3   -4    4    3    4    5    4    4   -1   -3    0 
   0    5    1    1    5    4    3    3    2    3    3    4   -5   -1   -1   -2    1    2   -1    5    4   -5    5    4    3   -3    0   -3    4    1 
   4   -2    2   -1    3   -5   -5   -4   -5    1    2    3   -5   -5    0    3   -2    4    3   -3   -2   -1    3    5    3    2   -5    0    3    5 
   0   -1   -2   -4    4    1   -5    1    3   -5   -5   -3    2    3   -1    1    5   -2   -1   -5   -3   -3    0   -2    4   -5   -5    5    0   -5 
   4   -5    5    5    5   -3   -4   -5    3   -3   -2    1   -1   -2    0    5    4   -2    2   -3   -2    4    2    5    3    3   -5   -4    1   -5 

LLL-reduced basis:
  -1    1    1   -2   -4    1    3    1    2    4   -4    5    0    3    0    0    1    4   -3   -4    2   -4   -4    3    5   -1    2   -1    1   -5 
  -3   -1   -1   -3    0   -1    2   -3    1    3    3    4    3    0   -2   -2    2    1    5   -5    3    3    0    5    0    4   -1    4   -1   -5 
  -5   -4    3   -5   -4    5    4    3    5    2   -4    1    0   -5   -3    5    0   -3    1    4    3    4    5   -2   -2    2    3   -2    2    5 
  -1    3    0    2    4    3    3   -3    2   -5    5    5    1   -5   -3    3    5   -1   -3   -3   -2   -2    5    1   -4    2    0    4    3   -3 
  -2    2    3    5   -2    3   -4   -4   -2   -3    4   -1    2   -1   -3    0    1    3   -1   -1   -4    0    5    5   -1   -4   -2    1   -4   -1 
   1   -3   -3   -5    2   -2   -1    2    2   -5    2    2    2   -2   -2    2    0   -2   -3    4   -4   -1   -3    0    1   -5    1   -5   -3    3 
   2   -1    2    5   -1    0    1    3   -4    4   -5   -5    2    1   -3   -4   -2    1    4   -1    2    3   -2   -4   -2   -3    3    1   -2    0 
  -1    0    0   -5    1    3    5    4    4   -3    2    3   -1   -3    2    4    8    0    1    2   -1    0   -3   -1   -4    2   -2    5    2   -5 
   3   -1   -4    1    3    0   -3    0    1   -3    3   -1    0    4    5   -2    4    0   -2    3    5   -3   -2   -1   -2   -2    3    1    1    5 
  -3    2    1   -3    0    2   -2   -7   -2    0    2    3   -2   -6   -6    2    1   -4   -3    1   -1    0    2   -1   -2   -3    4   -1    2   -1 
  -5    6    0    0    0    3    7   -5   -6    1   -6   -2    3    1   -6    0   -2   -2    3    1   -2    3    5    5    0   -1    2    3   -1   -5 
   0   -5    5    3    3    1   -1   -4    0   -4    1   -5    4    4    3   -3    4    0    5   -1   -5   -5   -3   -2   -5    4   -3   -4   -3    1 
   1    2    4   -3    2    5   -5   -3   -1   -4   -1    0    2   -2    3   -1    5   -2   -5   -5   -3    0    0   -1    4    4    5   -1    0   -2 
  -3   -1    3    4   -3    2   -4   -3   -3   -4    2   -4   -2    5    1    0   -4   -4    5   -2   -1    3    1   -3   -1   -4    5   -4    0   -1 
  -1    2    2   -2   -3   -5    1    6   -2    5   -3    5   -5   -2   -4   -4    0    1    0   -2    3   -4    4   -2   -3    7   -4    5    0   -4 
   5   -4    3    0    1   -1   -1    3   -5    0    5   -5    0    4   -2    2    1   -5    5    4    0   -2    0    1   -3    5    4   -4    1   -2 
   1    2    3    4   -1   -3    0    3    2    5   -1   -3    0    2    3    4    4   -2   -3    0    2    1   -5    4    2    1    5    5    1    1 
   8   -3   -3   -1    0    0    2    4    0   -1    2    1   -1    9    4   -5    2    4   -3    5   -1   -6   -8   -1    0    3    2   -3   -6    0 
   2   -2    3    4    5   -2   -4    2   -3    0   -1   -5    2    1   -5    1   -4   -1   -3   -5   -4   -4    0    2    1   -5   -1   -4   -5    3 
  -1    3    0    2    0    1    2    4    0    0   -5    4   -2    9   -1    2    2    2   -3   -1    0   -9    0    0   -1    2    0    1    1    3 
   1   -2    4   -1   -3    3    1    5    2   -3   -3    2    0   -1    4   -5    0    2   -4    2   -3   -2   -1   -5   -3   -3    3    2   -2    0 
  -5    4   -1    0   -5    5    1    2    1    1   -3   -3    3   -3   -4   -2    1   -4    3    1    7    6    3    5   -1   -3    3    6   -2   -1 
   5   -4    0    8    5    0   -4    4   -1    1    5   -5    2   -3    1    4   -1    5   -6    1    1    0    1   -1    0   -4   -4   -2   -1    2 
   1   -5    6    0   -1    2    0    1    0   -5   -1   -3   -2   -2   -3   -4   -4   -5    1   -2    0    2    3   -3    0    8    6   -3    1    3 
   0    1    4   -2    2    0    1   -2    2    3    2   -3   -1   -2   -2    0    9    3   -2   -8    3    2   -4    0    2    0    3    6    5   -9 
  -3    2    0   -6   -5   -3   -1    5    1   -6   -4   -2   -2    1    0   -2   -1    1   -3    3   -3    4   -2    1   -2   -1   -4   -1   -5    1 
  -5    0   -3   -3   -2    4   -8    0    2   -4   -3   -3   -4    1    0   -2    2   -4   -6    6   -1    3    2   -1   -5   -1    1    1   -2    4 
   4    0    5    2   -2   -1   -5   -8    0    0    6   -2    1    2    3    4    0   -4    5   -4   -6    4   -6    1    1    4   -4    3   -5   -2 
   1    1    2    2    0    4   11   -5   -1    4   -3    0   -2    3    1    1    2   -7   -4    0   -4   -5   -5   -1   -3   -1    4   -1    4   -2 
   2    2    0    0    6   -4   -8   -1   -1    2    0   -3   -4    2    4   -7    2   -2    1    5    3    2    0    1    0   -6   -2    3   -1    1 


Matrix #15
Min norm before hte reduction:   13.2665
Min norm after the reduction: 13.5277

Basis matrix:
   2    1    3   -3    3   -2   -3   -1    1    5    3   -2    0    5    5   -2    4    1   -5   -4    2    0   -4   -1    3    4   -4    0    4    2 
   0    3    3    2    2   -1    1    0   -3   -4    2   -4   -4   -1    0    5    2    4    1    0   -1    4   -1   -1    0    0   -2   -2    4   -5 
   2    3    4    0   -3   -5    2    5    5   -2    5    1    0    1    3   -4   -5    5    2   -5    3    1    4    4   -5    3   -5    1    5    2 
   5    1    4    1    4   -5    0   -4   -3   -2   -2    3    3    0    1    5   -4    3    0   -2    3    1    4   -3   -2    0   -4   -2   -3    4 
  -4   -2    5    2   -5    2    4    1   -2   -2    2    0   -5    3    3   -1    1   -5    4    3    3    3    0    1   -3   -1    1   -5    5    3 
  -3   -4   -4   -5   -4    4    3    5    3   -5    2   -2   -1    3    2   -1    3   -2    0    0    2    2   -2   -2    5   -3    0   -2    2    2 
   5    1    5   -2   -1   -1    3    5   -2    3   -1   -5   -5   -2   -3   -4   -5    0   -3   -3   -5    2   -1    2   -1   -5   -3   -5   -3   -3 
  -3   -3    1    4    0   -4   -2    1   -5   -2    4    1    2   -1   -2   -4    2   -3   -1    3   -4    4    1   -3   -2   -1   -5    0   -3    3 
  -2    5    4    4    0    5    0   -5   -5   -3    2    1   -4    0    2    0   -5   -5   -2    3    2   -2   -3    1    5   -5    0    5   -4    5 
   3    2   -3    3    2    2   -3    1   -1    5    4    4   -5   -1    3   -1    1   -5   -2    4    0    2   -5    5    2   -1   -3    4    0   -1 
   3    3    0    1    0   -2   -3    5   -5   -1    4   -4   -4    1    5   -4    5    2   -4   -4    2   -3   -3   -5    2   -2   -3    3   -2    0 
   5    3    4    4    5    1    5    0    5   -1    0    1    2    3    2   -3   -2   -3    0   -4   -1    3    3   -1   -2   -4    2    5   -3    5 
  -1    4    3    3    2    2   -3   -3    2    1   -2   -3    4    2    1   -3   -2    5    0   -4    3    4    5   -1    4   -3    1   -1    5   -1 
  -4    5   -2    1   -4   -1    2    2    3    1    3   -5   -4   -4   -3    4    4   -2   -4    2    3    4    3   -3    5   -5    3    0   -1   -5 
   2   -2   -3    3    3    2    3   -5    1   -5   -2    2   -2   -3    4    3    5   -2    3    2    2    2   -2    2    5    5    2    1    2    2 
   2   -5   -5   -1    0   -5    5   -2   -1   -3    1    5   -3   -2   -1   -5   -5    4   -2    5   -3   -5    1    4   -3    1   -3    4    5    5 
   2    1   -2    0   -4    3   -4    3    5    0   -4   -5   -3   -5   -2    0    2   -4   -4    4    2    0   -4   -2    4    0    5    4    5    0 
  -5   -5   -2   -3    3   -3    4   -1   -3   -3    1    5    0   -4    2    2   -3   -2   -3    2   -3    5   -5    1   -1    3   -3   -2   -3   -1 
  -4    4    0   -2    1    0    1    2   -2    3    1    4    0   -3   -1   -1   -2    3   -4   -2   -1   -2   -4    4   -2   -3   -2   -2   -1   -1 
   5    3    3    4    4   -1   -3    1    3   -1   -2    2   -1    0   -1    2   -1    0    2    3    3    0    0   -3    5    1    3    1   -2   -1 
  -5   -2    0    1   -5    5    5   -2    2   -4   -4   -1    5    2   -2   -2   -4    3   -4   -4   -2   -3    5    3   -1   -5    2   -2    0    4 
  -3    5   -1    2    1    5    0   -3    3    1   -1   -1   -3    5   -3    2   -1   -5   -5   -2    4    2    2    2    5    5   -4   -3   -3   -4 
   4    1    1    2   -4    4   -2   -3    3   -5    5   -3   -4    0   -3    0   -3   -2    4   -3   -4    4   -2   -5    2    3   -3    5    3    4 
  -5   -2   -3    0   -5   -4    4    4   -5   -1    4   -5    1    2    1    4    2    1   -5    2   -2    5    3    4    2   -4    5   -5    4   -1 
  -4   -5    1   -1    0   -5   -4   -1   -1    1    0   -4   -1   -3   -5   -2   -5    5   -1    2   -5    5    5   -2    3    5    4    1   -3   -3 
  -3    2    4   -3    3   -2    1   -3   -1    3    2    4    0   -4    2    0    5    3   -4    3    3   -4   -2   -4   -3    0   -4   -1   -4   -3 
   4    4    0    5   -4    0    0    4    5    1    2    4    3    0   -3   -3    4    0    2   -2    0    4    0    4    4   -3    0   -5   -5    4 
  -5    0    3   -1    5   -5   -2    5    1   -5   -1   -5   -5    3   -4   -4    3   -3   -3    0    1    4   -5    1   -2   -5    5   -3    4    2 
   4    2    1    2   -1    3    2   -2   -1    5    2   -3    0   -2    3    0    1    1    5   -5   -1    2    4    1    5    3    2    1   -5    5 
  -2   -1    3   -1   -4   -5    4   -4    1   -3    2    3    1    5    3   -1   -3   -1    0    4    1   -2    5   -2   -3    2    5    1    3   -2 

LLL-reduced basis:
   0    3    3    2    2   -1    1    0   -3   -4    2   -4   -4   -1    0    5    2    4    1    0   -1    4   -1   -1    0    0   -2   -2    4   -5 
   2    1    3   -3    3   -2   -3   -1    1    5    3   -2    0    5    5   -2    4    1   -5   -4    2    0   -4   -1    3    4   -4    0    4    2 
   5    1    4    1    4   -5    0   -4   -3   -2   -2    3    3    0    1    5   -4    3    0   -2    3    1    4   -3   -2    0   -4   -2   -3    4 
   2    3    4    0   -3   -5    2    5    5   -2    5    1    0    1    3   -4   -5    5    2   -5    3    1    4    4   -5    3   -5    1    5    2 
  -4   -2    5    2   -5    2    4    1   -2   -2    2    0   -5    3    3   -1    1   -5    4    3    3    3    0    1   -3   -1    1   -5    5    3 
  -3   -4   -4   -5   -4    4    3    5    3   -5    2   -2   -1    3    2   -1    3   -2    0    0    2    2   -2   -2    5   -3    0   -2    2    2 
  -3   -3    1    4    0   -4   -2    1   -5   -2    4    1    2   -1   -2   -4    2   -3   -1    3   -4    4    1   -3   -2   -1   -5    0   -3    3 
   3    2   -3    3    2    2   -3    1   -1    5    4    4   -5   -1    3   -1    1   -5   -2    4    0    2   -5    5    2   -1   -3    4    0   -1 
   1    2   -3    4   -3    0    0    6   -6   -6    1   -2   -4   -4    0   -2    1    1    1    0    0   -3    1   -4   -1   -6    1    3   -6   -2 
  -5    3    7    1   -2    3    3   -6   -4   -8   -2   -3    1    1   -1    1   -6    0    0   -1    2   -4    2   -4    3   -4    3    1   -4    6 
   5    3    4    4    5    1    5    0    5   -1    0    1    2    3    2   -3   -2   -3    0   -4   -1    3    3   -1   -2   -4    2    5   -3    5 
  -1    4    3    3    2    2   -3   -3    2    1   -2   -3    4    2    1   -3   -2    5    0   -4    3    4    5   -1    4   -3    1   -1    5   -1 
  -5    1   -2    4    2   -1    1    2   -7   -8    0    0    0   -6    3   -3   -4    4   -2   -2    0    6    1   -4    2   -6   -1    0   -4   -4 
  -8   -1   -1   -1   -6    5    1    4    4    0    2    2    5    2   -8   -4    1   -2    2    3   -2    2    3    3    0   -8   -1   -5    3    5 
   0    4    0    8    1    1   -2   -1   -3   -1    2    2    0   -3   -1   -4    8    0    1    1    0   -1    0    2    2   -2   -2    1    1    5 
   5    3    3    4    4   -1   -3    1    3   -1   -2    2   -1    0   -1    2   -1    0    2    3    3    0    0   -3    5    1    3    1   -2   -1 
   0    1    3    5   -1    4    2   -1    5   -5   -6    1    4    2   -3    0   -5    3   -2   -1    1   -3    5    0    4   -4    5   -1   -2    3 
   3    2    4    2    0   -3    2    3   -2   -5   -4    1    1   -2    4   -1   -3   -1    2    0    4    4    4   -3    4   -1    1   -1   -1    6 
  -4   -1    4    0   -1   -2    4    0    0   -6    1    1   -2    6   -5    3   -4   -5    2   -1    3   -3    2   -6    2    0   -1    1   -5    6 
   0   -3    0   -7   -4   -5   -1    6   -2   -1    2   -1   -3   -1   -6    2   -3    6   -2    0   -1   -3    3   -3    1   -1    0   -2   -7    4 
   2    1    3    2    4    3   -2   -5   -2    5   -4    0   -1    4    0    2    1    0    2    0   -2    2   -2   -4    7    5    7    0    6   -1 
  -5    4    4    1    2    5    0   -4   -1   -2   -2   -5    4   -2   -4   -1    6   -4   -1    1   -4    1    4   -2    5   -5    3   -1    1   -5 
  -2    0    5    2    2   -3   -5   -5    0    0   -5   -3    3   -5   -3    3    0    6    5    1   -3    0    0    2    6   -2    0   -4    1   -1 
   5    2    2    3    5   -5   -4    2    2   -5    4    1    5    3    0   -4   -6   -2   -3   -8   -2    1    3    0    3    1   -4    4   -3    1 
  -1    0   -3    4   -1    2   -2    0   -4   -4    6   -2   -7   -4   -1    1    6   -8    1    4   -2   -2   -4   -3    2   -3    1    0   -4    5 
   4    3    4    3    6   -3    3   -6   -2    0    1   -8    3    0    2   -2    2    6   -2   -2   -2   -3    2   -4    0   -2   -5    0    0    0 
   0    1    2    1   -8   -3    2   -4   -2    2   -2   -3    3   -1   -3    3    2    0    5    1    3    1    5    3   -5    1    6   -3    3    2 
  -6    5    3    1    0    0   -2   -7    3   -3   -2   -1    0    0   -1   -2   -2   -2    1    2    2    5   -6    3    2    1    5   -1    5   -8 
   3   -2    1    2   -1    3    1   -2    1    5    0    0   -5   -4   -1    7   -3    4    0    1    1    2   -4    0   -3    5    2    2   -3   -9 
  -2   -4    0   -4   -3   -1   -5    2   -8    1   -1    2   -4   -1    0   -3   -2   -3   -5   -2    7    2   -2   -2    1   -4    1   -2    0    2 


Matrix #16
Min norm before hte reduction:   14.2829
Min norm after the reduction: 14.2829

Basis matrix:
   5    3    0   -4   -2   -4    2   -5    3    4    5   -3    2    3    5   -5    5    2    0    0   -3   -5    5    3   -4    3    4   -4   -1    4 
   2   -3   -5    2    4    3    1   -4    4    2    1    0    0   -1    5   -5    0    0    4   -1   -5    4    1   -2    2   -3   -5   -1   -4   -4 
  -1   -1    0    0    4    5   -2   -3   -2    1    3   -4   -4    0   -1   -3    0   -4    1    4    0   -5    5    3    5   -3    4    5    3   -2 
   0    4    5   -1    0   -5    2    3    3    3   -5    4   -3   -3   -5    4    1    2    1    5    1   -1    3   -2    3   -4    1   -5    1    4 
   3   -1   -2    4   -4   -4    4    0   -5    0    3    4   -2    0    5   -3    4    0   -1   -1    4   -4   -1    1   -5   -2    2    5    1    4 
  -2   -2    1   -1    0   -1    1    5    3   -2    5   -2    1   -2    2   -2   -4    3    0   -5   -1   -1    3    2   -2   -3   -4    1    1    4 
   5   -4   -5    5   -5   -3    0    5    4    0    4   -3   -4   -4    1    1   -5   -1    5    2   -4   -4    2    1    3    1   -3    2   -3    2 
  -1   -5    2    0    2    1    2   -1    3   -5   -2   -4   -2    5   -5    5    5    5   -2    1   -4    3   -1    3    3   -2    2    3    3   -5 
  -3   -5    5   -2   -4    1    1    0    5    4   -3    2   -4    2   -3    4   -5    3   -3    4    1   -1    4    1   -5    3   -1    5   -2   -1 
   2   -5    3    3   -5   -5   -1    5   -1    0    0   -5   -5   -3    4    0    3    5    4   -4   -3   -2   -5    2   -3   -2    2    4    5    0 
   5    1   -1    3   -3   -4    4    4    3    2    4    3   -3   -4   -5    1    4    4    2   -2    4   -1   -2   -3    2    4   -2   -3    5   -2 
  -1    2    0   -4   -1   -4   -3    2    2    5    2   -4   -4    2    5   -3    2   -1    3    2    5   -4    2    2   -3    3    2   -5    2   -1 
   1   -3   -1    5   -4    2   -2    5   -2   -2    2    4    5   -4    3   -2   -1    3   -1    0    4    1   -2    2    3    5    5    3    4   -2 
  -5    0    0    5   -2    1    4    3    1    1    0    2    0    0   -3    1    2   -5    0   -2    1    2    4   -4    5    2    1   -3    1   -1 
   4    2    2   -1   -5   -4   -1    4    2    1   -2   -2   -2    1    1    5   -3    1    3   -3    1    5   -5   -5    5   -1    0    2    1    5 
   5    1   -3    5   -3    1    2    3    1    1   -3    3   -4    5    3   -5    4   -2    4    5   -5    2   -5   -5    1   -2    5   -5    4    2 
  -4   -2   -1    3    2    1   -5    4    1   -1    4   -1    3    0   -5   -1   -5    5   -3   -2    0   -3   -2    3   -4    0    1    4   -5   -1 
  -2    2    4   -4   -1   -2   -5    4    1    4   -2    2    0    4    2    3   -5   -5   -3   -2    4   -2   -4    3    1    2    3   -5    1    5 
   2    2    2    4   -2    1    3   -5   -5    2   -5   -1   -5   -3   -1    5    3   -5   -5    1   -4   -3    1    1    2    2   -1    3    4    1 
   2    2   -1   -5    0   -5   -5    0    2    4    0   -3    5    4    2    1    4   -4    5    0    3    5    0    0    0   -5   -2   -2   -4    1 
  -1    3   -5   -3    4   -4    4   -1   -3   -1    3    2    5    5   -4   -2   -4   -4   -2   -5    2    5    3   -3   -5    4    4   -5    0    0 
  -3    3   -3   -1   -5    4    3    5    2    5    4    0    0    3    3   -1    4    0    3    2   -5    4   -3   -1   -5    3    3   -2   -3   -1 
   5    4   -5    2    1   -2    0    0    4   -5   -3   -4    0   -5    3   -2   -4   -2    3   -3   -5    2   -3   -5   -5    0   -2    0   -3    3 
   1    1    4   -4    5   -2   -5    1   -2   -2   -5    5   -3   -4   -1    4   -5   -4   -5   -3   -1    4   -2   -1    3    4   -4    2    1    0 
   4   -3   -2   -4    0    2    2    5   -4    3    4   -3   -5   -3    1    0    4    0   -1    3    4    5   -4    1    5   -4    1    1    3   -2 
   3    4   -4    5   -5    5    0    1    1    0   -1   -3   -4    1    3    3   -2    1   -3   -2    1    3    5    0   -5    1    3    2   -2   -2 
   2    1   -1    1    4    2    3   -1   -1    5    3   -3    5    3   -2    2   -1    3   -5    2    5   -5   -4   -4   -3    2    1   -2   -4    4 
   2    0   -1    5    2    1   -2    0    1   -4   -3    0    1   -3   -1   -1    5   -4   -4    2    0   -1    5    4    0   -2    2   -1   -1   -4 
   3    0    2   -3    0    0    5    2    4    3    5   -2    2    0    0    2    3   -1   -4   -4   -4    2    5    5    1    3   -4    1    0   -3 
   4   -4    1   -1    1   -5   -3   -3    0    2    2    1   -3    5   -1    5    4    0    1   -4    3    5   -2    4    3   -3   -2    5    5   -1 

LLL-reduced basis:
  -2   -2    1   -1    0   -1    1    5    3   -2    5   -2    1   -2    2   -2   -4    3    0   -5   -1   -1    3    2   -2   -3   -4    1    1    4 
   2   -3   -5    2    4    3    1   -4    4    2    1    0    0   -1    5   -5    0    0    4   -1   -5    4    1   -2    2   -3   -5   -1   -4   -4 
  -1   -1    0    0    4    5   -2   -3   -2    1    3   -4   -4    0   -1   -3    0   -4    1    4    0   -5    5    3    5   -3    4    5    3   -2 
   0    4    5   -1    0   -5    2    3    3    3   -5    4   -3   -3   -5    4    1    2    1    5    1   -1    3   -2    3   -4    1   -5    1    4 
   3   -1   -2    4   -4   -4    4    0   -5    0    3    4   -2    0    5   -3    4    0   -1   -1    4   -4   -1    1   -5   -2    2    5    1    4 
   5    3    0   -4   -2   -4    2   -5    3    4    5   -3    2    3    5   -5    5    2    0    0   -3   -5    5    3   -4    3    4   -4   -1    4 
   5   -4   -5    5   -5   -3    0    5    4    0    4   -3   -4   -4    1    1   -5   -1    5    2   -4   -4    2    1    3    1   -3    2   -3    2 
  -1   -5    2    0    2    1    2   -1    3   -5   -2   -4   -2    5   -5    5    5    5   -2    1   -4    3   -1    3    3   -2    2    3    3   -5 
   2   -5    3    3   -5   -5   -1    5   -1    0    0   -5   -5   -3    4    0    3    5    4   -4   -3   -2   -5    2   -3   -2    2    4    5    0 
  -1    2    0   -4   -1   -4   -3    2    2    5    2   -4   -4    2    5   -3    2   -1    3    2    5   -4    2    2   -3    3    2   -5    2   -1 
  -3   -5    5   -2   -4    1    1    0    5    4   -3    2   -4    2   -3    4   -5    3   -3    4    1   -1    4    1   -5    3   -1    5   -2   -1 
   5    1   -1    3   -3   -4    4    4    3    2    4    3   -3   -4   -5    1    4    4    2   -2    4   -1   -2   -3    2    4   -2   -3    5   -2 
   1   -3   -1    5   -4    2   -2    5   -2   -2    2    4    5   -4    3   -2   -1    3   -1    0    4    1   -2    2    3    5    5    3    4   -2 
  -5    0    0    5   -2    1    4    3    1    1    0    2    0    0   -3    1    2   -5    0   -2    1    2    4   -4    5    2    1   -3    1   -1 
   4    2    2   -1   -5   -4   -1    4    2    1   -2   -2   -2    1    1    5   -3    1    3   -3    1    5   -5   -5    5   -1    0    2    1    5 
  -4   -2   -1    3    2    1   -5    4    1   -1    4   -1    3    0   -5   -1   -5    5   -3   -2    0   -3   -2    3   -4    0    1    4   -5   -1 
   3    0   -5    5    1   -1    2   -5    3    4    1   -3   -7    7    1    3    3    0   -5    1    0    0    0    1    3   -1   -1    7   -3   -1 
   0   -1   -1   -2    3    1   -4    0    5    6   -1    2    0    3    7   -2   -5   -5    1   -3   -1    2   -3    1    3   -1   -2   -6   -3    1 
  -4   -7    1   -1    2    6   -1    1    1   -5    6   -2   -3    9   -2   -2   -1    3   -4   -4    2    0    1    3    2   -1    1    2   -2   -6 
   1   -2    6    2   -4   -1   -3    4   -1    2   -2    2   -1    3   -3    6    6   -1   -4    2    6    2    3    4   10   -3    4    1    3   -2 
   6    2    1    4   -3   -3   -3    4    3   -3   -5   -2   -1   -2    0    4    2   -3   -1   -1    1    4    0   -1    5   -3    2    1    0    1 
   1    2    0   -5    1    3   -1   -2   -3    1    0    2    0   -4   -3    3    1   -4   -2   -1    7    5    2   -7    5    3   -1    0   -4    1 
   1    3   -1    2   -3    1   -3    7   -1    6    3   -3   -9   -2    1   -3    1   -4   -3    0    2   -4    1   -4   -1    3    2   -2    2    6 
   1    3    0    3    4   -1    6    0    4   -1    1    2   -4    1    3    1    6    4    0   -3    3   -7    0    3    3   -3    1   -6    2    0 
  -1    1    0   -4    5    8    1   -4   -1    0   -2    9    2    3   -3    0   -5   -1    0    0   -5    3   -3   -6   -4    6   -8    1   -3   -2 
  -2   -2    4   -1    0    1    2   -2    7    6    5    1   -7   -4    2   -7    4    8   -2   -1   -2    2    5    0   -1   -5    8    4    4    2 
  -1   -4    1    1    5    1   -2    2    4    3   -2    3   -3   -2   -6    2   -2    2   -3    6    0    5   -1   -5   -2    2   -5   -4   -4   -8 
   6    3   -7    3    1    0    1   -1    0   -2   -1    6   -2   -2    1    2    5   -4    4    3    0    1    4   -4    2    1   -4  -10   -6    3 
   4    2    1    1   -9    1    2   -2   -2    5    0    2   -1   -5    1   -3   -1    0   -3    6    0   -6    9    0    0    5    5    0    2   -2 
  -1   -6    2   -4    1    1   -2    0   -1   -7    6    1    8    3   -4   -2    3    8   -4   -5   -2    1   -2    0    3    2   -1    1    0    0 


Matrix #17
Min norm before hte reduction:   14.6629
Min norm after the reduction: 14.6629

Basis matrix:
  -2    3   -1    1   -5   -3    2   -5    5    4    0    1    1   -3   -3    4    2    0    0    1    0   -1    2   -3   -2    3   -1   -5    4   -5 
   1   -5    2   -3    4    4    4    4    2   -2    4   -4    5   -4   -5    4    0    2   -2    0    1   -5   -5   -5    4   -3    2    2   -5    0 
   2    2    4    1   -5    4   -3    1    1    0   -5    0    0    0   -1    1    2   -1   -4   -3    1    4   -5    1    3    0   -5    3    5   -4 
   4   -3   -4    3    1    0    2    2    2    2    0   -2   -5    4    5    0   -4    3    0   -3   -2    1    4    1    5    4   -1    3    5    4 
   5    3    1    4    0    2    1   -1   -1   -3    1    3   -3   -2    2   -2   -4   -5    3   -3   -1   -3   -2   -4   -3    5    1   -1    1    5 
  -5   -1    3    5   -2   -2    3    1   -5   -1    1    3    5   -1    1   -2    3    5    4   -1   -3   -2   -1    2   -3   -3    1   -2   -1    0 
   3   -1   -1   -3    1   -2    3    4   -2   -4   -1    3   -2   -2    3    0    5    3   -4    0   -1   -5    3    3   -5   -1   -5    3   -2   -2 
  -4   -3   -2   -3    1    2    5   -4   -1   -1    4    2    4    0    2    5   -3   -4    2    1    5    4    2    3   -5   -1    1   -2    0    3 
  -3    4    2   -2    2   -1    5   -3    5    3    3    1    3   -3   -2   -3   -4   -4   -1   -5    5    2   -1   -4   -1   -1   -5   -5   -3    0 
   0   -1   -1    3    1   -5   -2   -3   -4    4   -1    0   -5   -2   -2   -1    0    1   -5   -3   -2   -1    2    5   -2    2    4   -2    4    2 
  -5    3   -4    5   -3    4    1    1   -4    1   -5   -4    4    4   -3   -2   -1    0    1    1    1    3   -5   -2   -3   -3   -1   -1    0    2 
   0   -3    1    5    4    4   -2    5    3    1    5    3    1    3   -2   -2   -3   -3    0   -3   -2    3    3    2    3    1   -5    2    3    0 
  -3   -2    3    5    3   -2   -4    3    0   -1    1    4    0    2    5    1   -1   -4   -2   -2   -5    2   -4   -4   -5   -2   -5   -3   -4    5 
  -4   -2    3   -3    1    2   -3    3    0    1    4    1   -5   -1    5   -3    4   -5    1   -4    4    4   -1    2    0    2   -2   -1   -4   -4 
   2    1   -3   -4   -4    4   -2   -1   -2    2    0    4    1    3    5    0    1    4    1    3   -5   -3   -1    0    5   -2    1   -1   -3    4 
  -5    3   -2   -2    2   -5   -1   -4    3    0   -4   -4    4    0   -5    3    4   -5    3    2    4    3    0    3   -3   -2   -4    1    3    4 
   1   -4   -5    5   -3    5   -3   -1    0   -4    0   -1    1    4   -5    3    0   -4    5    5    3   -4   -3    2   -2   -1    3    1   -3    5 
   1    0    5   -2   -2    0    2   -1    1   -2    3   -2    4   -1    2   -2    5    0    4    0    4   -4   -2    5    1    0   -2    4   -1   -3 
   4   -4    0   -4    4    0    2   -5   -2   -4   -2    1    0    1    5    1    4    4   -2    0   -2   -5    1    3    4   -5   -5   -2   -3    4 
  -5   -1   -3   -2   -5   -4   -1   -3    1   -1   -2    1   -1    5    5   -5   -3    4   -3   -2    1   -1    4    2    5   -5    2    2   -2   -5 
   4    3   -4    3    2    3   -3    0    0    2   -5    5   -4    4   -2   -4   -1    0    5   -1    5    4    3   -4   -3   -4    2   -3   -5    0 
   5    4   -2   -1   -1   -1    0   -3   -1   -1    1    2   -4   -1   -5    0   -4    5   -5   -5    3   -5    2    5   -3    0    5    2   -1   -5 
   5    0    2    2    3    4   -4    1   -5    2    3   -5   -1   -5   -1    4   -2   -3   -5    3    3   -1    5   -3    1   -1   -3    0    1    3 
  -4    1   -3    0    2    4   -2   -3    4    2    2    2    2   -2    1    2    1    5    3    5   -4   -3    3    2    1   -4    4   -5   -1   -3 
   4   -2   -1    2   -5   -5    2    2   -2   -1    5   -5   -4    3   -1   -5   -3    0    1    3   -1    4   -2   -3    4   -2    2   -3    1    5 
   5    4   -2   -3   -4    3   -4   -2    3   -5    4   -3   -3    0   -4   -4    5   -2   -4    3    5   -4   -5   -1    3   -3    0   -4    2    5 
   5   -1    1    5   -5   -1    1   -3    5   -1   -1    3   -4   -1    5    3   -1   -4   -3    1    0   -5    2   -4   -1   -1    1    2    2    0 
   2    5    0    5    2    5    2   -3    2    5   -2    3   -1    1   -1    4    0    0    0    1   -1   -4    3   -1   -2   -5    5   -4   -4   -4 
  -4    1    3   -3    4    3    0   -1   -3   -3    0   -3    5    5    1   -3   -1   -1    0   -5    2    3    3    0    4   -1    3   -1   -4    4 
   2    0    1    2   -5    4   -3    1    1   -3   -2    4    4    4   -5   -3   -2    5   -3   -2    3    5    2    4    0   -4    1    1    3   -2 

LLL-reduced basis:
  -2    3   -1    1   -5   -3    2   -5    5    4    0    1    1   -3   -3    4    2    0    0    1    0   -1    2   -3   -2    3   -1   -5    4   -5 
   2    2    4    1   -5    4   -3    1    1    0   -5    0    0    0   -1    1    2   -1   -4   -3    1    4   -5    1    3    0   -5    3    5   -4 
   1   -5    2   -3    4    4    4    4    2   -2    4   -4    5   -4   -5    4    0    2   -2    0    1   -5   -5   -5    4   -3    2    2   -5    0 
   4   -3   -4    3    1    0    2    2    2    2    0   -2   -5    4    5    0   -4    3    0   -3   -2    1    4    1    5    4   -1    3    5    4 
   5    3    1    4    0    2    1   -1   -1   -3    1    3   -3   -2    2   -2   -4   -5    3   -3   -1   -3   -2   -4   -3    5    1   -1    1    5 
  -5   -1    3    5   -2   -2    3    1   -5   -1    1    3    5   -1    1   -2    3    5    4   -1   -3   -2   -1    2   -3   -3    1   -2   -1    0 
   3   -1   -1   -3    1   -2    3    4   -2   -4   -1    3   -2   -2    3    0    5    3   -4    0   -1   -5    3    3   -5   -1   -5    3   -2   -2 
  -4   -3   -2   -3    1    2    5   -4   -1   -1    4    2    4    0    2    5   -3   -4    2    1    5    4    2    3   -5   -1    1   -2    0    3 
  -3    4    2   -2    2   -1    5   -3    5    3    3    1    3   -3   -2   -3   -4   -4   -1   -5    5    2   -1   -4   -1   -1   -5   -5   -3    0 
   0   -1   -1    3    1   -5   -2   -3   -4    4   -1    0   -5   -2   -2   -1    0    1   -5   -3   -2   -1    2    5   -2    2    4   -2    4    2 
  -5    3   -4    5   -3    4    1    1   -4    1   -5   -4    4    4   -3   -2   -1    0    1    1    1    3   -5   -2   -3   -3   -1   -1    0    2 
   1    0    5   -2   -2    0    2   -1    1   -2    3   -2    4   -1    2   -2    5    0    4    0    4   -4   -2    5    1    0   -2    4   -1   -3 
   0   -3    1    5    4    4   -2    5    3    1    5    3    1    3   -2   -2   -3   -3    0   -3   -2    3    3    2    3    1   -5    2    3    0 
   5    2    5   -9    3    2    1   -2   -6   -7   -2    0   -1   -3   -1    2    2   -4    1    5    1    2   -2    3    2   -4    4    4    1    0 
  -2    0   -3    3   -1    4    2   -4    5   -1    3    0    4    1   -7    0   -4   -8    4    0    8   -2   -4   -2   -3   -2   -2   -4   -6    5 
  -4    1   -5   -4    2    1    6   -2   -4    1    2   -4   -6    1    4    0    1   -5    7    3    3    5    3    0   -1    2    4   -3    1    1 
   0    3    4    3   -3    1    4   -2   -2   -3   -3   -3    3    3    5    3    3   -5    4    2   -1    3   -7    0   -2   -2   -6    2    5    3 
  -3    4    2    5   -2   -2   -4   -1    0   -1   -4    5    3   -6   -8   -3    2   -1    2   -7    2   -1   -1    2   -4    2   -1   -1    3    2 
   4    1    1    2    0   -2    3    1    1   -5    7    2  -10   -2    2    4    0   -5    2    4   -3   -5    3    4   -3    2    1    1   -1    2 
  -7    1   -2    5    3    3   -6   -4   -5   -3   -1    1   -1    1    0    1   -2   -5    0   -3    0    3   -2    6   -5   -2   -1   -4   -2   11 
   3    3    1   -1    2   -5    3   -8    0    1    0    4   -4   -2   -2   -2   -1    1    4   -8    2   -2    0   -3    1    0    4   -6    0   -2 
  -1    0   -1   -3   -7   -4    1   -1    2    4    4    4    0    0    0    5    6   -4   -2    4    1   -3   -1    9   -5   -2   -3    2    0    1 
  -5    1   -1   -5    5    1   -1    3   -5    1    1   -3    4    1   -5   -3    1    4    3   -1    0    5   -2    4    1    1   -1   -2   -2    0 
   2    7   -2    0    2   -3   -1   -1    4    4   -5   -2   -2    3    0   -2   -5   -5    0   -5    1   -1   -4    2   -2    6   -3   -1   -2    6 
   0    2    6    4   -3    1   -4    5   -1   -4    0    0   -2    6    4   -9    6    0    4   -2    0    4   -3    2    0   -3   -3    1   -1   -2 
   3    8    1   -3    1   -3   -2    0    1   -1    0    3    0   -1    3   -3   -8    0    1   -5   -4   -1    0   -6    5    0    1   -1   -4    0 
  -1   -4    3    1   -1    0    0   -3    0    3    0    2    1   -4   -1    7    6   -1    4    1   -6    1    3   -5    1    0    2    2    4   -3 
   2   -4   -1    2   -2   -1    4    0    2    3    4   -3    0   -2   -1    0   -5    3    0   -6    2   -7    1   -1   -5    4    3    2    2    1 
   4    6   -5    2    3   -1   -2   -1    3    2   -1   -2    0   -3   -5   -4    0   -1   -2   -6   -1   -2   -3    1    0   -1   -9    0    7    0 
  -4   -7   -4   -6    3    3    0    2    1   -5    3    4   -3    4    2   -2   -2    2    2    1    1    4    5    0    2    2    0   -1   -2   -1 


Matrix #18
Min norm before hte reduction:   14.6969
Min norm after the reduction: 14.9666

Basis matrix:
  -4   -4    2    1   -4   -3    3    5    2    5   -4    3   -4    3   -4    3    0    3   -5   -5    1    5   -5    1   -4   -1   -5    5    0    2 
  -1   -5   -3   -4    5   -5    1   -1    3   -2   -4    3   -1    1    0   -5   -1   -4   -4    4   -4    5    5   -5    3    1    2    2    3   -2 
  -1    3    5    4    3   -4   -4   -3    3    0    1   -2   -2   -4    5   -5    3   -1    5   -1   -2   -1    2   -3    4    2    5    4    3    4 
   0    3    1    0    2    4    2   -5    4    1    1    1   -5    2   -4    0    0   -4   -4    0    0    5   -3   -2   -3    0    1    4   -4   -4 
  -2   -5   -5    1    3   -4    4    3    4   -2   -1    3   -3   -2   -5    4    5   -1   -1   -4   -2    5    0    3    5   -2   -1   -3    3   -4 
   0    1    1   -3   -1   -5    2    4   -5    4    3   -5   -4   -4    0   -2    0   -5    2   -2   -1    5    1   -2   -1   -1    3    4   -1    0 
   5    0    1   -5    5    2   -3    3   -2   -2   -3   -2    2    3    2    5   -2    4   -3   -2    0    4   -4    4   -5   -3    0   -2    0    0 
   3   -4    2   -1    2   -4    2   -4    2   -3   -3    5   -4    4   -4    2    2    0    5   -3   -5    5    4    4   -5    4    3   -5    3    4 
   0   -1    3   -1   -5    4    4    4   -3    5    4    2   -4    3    2    0    2    2    0    2   -4    5    0    1    3    2    4   -5   -4    0 
   3    2   -3    0    2   -3    5    0   -5    2   -4    0   -1    3   -3   -2    2    1    0    4   -3    4    4    2   -5    0    4   -2    3    5 
   5    0   -1   -5   -1    5   -1   -4   -2    2    1   -4   -5    5   -2    3   -3    4   -2    2   -2   -2   -4    4    1    1    2    4   -4    4 
  -2   -4    5   -2   -1   -4   -4    4    2   -2   -2    2    0   -4   -2   -2   -2    5   -2    2   -4    5    1    5   -4   -4    1   -2   -4   -2 
   3    3   -3   -4    3    1    5   -2    1   -5   -5    2    4    3    0   -1    2   -5   -2    4    5    5   -1   -4   -5    4    2   -1   -1    4 
   3    4   -4    3    2    4    1   -1   -1   -1   -4   -3   -5   -3   -2    3   -4    4   -1    2    3    4    2    5    4    3   -1   -5    1   -5 
  -3   -4    2   -2   -2    0    3    0    5    2    2   -4    5   -1   -4   -2    3    4    1   -5    0    1    3   -4   -1    2   -1   -2   -5    4 
  -4    1   -4    4   -2    0    0    2   -1   -4   -3   -4    5    0   -4    1    3    2    1    5   -1    4   -2   -4   -5   -1   -2   -2    5   -5 
  -2    2    0    1    2   -5   -4    1    2    5    0   -3   -5    5    4    3    2    2    3   -1    3   -4    0    4    5   -2   -4   -2    0    3 
  -5   -1    4    0    0    5    0    5   -3   -2   -1   -5    1    1    3    4    0   -4    0    0    2   -2   -3    1    2    1   -1   -3   -1   -4 
  -2   -1   -4   -3    1   -1    4    0   -4    5   -2    5    0   -4   -5   -3    3   -3    2    1   -5   -2    1   -5   -1    5    1    5   -1   -4 
   3   -4   -4   -1    2    4   -2   -1    5   -5    4   -2   -3    5    4    5   -5   -1   -1   -3    2   -4   -3    4    0   -1   -2    2   -2   -5 
   0   -2    5   -2    1    3   -5   -1    1    2   -4    3   -5    2    4    5   -3   -5   -3    2   -5    5   -1    3    4   -1    3    1   -3   -4 
   3   -1   -4    1    2    4    5    5    3   -4   -4   -5   -1    0   -1    1   -2    4   -4    1   -2    1    1   -5   -4   -1    2   -3   -2    0 
  -1   -5   -3   -5    3   -2    0   -3    3   -3    1   -5    3    3   -3    2   -2    5    5   -1    0    5    2    3    3   -3   -2   -4    0    0 
   5   -2    4   -3   -2    2   -5    2   -5   -3    1    0    0    1   -1    0    2   -5   -2    0    5   -3   -3   -5   -5    1    4   -1    0   -3 
  -5   -2   -3    0   -2   -3   -2   -3    3    3   -4    1    2    4    2   -1    1   -4    4    0    0    4    1   -5   -5    0   -2    5    3   -4 
  -3   -3   -1   -3    5   -2   -1   -2    5   -4   -4    4    3    5   -5    5    2    2   -2    0    0   -2    1    4    4   -5   -3   -2    4    0 
   5    1   -1    0    1    3    5    2   -1    2   -5   -5    5    1   -3    3    1    3    3   -1    1   -1   -3    4   -1    1   -1    0    1    0 
   2   -3    2    3    5   -5    5    2    2   -3   -5    4   -5   -3    2   -2   -3    5    2    1   -4    1    4    4    5   -5   -4   -1   -4    0 
   1    4    5    4    1   -4    2   -4   -3    1   -1   -2   -4    1    3    5   -2   -1   -2    0    5   -2   -3    2   -4   -5    3   -3   -1    0 
   3   -1   -2    4    4   -1   -2    0   -5    3   -4    5    2   -5   -2    3   -2    3   -5   -5   -1   -3    0   -5   -1   -3    0   -2    5    0 

LLL-reduced basis:
  -4   -4    2    1   -4   -3    3    5    2    5   -4    3   -4    3   -4    3    0    3   -5   -5    1    5   -5    1   -4   -1   -5    5    0    2 
  -1   -5   -3   -4    5   -5    1   -1    3   -2   -4    3   -1    1    0   -5   -1   -4   -4    4   -4    5    5   -5    3    1    2    2    3   -2 
  -1    3    5    4    3   -4   -4   -3    3    0    1   -2   -2   -4    5   -5    3   -1    5   -1   -2   -1    2   -3    4    2    5    4    3    4 
   0    3    1    0    2    4    2   -5    4    1    1    1   -5    2   -4    0    0   -4   -4    0    0    5   -3   -2   -3    0    1    4   -4   -4 
  -2   -5   -5    1    3   -4    4    3    4   -2   -1    3   -3   -2   -5    4    5   -1   -1   -4   -2    5    0    3    5   -2   -1   -3    3   -4 
   0    1    1   -3   -1   -5    2    4   -5    4    3   -5   -4   -4    0   -2    0   -5    2   -2   -1    5    1   -2   -1   -1    3    4   -1    0 
   5    0    1   -5    5    2   -3    3   -2   -2   -3   -2    2    3    2    5   -2    4   -3   -2    0    4   -4    4   -5   -3    0   -2    0    0 
   3    2   -3    0    2   -3    5    0   -5    2   -4    0   -1    3   -3   -2    2    1    0    4   -3    4    4    2   -5    0    4   -2    3    5 
   0   -6    5   -1    0   -1   -3   -4    7   -5    1    5   -3    1   -1    4    0   -1    5   -7   -2    1    0    2    0    4   -1   -3    0   -1 
   0   -1    3   -1   -5    4    4    4   -3    5    4    2   -4    3    2    0    2    2    0    2   -4    5    0    1    3    2    4   -5   -4    0 
   5    0   -1   -5   -1    5   -1   -4   -2    2    1   -4   -5    5   -2    3   -3    4   -2    2   -2   -2   -4    4    1    1    2    4   -4    4 
  -2   -4    5   -2   -1   -4   -4    4    2   -2   -2    2    0   -4   -2   -2   -2    5   -2    2   -4    5    1    5   -4   -4    1   -2   -4   -2 
   3    3   -3   -4    3    1    5   -2    1   -5   -5    2    4    3    0   -1    2   -5   -2    4    5    5   -1   -4   -5    4    2   -1   -1    4 
  -5   -1    4    0    0    5    0    5   -3   -2   -1   -5    1    1    3    4    0   -4    0    0    2   -2   -3    1    2    1   -1   -3   -1   -4 
   6   -2   -7   -1    4    1    3   -1    0   -3    0   -2   -4    8    1    3   -3    0   -1    1   -1    0    1    6   -5   -1    2    0    1    0 
   0   -2    5   -2    1    3   -5   -1    1    2   -4    3   -5    2    4    5   -3   -5   -3    2   -5    5   -1    3    4   -1    3    1   -3   -4 
  -7   -6    1    1    2    1   -2    4    4    1    0   -4    0   -2   -3   -3    1    2    0   -1   -2   -6    3   -1    8   -4   -3    2    0    0 
  -5   -7    5   -3   -2   -2    1    2    0    2    2   -4    1    0    2    1   -1   -1   -1   -4   -5    5    3   -3    1    4    1   -4   -2   -6 
  -3   -6   -4   -3    0   -6    4   -6    0    6   -4    8   -3    5   -3    0    4    3    0   -3   -4    1    2    2    5    5   -1   -1    6    0 
  -3   -2    0   -6    4   -7    1    2    0    0   -1   -1   -1    1   -5    3    2   -3    0   -2   -1    3    2    2    3   -6    0    2    3    0 
  -3    0   -1    3    7   -3    5    2    6    1   -1    0   -3   -1    3    0   -1    2   -2   -3    0    7   -2   -3    0   -2   -1    3    7    0 
   4   -3   -7    1   -2   -3   -4    4   -6    4   -1   -1    0    2   -1   -1   -2    1    4   -5    3    1    0    0    0   -4   -7    3    3    0 
  -2   -6    2   -7   -2    1   -2    8    1   -2   -2   -3    0   -3    3    3   -2   -1    6   -2   -1    0   -2    2   -9   -1    0    1   -2    1 
  -4   -7    1   -1    0   -2    7    1   -1    5   -2    6   -6    2   -4   -1   -6   -3    0    2   -6    2    5    2    1    3    0    3   -5   -2 
  -5    4    2    0    1   -1    8   -2    2    5   -4    1   -1    4   -6    2    3    1   -1   -6    1    2    1   -5   -8   -2   -1   -1    1   -2 
   2    0    1   -2    0    4   -4   -4    1   -8    1   -1    1    2   -3    4   -3    0    2    0   -3   -7   -2    7    3   -3   -1   -4    0   -9 
   5    4    1    0   -1    0   -6    1   -4   -2   -5   -6   -4    2    2    3    2   -3    7    0    1   -3    1    0   -4    5   -1    3    2    7 
   5    3    0    1    3    1   -3   -3    1    3    3   -1    8   -3    5    7    1    4    6   -3    3   -4   -1    3    6    0   -1   -2    3   -2 
   4    3   -4    1    2    4    1   -3    0    2    3    4   -2    4    3    3   -1    6   -2    1    0    0   -6    8   -1    4    6   -4   -5    4 
  -1    0   -3    2   -3    5    7   -1    6    2    2   -2   -1    3   -3    5    4    4   -3   -2    8   -1   -7    2    5   -3   -8   -5   -5   -2 


Matrix #19
Min norm before hte reduction:   14.5602
Min norm after the reduction: 12.3693

Basis matrix:
   0    3   -2   -4    5    5    3    1   -2    3    5   -1    4   -4    3   -4   -2   -1    2   -4    3   -1    1   -2    1   -1   -5    5    1    3 
  -3    4   -1   -5    5    4   -1    0    2    0   -2    5    4   -2    1   -2    0    5    5   -4   -4    5   -4    3   -3    2    1    2   -3   -3 
  -4   -3    2   -1    2   -5    0   -2   -5   -5    1   -3   -2    5    1    5   -5   -4    5    3   -1    0    4    4    4    4   -3    1   -5    2 
   3    2    2    2    1   -1    0    2   -1    5   -2    2   -1    4   -4   -4    3    5    4    1   -4   -5   -5   -1    0    1    5    3   -2   -3 
   4    5   -2    0   -5    2    3    1    2    4    0    2    3   -4   -2    0    4   -4   -3   -5   -5    1    1    0    5    2    0    1   -1   -4 
   1    4   -1    2    5   -3   -4   -3    0    4    1   -3   -2    5    1    1   -3   -3   -2    5   -4   -2    1    2   -2   -1   -2   -1    0    0 
   4   -2   -5    0    0    5    4    3    4   -4    0    5   -1    2   -3    3   -1    3   -1    4   -1    1   -4    5   -5   -1    2   -3    4    0 
   3    3    1    0   -5    4   -3   -1   -4   -5    3    5    1   -5   -3   -5   -1   -1   -4   -1   -2    0    2    5    4   -3    2    3   -3    0 
   1    2   -3    2    3   -4   -4    1   -3   -1    4    5   -3    4    5   -2   -4    0   -4   -3   -2   -1   -4    2    3    0    0    5    4    1 
  -4   -3    1    2    2    0    2    4   -2    0   -1    3    5   -1    5    4    2   -1   -2   -4    0    4    2    2    4   -5   -2   -4    3   -3 
  -3    4   -1    3   -4   -3    2    5    5    5   -2   -2   -2    4   -1    0    2   -4   -5   -1   -5    0    2   -1    1    4    1   -5   -3   -5 
   4    3    5   -4   -4    0    1   -3   -3    4    5   -5    4    0   -4   -3    4    5    5   -5   -5   -1   -2    1    5   -5   -5    2    1    1 
   0   -3   -2   -2    0    5   -4    0    2   -4    3    5    2    2   -3    5    3    3    4    2    3    4    3   -3    0    5    2   -2    5    1 
  -4   -1   -2    1    1    1   -5    5    4    5    5    5    1   -1    5    4   -5   -5   -1   -2    0    2    3    4    5    5   -4    5    1    3 
  -3    3    0    1   -3   -2   -5   -3   -4    4   -3   -1   -5    5   -1   -3   -5   -1   -5    3   -4   -4    3   -2    1    0    0   -3   -5   -5 
  -2   -4   -4    2    4    0    0    1   -1    4   -3   -2   -5    0    1    0    4   -3    0    0    4    2   -1    0   -1   -5    5   -4   -2   -2 
   5    3   -3   -2    1   -5   -2    0    1    0    2    4    2   -4   -1    0   -5   -2   -3    2    1    4   -5    4    0    1    4   -5   -3    3 
   2   -5    1    1    4    0    0    1   -4   -5   -4   -3   -3    4    2   -1    2    1   -2   -4    4    3   -3    3   -5   -1    1    3   -3   -3 
   0    1    0    3   -2    5   -3    0   -3   -4    5    0    4   -5    1    5    2    3   -5   -4   -5   -2    0   -5    2   -2   -2    1    5    5 
   3    3    3    5    5    4    5   -5    4    3    0    5    5    5   -4   -1    3   -5    3    4    5    5    4    2    3   -5    4    2   -1   -4 
   5   -4    3   -1    3   -4   -1    1   -5   -4    3    5    4    2    4    3    2   -4    4   -5    3   -2    1   -4    5    5   -5    0    3    4 
   5   -5   -2   -4    2    2    0    0    0   -3    0    5    0    3    2    0   -2   -4   -3    3   -1   -2    0   -3    2    2   -5   -1    1    0 
   3    4   -3   -1    3   -4   -5   -3   -5    2    3   -3   -3   -5    1   -5   -1   -2   -5    5   -1    0   -2   -3   -2    2    4    1    1    2 
   5   -3   -5    4    3    1   -3    5   -4    0    5    3   -2   -1    0    5   -4   -2   -4    2   -3    4   -2   -5   -1   -3    5   -2   -5    5 
   2    1   -3    3   -5    0   -4    1    1    5    2   -3    2   -2   -2   -4    5   -1    4   -2   -1    4    5    4    0    3    2   -2    3    3 
   1   -5    3    2    5   -4    0    2    1    3   -5    5    3    4    3   -4    3    0    4    4    3   -3   -3   -2    2    3    0    2   -4   -1 
  -2    5   -4    3    5   -5   -3   -3    3   -1    1   -5    0    0   -1   -2   -3   -1   -4    3   -3    0    5    4   -1    0   -2    1   -1   -2 
  -1    5    5   -2   -3    1    2    4    4    2   -4    4    2    1    5    1    2    5   -1   -2    2    2   -5    3    2    2    1    5   -3   -2 
   0    3   -2    5    4    2   -3   -3   -2    4    4    1   -3   -3   -4   -2    0   -3    5    4    4   -1    1    3    3   -1    3   -5    5    1 
   4    1    3   -3    4    2    5   -5   -2    3    5    4    4    5    1    5   -4    1    1    0    3   -2   -4    2   -4    3    0   -5   -5   -5 

LLL-reduced basis:
   0    3   -2   -4    5    5    3    1   -2    3    5   -1    4   -4    3   -4   -2   -1    2   -4    3   -1    1   -2    1   -1   -5    5    1    3 
  -3    4   -1   -5    5    4   -1    0    2    0   -2    5    4   -2    1   -2    0    5    5   -4   -4    5   -4    3   -3    2    1    2   -3   -3 
   3    2    2    2    1   -1    0    2   -1    5   -2    2   -1    4   -4   -4    3    5    4    1   -4   -5   -5   -1    0    1    5    3   -2   -3 
  -4   -3    2   -1    2   -5    0   -2   -5   -5    1   -3   -2    5    1    5   -5   -4    5    3   -1    0    4    4    4    4   -3    1   -5    2 
   4    5   -2    0   -5    2    3    1    2    4    0    2    3   -4   -2    0    4   -4   -3   -5   -5    1    1    0    5    2    0    1   -1   -4 
   1    4   -1    2    5   -3   -4   -3    0    4    1   -3   -2    5    1    1   -3   -3   -2    5   -4   -2    1    2   -2   -1   -2   -1    0    0 
  -7    2   -1   -1    6    0    2    5    1    4    3   -5   -1    4    4   -4   -4   -1    0    0    3   -2    2   -3   -3    1   -4   -1   -1    2 
   4   -2   -5    0    0    5    4    3    4   -4    0    5   -1    2   -3    3   -1    3   -1    4   -1    1   -4    5   -5   -1    2   -3    4    0 
  -4    2    2    3   -4   -1   -4    3   -1   -4    1    1   -4    3   -2   -5   -3   -1   -6    3   -2   -1    3    4    0   -1    3   -3   -5   -1 
  -4   -1    1   -1   -8    1   -1    0   -4    0   -4    2   -3    0   -2   -4   -2    2   -3   -2    0   -2    2   -4    3    1    2   -2   -5   -5 
  -1   -2    0   -4    2    3    2   -1    5    1    0   -4    2   -6    2   -3    2   -2   -1    1    1    3    0   -2    1   -2   -2    5   -1    1 
  -6    2   -4    1    4    3    2    1    0    4   -1    1    2    0    4   -4   -6    0   -1    3    6    0    2    3   -3   -2   -3   -1   -3    0 
  -3    1   -3    1    0   -2    1    0    3   -5    0   -2    2   -5   -2   -3    0    2   -2   -2    1    2    4    2    1    1    0    2   -1   -2 
   5   -5   -2   -4    2    2    0    0    0   -3    0    5    0    3    2    0   -2   -4   -3    3   -1   -2    0   -3    2    2   -5   -1    1    0 
   0   -3   -1    2    0   -6   -5   -1    4   -3   -1    2   -5    2    4   -1    0   -1   -7    2   -4    3   -5    2    3   -1    3    5    2   -1 
  -4   -3    1    2    2    0    2    4   -2    0   -1    3    5   -1    5    4    2   -1   -2   -4    0    4    2    2    4   -5   -2   -4    3   -3 
   0   -9   -1    1    3    1    6    6   -8   -1    0   -4   -8    3    2    0   -6   -1    0    2    2   -3    0    1    2    0    2    1   -3    5 
   5   -6    1   -3   -4    0   -1   -1   -2   -3   -3    2   -4    3   -1   -3   -2    7    2   -1    1    2   -6    3   -4    2    0   -6   -3    5 
   0   -3   -2   -2    0    5   -4    0    2   -4    3    5    2    2   -3    5    3    3    4    2    3    4    3   -3    0    5    2   -2    5    1 
   2   -2    7    5   -5   -3   -4    5    3    6   -2   -1   -3   -2   -2    3    1    2   -1   -3   -2   -5   -3    0   -5   -2    2   -4    2    2 
   4    1   -5    3    4   -1    2   -1    1    4    3    0   -1    6   -5    2    5   -4    5    6    3   -5   -1    2    0   -4    1   -1    2   -2 
   0    3   -2   -3   -1   -1    0   -2   -4    3    4    0    5   -6    0   -6    2   -4   -6    6   -1   -2    2   -5    7   -3   -2    3    2   -5 
   1   -2    4   -5    1   -3   -4   -1   -2   -3    2    2   -1    6   -2    2   -9    2    3   -2    0   -2   -2    0    2   -2   -2   -4   -4    3 
   1    2   -6    2    4   -3   -3   -7    3    2    4    1    1   -5    0    1    1   -4   -4   -5   -3    8   -2    0    4    1    0    1   -1    1 
   2   -6    3    2   -5   -5   -5    4    4    0   -3    2    0    0   -1   -6   -1   -1   -4   -1    1   -4   -1   -3    0   -8    3   -5    3   -1 
   5   -3   -6    2    3   -3   -3    0    9   -4   -3   -3   -3    1    0    7   -1    4   -2    4   -1   -4   -7    2   -3   -4    3    3    3    4 
   5   -4    4    4    0   -2    0   -3   -6   -1    0   -3    5    1    1    1    2   -8    1   -5    0    2    2    0   -2    3   -5    1   -1    1 
  -2    0   -1    1   -1    3    3    4   11    1    2   -1   -1   -4    4    1   -4   -3    5   -1    9   -1   -4   -5   -4   -6   -5    1    3    5 
   2   -2   -2    1   -2   -1    6    0   -5    4    3    2    0    2   -5   -5    0    1   -2    9   -2   -5    6   -2    0   -5    1   -1    0   -1 
   0   -3    6   -1   -2   -2    5   -2    4    7    0   -3   -1    4    5   -1    7    2    4   -1   -1   -6    1    1    3    1   -1   -1   -2   -5 


Matrix #20
Min norm before hte reduction:   14.4222
Min norm after the reduction: 15.0997

Basis matrix:
  -2    5    3   -3   -2   -4   -4    5    1    2    4   -3   -5    4   -5    2   -3    2   -5   -3   -3   -2    2   -4   -3    2    5   -4    3   -4 
   3    3    1    2   -4   -1   -1    5    0    3    5    4   -1   -4   -5   -2   -4    0    2   -2   -5    3    5    0   -3    1    0    0    1   -1 
   1    5   -3   -3    4    4    4    0    3    3    5    3    4   -4   -1    0   -2    5    1    2    2   -5   -2    3   -3   -4    1    0   -5    1 
   5   -1    4   -5    2   -3    3    2   -4    5    4   -2   -1    5    1   -5   -4   -2   -1    1    1   -1   -5    4    3   -3   -2    4   -1   -4 
  -1   -2    1    5    0   -4    4    4    2    3   -5    0   -5    4    0   -3   -4    4   -1   -5    0    1    1   -4    3   -3   -5   -2   -1   -1 
  -3   -2    0    0   -5    0   -4   -2   -5    5   -3    3   -3    0    1    3    5    1   -3   -3    0    3    2    2   -4    4    3    1    2   -1 
  -1   -1    4   -4   -5    1    4   -4   -4   -5   -1    3    3   -2    1   -2    0   -5    0   -3    2    2    2    5   -5    3    1    3   -1    3 
   0    1   -5   -4   -1    3    5    2   -3   -4    0    3    0    0   -4    4   -1    4    5   -4   -1   -4   -2    1    5   -2    1    0   -4   -4 
  -5    3    0   -1    2   -5   -1   -3    4    0   -4    1   -2   -1    3    0    2    1    2   -4    1   -5   -3   -3   -2   -5   -2   -2    3    5 
  -1   -4    4   -4   -3    0    1   -4    3    4   -1   -1    3    0   -2   -1    0   -2    4    5   -1    0    0    2    5    1    2   -4    4    0 
  -1    4    5   -1   -4   -5    0    4    3   -4    2   -4   -2    3   -5    0    1   -3   -1   -4   -4    3   -4   -1    0    5   -1   -2    3    5 
   1   -1    4   -2    3   -2   -3   -3    3   -2   -5    4    2   -3    5    3    3    2   -5    5    3    4    4    0    3    5    5    0    0   -1 
  -5    0   -5   -1   -2    0    5    5    1   -2    5   -4   -5    3   -4   -1   -5   -4   -1    0   -5    2   -1    1    4    5    0   -5    1    0 
   4    4   -5   -4   -3   -2   -2    0    3   -4   -4   -2    0   -5    0   -1   -5    2   -5    5    2    5   -3   -2   -5   -5    2    3   -1    2 
  -3   -4   -1    3    0   -4    3    1    5    2   -4    5   -4   -4    1    0    3    4   -4    5    0    1    3   -5   -5   -1   -2    1   -5    2 
  -4   -4    1   -3   -4    3    3    3   -2    5   -1    5    5    0    0    0    5    3    3   -4   -1    1   -1    0   -4   -5   -1   -1    2   -4 
  -1   -4    4    3   -5   -1   -3    3   -3   -4   -2   -3   -2    0   -2   -4   -1    3   -1    1    1    4    2    4   -4   -4    4   -3    3    3 
  -4   -3    4    0    5    2    0    3   -1    1   -1   -3   -5   -5    1   -3    5    0    2    0    3   -2    5    4   -1   -5   -3    4    5   -5 
  -4    5   -3   -4   -1   -2   -4   -5    2    5   -1   -5    5    1   -4    0    3   -5   -4    4    3    5   -3   -2   -2    0   -2   -3   -3   -2 
  -1    4   -2   -4    0   -4   -1    3    5    4    4    1   -1    2   -2    3   -1    4    3    4    4    0    5   -1   -3   -1    2   -4    2    5 
   0    3   -4    2   -4    3   -4    1    3   -4    0   -4    3   -3    0   -1   -1    4    3    4   -5   -2   -3   -4    3    2   -4   -2    5    2 
  -3   -4   -1   -4   -5   -3    2    0    0    0    1    3    5   -5   -1    3    5    3   -1    2   -2   -1    0    3    5    1   -1   -2   -3   -3 
  -2    3    4    2    1    3    4   -4   -2    5   -1    4    1   -1   -4   -5   -3   -4   -2   -5    4    1    4   -5    5   -4    5    5   -2   -4 
   1   -4    4    3   -3    4   -4    0    4    5    3    0    1   -2    4   -1    1   -4    3   -3   -2    1    0   -5   -4   -2    4   -3    3    3 
  -5   -4   -4    2   -2    1    3    1    1    5    5   -1    0   -4    5   -5    3   -3   -2   -1   -3   -5    1    0   -3    4    2    2    4   -3 
  -2   -2    2   -2   -5    3    4    3   -1   -4    1   -3    5    5    4    5    0   -3    2    2    5   -2    0    4    5    2    2   -2   -2    1 
   2    1    2   -5   -2   -2   -1   -3   -5   -1   -4   -5   -3   -1    1   -1   -3    5    3    2   -3    4   -1   -2    5    1    3    5   -2    3 
  -3   -3    0    5   -4    5    1    5   -5    0   -2    3   -5   -1   -2    5   -1    4   -1    3    2    3   -5    1    5   -1   -5   -3    4    0 
   2    3   -5   -5    0    1   -5    3    4    3   -1   -3    1   -1   -3   -3    0    2   -1   -4    4   -4   -4    1    0   -2   -5    4    1   -1 
  -4   -1   -2    3    4   -5   -2   -1    2   -4    0    1    1   -2   -3   -2    1   -3   -2   -1    1   -1    5    2    1    5   -4    0    1   -2 

LLL-reduced basis:
   3    3    1    2   -4   -1   -1    5    0    3    5    4   -1   -4   -5   -2   -4    0    2   -2   -5    3    5    0   -3    1    0    0    1   -1 
  -2    5    3   -3   -2   -4   -4    5    1    2    4   -3   -5    4   -5    2   -3    2   -5   -3   -3   -2    2   -4   -3    2    5   -4    3   -4 
   1    5   -3   -3    4    4    4    0    3    3    5    3    4   -4   -1    0   -2    5    1    2    2   -5   -2    3   -3   -4    1    0   -5    1 
   5   -1    4   -5    2   -3    3    2   -4    5    4   -2   -1    5    1   -5   -4   -2   -1    1    1   -1   -5    4    3   -3   -2    4   -1   -4 
  -1   -2    1    5    0   -4    4    4    2    3   -5    0   -5    4    0   -3   -4    4   -1   -5    0    1    1   -4    3   -3   -5   -2   -1   -1 
  -3   -2    0    0   -5    0   -4   -2   -5    5   -3    3   -3    0    1    3    5    1   -3   -3    0    3    2    2   -4    4    3    1    2   -1 
  -1   -1    4   -4   -5    1    4   -4   -4   -5   -1    3    3   -2    1   -2    0   -5    0   -3    2    2    2    5   -5    3    1    3   -1    3 
  -5    3    0   -1    2   -5   -1   -3    4    0   -4    1   -2   -1    3    0    2    1    2   -4    1   -5   -3   -3   -2   -5   -2   -2    3    5 
  -1    4    5   -1   -4   -5    0    4    3   -4    2   -4   -2    3   -5    0    1   -3   -1   -4   -4    3   -4   -1    0    5   -1   -2    3    5 
   0    1   -5   -4   -1    3    5    2   -3   -4    0    3    0    0   -4    4   -1    4    5   -4   -1   -4   -2    1    5   -2    1    0   -4   -4 
  -1   -4    4   -4   -3    0    1   -4    3    4   -1   -1    3    0   -2   -1    0   -2    4    5   -1    0    0    2    5    1    2   -4    4    0 
   1   -1    4   -2    3   -2   -3   -3    3   -2   -5    4    2   -3    5    3    3    2   -5    5    3    4    4    0    3    5    5    0    0   -1 
  -5    0   -5   -1   -2    0    5    5    1   -2    5   -4   -5    3   -4   -1   -5   -4   -1    0   -5    2   -1    1    4    5    0   -5    1    0 
  -3   -4   -1    3    0   -4    3    1    5    2   -4    5   -4   -4    1    0    3    4   -4    5    0    1    3   -5   -5   -1   -2    1   -5    2 
  -1   -2    1   -3    1    3    7    5    3    0    2    2    8    0   -1   -3    0    2    6   -1   -1   -2   -3   -2    0   -9   -4   -2    0   -3 
  -3   -4   -1   -4   -5   -3    2    0    0    0    1    3    5   -5   -1    3    5    3   -1    2   -2   -1    0    3    5    1   -1   -2   -3   -3 
   2    0    0   -3   -7    0   -5    1   -6    6    1   -3   -1    2    2   -3    0    3   -1    2   -4    0   -6    2    2    3   -3    3    6   -3 
  -3   -1    5    1    2   -1   -3    1    0    2   -5   -3   -2    6   -2   -5    2    5   -1    9    2    3   -1   -3    3    1   -1   -4   -1   -3 
   3    2    5   -3   -4   -9  -11    4   -5   -4    6   -1   -7   -1   -1   -2    2   -3    2    1   -6   -1   -4   -4    6    2    2    0   -2   -3 
  -1   -4   -3    6   -2    1   -5    3    2    5   -1    3   -8   -1    1   -5   -1    1    2   -3   -4   -2    0   -8   -6    2   -3    3    4   -1 
  -3    3    0    2    3   -1    1   -1    4   -2   -5   -1   -2   -1   -1    2    0   -2    2   11   -2   -6   -3    0    4    0   -1    1    1    0 
   0    1    3    6    3   -8    1    4    4   -2   -6   -5   -5    4    1    4    9    2   -3   -2   -1   -1   -1   -9    2   -1    2    2    2    0 
   6   -7    5   -3   -2    3   -2    1   -4    1    1   -1    5    0    1    3    6   -6    5    6    0    1    7    1    9   -2   -1    2   -1   -4 
  -5   -1   -4    7   -7    0    1    3   -3   -1   -2    3   -3    2    4    0   -9    1   -1   -4    2    2    4    1   -4    4    3   -2    2   -2 
  -3    0   -3    4   -2    4    4   10   -7   -1   -7    1   -2   -1   -3   -1    3    0    3   -2   -4    6    4    2   -5    3   -2   -1    0    1 
   0   -5   -1   -6   -6   -1    0    3    5   -2   -6   -1    2   -2   -2    5    6    0    0   -5    3    1   -1   -3    5   -5    0   -1   -4    0 
  -1   -2   -4    4    4    2    5    0    1    4    7   -4    4   -2    0    0   -4    3    0   -1    6    2    3    1   -4   -2   -2    1    0   -9 
   3   -8    5   -4    0    2    1    1    5   -4    3    2    0    2    0   -7    0    0    3    9    3    4   -1    4    6   -2   -2    4    4    2 
  -3   -9    3    0    1   -2    7    1   -6    4   -2    4    1    4    4   -2   -1   -7    7   -2    1    0   -1   -6    8   -5   -3    2    2    2 
  -6   -4    1   -5   -2   -4    0   -1   -5    0   -5    1    3   -3   -2   -3    3    5    4   -3   -3    4    3    0    2    1   -2    4    1   -3 


Matrix #21
Min norm before hte reduction:   12.9228
Min norm after the reduction: 12.9228

Basis matrix:
   5    1    0    0   -3    3    2    5   -1   -3    5    4   -3   -2    3    3    4    1    0    1    1    2    5    5    0    1    3   -2   -1    3 
   0    4   -1    5    2    2   -1    2    5    2    0    5    3    2   -1   -3    5    4    4   -3    0   -1    0    1    5    4    2    2    3   -1 
   4   -4    4   -4    4   -2    0    5    0    4   -4   -2    0   -1    4    5    3    2    4    3    0    4   -2    1   -2    4    0   -4    5   -4 
   2   -1    3   -4    2    2   -5   -2    1    1   -5   -2    5    3    5   -3    3    3   -5    4   -5    1    1    5   -2    4    5    0   -2   -2 
  -1   -5   -5   -2    1    0   -3    4    0    3    0   -1   -3    0   -3    3   -5   -1    3   -3    1   -1   -4    2   -2   -2    5    1   -3   -5 
   2    0    5   -4   -5    1   -1   -4    3   -5   -3   -5   -3    2   -2    1    3   -5   -5   -5   -4   -2    5   -4    5   -1   -5   -5    5   -5 
   3    3    2   -3    5    0    4    4    3   -5    4    2    0    3    0    3    0    0    2    1    1    0    4    2   -1   -4    0   -3   -3    5 
   1    3   -5    4    5    1   -3    4   -3    4   -2    2   -3   -1   -1   -5    3    2    1   -5   -2    1    4    3    1   -5   -3   -3   -4   -5 
  -2    0   -3    4   -3    3    4    1    3    1    1    2   -4   -5   -2    3   -2   -5    5    2   -3   -3   -1    0    1    4   -1    2   -3    5 
   4    5    1   -1   -3   -4    2    3   -4   -5    1    5    1   -4   -1   -4    0   -4    1    2    5    4   -4    3    2   -4    5    0    1   -5 
   2   -3   -5    4   -1    3    2    2    2   -4   -2   -2   -3   -2    2    1    3   -1    1    4    2    5    5   -1    3   -3    1   -2   -2    3 
  -4   -2   -4   -2    0   -1   -4   -3    1   -4   -4   -5   -5    1   -5   -2   -3   -5   -4   -4    0   -5    4    0   -1    1    3    1    3    3 
   0   -1   -1    2    4   -5   -4   -4   -2    5    0   -3   -5    2   -3    5    0    3    4   -4   -1   -3    3   -2    4    1   -4   -5   -2   -4 
   1    4    2    2    1   -1    5   -4   -2    2   -2    1   -1   -2    2    1   -1    0    0   -2   -3    2    1   -3   -1   -4    1    2    1    5 
   2   -2    3   -5    4   -4   -2   -5   -5    0    2   -3   -3    4    3    4   -5    4    5    0   -1    3    2    2   -5    3    5    3    1   -3 
  -4    4    3    1   -1   -1    2   -2    3   -2   -4   -3    3   -4    5    4   -2   -1   -1    0    5   -1    4   -2    1    5    0   -5   -2    0 
   0    2    1    4    1    1   -5    0    2   -1   -3   -1    0    3   -2   -1   -3   -1   -3   -4    1   -5    1    1   -3    3   -3   -4   -2   -1 
   4    3    3    3   -5    1   -5   -4   -4    3    3   -2    4   -1    1   -5   -2   -3    2    0   -4   -1    5    5   -1    5   -1   -5    4   -4 
  -1    1    4    3    1   -4   -1    1    0   -4    0   -3    3    5    1    2    5    4    5    4   -4   -1   -4    2   -4   -1    4   -5    0    4 
  -1   -5   -3   -2    5    0    5   -3   -4   -4    4    0   -4    0   -1    0   -5   -5   -4   -2    1    3   -4   -3   -2    4   -4    3    4   -4 
   4    4   -2   -2    3   -3   -3    3    1   -3    4    1   -2    4    3    1    5    1    3    3   -5    4    1    1   -5    0    3    2    4    2 
   0    2   -2    2    1   -2    1   -2    0    3    5    4    1   -3   -4    2    2   -5   -4    5    4    4    3    1   -3    5   -3    5    1    2 
   0    2    4    5    4   -4   -2   -4    3   -4    3   -5   -3    4   -4    5   -2    2    3    2    5    5    3   -1    0   -3    4    0    5   -2 
  -1    4   -4   -1    2   -1    4    5    1    2   -2   -3   -5   -4   -3   -3    5   -4    5   -1    2   -5   -3   -1    1    3   -5    2   -2    1 
   2   -1    3    5   -1    1   -1    2   -2   -1    2   -5   -5   -1    5    3    0   -2   -2   -4   -4   -2    4    0    0   -2   -5   -4    1    1 
   4   -4   -4   -4   -3    4   -1    4    1   -1   -4    1   -3    0   -2    4   -1    0    2   -5    2    1   -2   -1   -5   -3   -1    2    0    2 
   2   -3    3   -3    5    5    4    4    2    0    1    5   -5    1    0    2    3   -4   -3    0    5   -5    3   -4    0    0    3    0    5   -1 
  -4   -5   -2   -4    4   -3    5   -2    1    4    2    4    1    0   -1   -1   -2   -2    1   -2   -1    4    4   -1    5    0    4    5    3   -2 
  -4   -4    5    5    4    3   -5   -4   -1    2   -4    5    3   -1    1   -3   -3    3    2    5    5    4    0   -3    3   -2   -4    1    0    4 
  -5   -4   -1    4   -2   -1    3    3    1    2    0   -3    3    2   -3   -4    0    4   -1    1   -1    1    0   -3   -2    2   -2   -4    4    2 

LLL-reduced basis:
   5    1    0    0   -3    3    2    5   -1   -3    5    4   -3   -2    3    3    4    1    0    1    1    2    5    5    0    1    3   -2   -1    3 
   0    4   -1    5    2    2   -1    2    5    2    0    5    3    2   -1   -3    5    4    4   -3    0   -1    0    1    5    4    2    2    3   -1 
   4   -4    4   -4    4   -2    0    5    0    4   -4   -2    0   -1    4    5    3    2    4    3    0    4   -2    1   -2    4    0   -4    5   -4 
   2   -1    3   -4    2    2   -5   -2    1    1   -5   -2    5    3    5   -3    3    3   -5    4   -5    1    1    5   -2    4    5    0   -2   -2 
  -1   -5   -5   -2    1    0   -3    4    0    3    0   -1   -3    0   -3    3   -5   -1    3   -3    1   -1   -4    2   -2   -2    5    1   -3   -5 
   3    3    2   -3    5    0    4    4    3   -5    4    2    0    3    0    3    0    0    2    1    1    0    4    2   -1   -4    0   -3   -3    5 
  -2    0   -3    4   -3    3    4    1    3    1    1    2   -4   -5   -2    3   -2   -5    5    2   -3   -3   -1    0    1    4   -1    2   -3    5 
   2   -3   -5    4   -1    3    2    2    2   -4   -2   -2   -3   -2    2    1    3   -1    1    4    2    5    5   -1    3   -3    1   -2   -2    3 
   1    3   -5    4    5    1   -3    4   -3    4   -2    2   -3   -1   -1   -5    3    2    1   -5   -2    1    4    3    1   -5   -3   -3   -4   -5 
   4    5    1   -1   -3   -4    2    3   -4   -5    1    5    1   -4   -1   -4    0   -4    1    2    5    4   -4    3    2   -4    5    0    1   -5 
  -4   -2   -4   -2    0   -1   -4   -3    1   -4   -4   -5   -5    1   -5   -2   -3   -5   -4   -4    0   -5    4    0   -1    1    3    1    3    3 
   0   -1   -1    2    4   -5   -4   -4   -2    5    0   -3   -5    2   -3    5    0    3    4   -4   -1   -3    3   -2    4    1   -4   -5   -2   -4 
   1    4    2    2    1   -1    5   -4   -2    2   -2    1   -1   -2    2    1   -1    0    0   -2   -3    2    1   -3   -1   -4    1    2    1    5 
   0    2    1    4    1    1   -5    0    2   -1   -3   -1    0    3   -2   -1   -3   -1   -3   -4    1   -5    1    1   -3    3   -3   -4   -2   -1 
  -4    2   -1    1    3    3   -1   -1    0   -2   -2    0    2    0    1  -10   -2   -2    4    5   -4    1    0    3   -4    6   -4    6   -1   -2 
  -4    2    2   -3   -2   -2    7   -2    1   -1   -1   -2    3   -7    7    5    1    0    2    4    4    4    3   -3    4    2    3   -1    0    1 
   4    4   -2   -2    3   -3   -3    3    1   -3    4    1   -2    4    3    1    5    1    3    3   -5    4    1    1   -5    0    3    2    4    2 
  -4    5    5    2    1    0    3   -2   -2    1    1    0    2   -4    0   -5  -10    2   -6    0    7   -2   -4   -4    1   -8   -5    1    0    3 
  -4    5    5    2    0   -4    3   -1    4    1    6    1    3   -1   -7    1    3    0    0    2    3    2   -5   -3    5   -6    1    3    8   -1 
   4   -4   -4   -4   -3    4   -1    4    1   -1   -4    1   -3    0   -2    4   -1    0    2   -5    2    1   -2   -1   -5   -3   -1    2    0    2 
   0    3    6   -1    0   -4    8   -3   -1    0   -2   -1   -1   -1    1   -3    3    5    7    4    6    6   -1   -3    5    2    1   -1    1   -6 
   4    2   -4    2   -2    1    4    1   -6   -7   -3   -2   -4   -9    0   -3    0  -10   -1    1    6   -2    4    3    3   -1   -3    1   -4    5 
   5    4   -5    1   -4    2    1    4   -4   -2    3    1   -3   -3    1   -1    1   -6   -3   -4    3    4    0    0   -3   -3    4    3    2   -6 
  -1   -1    5   -1   -5   -3    0   -5   -2    0    5    1   -3   -6   -2    6   -1    1   -3   -6    4   -2    3    0   -2   -3   -2   -2    0    3 
  -4   -6   -1    3   -4    4    6   -1   -3    3    1   -7    1   -1    2    5    4    2    1   -1   -2    0   -2   -3   -1   -3    3    0   -1    2 
   0    0    3    1    0    2   -6   -3   -6    2   -3    2    3    1   -1   -8   -6   -2   -2   -2   -7    2   -3    0   -3   -8    1    4   -4   -1 
   1    2   -4    0   -6    1   -1   -2   -2   -1    2    5   -1   -3    1    1   -3   -1   -3   -7   -6   -1   -1    5    1   -6    3    3   -1   -5 
   8    3    1    3    3    6    1   -1    0    0    4    0    2    2   -3   -4    2    3   -1   -3    1    4   -1    5   -2   -4   -4   -2   -2   -1 
  -2   -3    2    1    0    2   -3   -1    0   -3    3    3    1    5    5    3    3    1   -3   -7    1    0    3    2   -4    0    5    4    5    3 
  -2   -4   -5    2   -4   -1    1   -2    2    2   -7   -6    2    1   -1   -2   -4  -11   -1    2    4    1   -3    4   -3    1    4    1    0   -5 


Matrix #22
Min norm before hte reduction:   14.6287
Min norm after the reduction: 15.2315

Basis matrix:
   1   -1    1    2    3   -3   -2    1   -4    4   -3    5   -3    5   -4    0    3    4   -1    2    4    2   -4    0   -4    1    2    1    4   -5 
   0    5    5   -1   -1    0    4    5   -3   -4    1   -1   -2    0    3    1   -4   -4   -4    5    3    2   -2   -5    5   -2   -1   -4    2    5 
  -2    3   -4    5    2    2    0    4   -3    4    0    4    3    2    3   -5   -1   -2    5    3   -4   -1    1   -3   -4   -2   -5   -1   -2    0 
   0    0    3   -2   -5    1    0   -5   -5    3    3   -5   -5    5   -3    4    3    5    4    2    3    5   -5    0   -3   -5    3   -5    5    5 
  -2   -4    4   -1    0   -2    0    4    4    5    5   -3   -1    2    2    2    2    1    5   -5    0   -4    5    0    4   -1    4   -1    1   -4 
   1    0    2    5    0    2   -5    0   -4   -3    5    3    3   -2   -5    1    5    4    4    3    0   -1    5    3    4    4   -5    5   -1    2 
  -4    5    4    4    3    0   -2    5   -5   -4    3   -3    1    3   -2   -4    5   -1    1   -4    3   -3    4   -3    1   -2   -1    5    3   -3 
  -3   -3   -5   -3    5    2   -2   -3   -4    3   -3   -1   -4   -4    0   -3    2   -1    1    4    4    3    3    2   -5   -3    3    2    5    3 
  -5    3   -1    3   -3    2   -4   -3    3   -5    4    3   -4   -2    4   -4   -2   -3    5   -2    5   -2   -2   -2   -5    1    3   -3    4   -3 
   4   -4    5    0    1   -3   -4   -5   -3    1   -5   -5    3    1    3    4    1    3   -4    0    0   -1    3    1    1    0    2   -3   -5    1 
   3    3   -4    0   -3    5    4    2    2    1    4    5    0   -2    1    1   -1    3   -4    5    5    0    0   -4    5    5   -1    0    2   -2 
   5    4    0    2   -4    0   -1    2    2    5   -4    4    1   -3   -5    5   -2    2    3    4    5   -5   -2    0   -5    2   -5    4    4   -3 
  -2   -4    2   -1   -4    1    0    3   -5   -1   -1    1   -3    0    1   -1    2    4    3   -4   -1   -4   -3   -3   -1    2   -3    2    1    5 
  -4    3    2   -5   -5    1   -5    4    0    2   -5    0   -5    5   -1    5    2   -2   -3   -4   -3   -1    1   -3    4    0    2    1    2   -4 
   2   -4   -1   -1    4    0    3    1    1   -5    4   -4   -1    5   -1    5    4   -3   -2    3   -5    3    1    5   -3    4    0    3    3   -1 
  -1    0    1   -3   -3   -5    1    4    2    5    2    1    2    0   -3   -3    5    0    1    1    3    2    3    3    5    5    5    2    2   -2 
   3    2    1   -2    0    2    5   -1   -4    4   -1    1   -4    3    4    1    0    3    0   -2    2   -4    1   -2    3   -4    2    2   -3   -5 
   2   -5   -4    0   -3    2   -1   -2   -4   -2    4    3   -5    0    1   -1    0    2    5   -5    5    0   -1    4    1   -4   -5   -3    3    5 
   1    2   -3   -3    1    5    4    5    0   -2   -4    2    3   -4    4    1   -4    1    5   -4   -3    5   -1    2   -2    1   -4    5    1   -4 
  -1    3    4    2    0   -3   -3    0   -5   -5    2   -3   -3    2   -4   -3   -2   -3   -2    4    2    0    2    5   -3    5    0   -4   -5   -5 
  -2   -3   -1   -4   -1    4    0    0    0   -5    5   -5   -2   -2    3    5    3    4    5   -1    0   -3   -5   -2    4   -3   -1    0    1    5 
   3   -3    1    0    0    4    5   -3    0    2   -5   -1    4   -3   -5   -5    5    1   -2    5    4   -2   -2    0    0   -4   -3   -2    1   -3 
  -4    4    4    5    0   -1   -1   -5   -1   -2   -5    2    0   -3   -5    5   -1    3   -4   -2    5    2    4   -5    1   -3   -4   -5   -2    5 
  -1    1    2   -4    3   -4    0    2   -5    0   -5   -4    0    4    0    2    5   -2   -3   -1    3    1   -5   -1    5   -5    3   -4    3   -4 
   2    0   -4   -4    1    2    2    0   -5    0   -4   -1    4    0   -3   -3   -2   -5   -5    4   -5   -2    1   -5   -2    5   -5    0    3   -5 
   0   -4   -1    3    5   -1   -4    1    3    0   -2   -1   -1   -2   -2   -4   -4    5    2    4   -2    0   -2   -1    0    3   -1   -4    4   -2 
   5    3   -4    3    1    0   -2   -3   -5    3    1   -1   -3    5    1   -3    0    5   -4    0    1   -3   -2    0    1    2    3   -4   -2    5 
  -1   -5    3   -2   -3   -1    5    0   -4    0    2    0   -5    1    5   -4    3   -2    3   -2   -3    1   -3    0    4    1   -4   -3   -1   -2 
   3    4    4    3    3    2    4   -4   -5    0    0    0    2    1    0    0    5    0    0    1   -1   -4   -4   -4    5    2   -4   -4   -3   -2 
  -4   -4    2    5   -3    0   -3    5   -4    2    5   -1   -4    1    2    0   -2    3    5   -5    0   -5    4    2   -4    1    5    1    3    3 

LLL-reduced basis:
   1   -1    1    2    3   -3   -2    1   -4    4   -3    5   -3    5   -4    0    3    4   -1    2    4    2   -4    0   -4    1    2    1    4   -5 
   0    5    5   -1   -1    0    4    5   -3   -4    1   -1   -2    0    3    1   -4   -4   -4    5    3    2   -2   -5    5   -2   -1   -4    2    5 
  -2    3   -4    5    2    2    0    4   -3    4    0    4    3    2    3   -5   -1   -2    5    3   -4   -1    1   -3   -4   -2   -5   -1   -2    0 
  -2   -4    4   -1    0   -2    0    4    4    5    5   -3   -1    2    2    2    2    1    5   -5    0   -4    5    0    4   -1    4   -1    1   -4 
   0    0    3   -2   -5    1    0   -5   -5    3    3   -5   -5    5   -3    4    3    5    4    2    3    5   -5    0   -3   -5    3   -5    5    5 
   1    0    2    5    0    2   -5    0   -4   -3    5    3    3   -2   -5    1    5    4    4    3    0   -1    5    3    4    4   -5    5   -1    2 
  -4    5    4    4    3    0   -2    5   -5   -4    3   -3    1    3   -2   -4    5   -1    1   -4    3   -3    4   -3    1   -2   -1    5    3   -3 
  -3   -3   -5   -3    5    2   -2   -3   -4    3   -3   -1   -4   -4    0   -3    2   -1    1    4    4    3    3    2   -5   -3    3    2    5    3 
  -5    3   -1    3   -3    2   -4   -3    3   -5    4    3   -4   -2    4   -4   -2   -3    5   -2    5   -2   -2   -2   -5    1    3   -3    4   -3 
   4   -4    5    0    1   -3   -4   -5   -3    1   -5   -5    3    1    3    4    1    3   -4    0    0   -1    3    1    1    0    2   -3   -5    1 
   3    3   -4    0   -3    5    4    2    2    1    4    5    0   -2    1    1   -1    3   -4    5    5    0    0   -4    5    5   -1    0    2   -2 
  -1    0    1   -3   -3   -5    1    4    2    5    2    1    2    0   -3   -3    5    0    1    1    3    2    3    3    5    5    5    2    2   -2 
   2    3   -2    2   -2    3    2    1    4   -2    3   -2    1    2    0    3   -5   -3   -4   -2    1    2   -2   -3    2   -6   -4   -1    4    1 
   3    6    0   -2   -2   -3    4   -2   -4    1   -5   -2    0    5   -2   -2   -1   -4   -4   -3    1    4   -3    2    1   -9    0    4    0    0 
   1    0   -3   -1   -1    0   -3   -1   -8    0   -3   -2    7   -1    4   -1    6    4    2    8   -1    1   -3   -1    2    1   -3   -1   -5    8 
  -3    3    2   -6    3   -2    3   -3   -1   -7   -7   -2   -4   -4   -2   -2   -1   -8   -5   -4   -1    0   -1    3    1    0    4   -2   -1   -4 
  -3    2   -1   -1   -5    2   -3   -4   -2    3   -1   -3    0    2    8    2    2   -1    2    2    5    3    1   -1   -6   -2    5   -2    0   -1 
  -4    2   -4   -6   -6    0    3   -2    0   -2   -3   -5    0   -5   -1   -2   -1   -3   -3   -3    3    1    0    3    6    1    1    8    0    2 
   4   -6    2   -3    8   -3   -1    1   -5   -2   -9    4   -5   -1    0   -3    2   -1   -6   -5    2   -2    1    1   -4   -4    1    6    3    1 
  -1    0   -1    0   -1    2    0    5    7   -7   -1    1   -2   -3    7   -6   -6   -3    2   -5   -3   -3   -2   -4   -2   -1   -2    0    3   -1 
  -1    2   -5    3    3   -3    5   11   -2    5    1    0    4    8   -1   -3    0    0   -2   -5    2   -1    0   -1    6   -1   -6    0   -1   -8 
   4    2    1    4    4    1    5   -1    4    1   -2    2    3    2   -4    3    0   -4   -6   -4   -3    1   -1    1   -2    1   -6   10   -2   -4 
  -2   -1   -9   -3    3   -2    3   -2    1   -1   -5   -3    5   -6    5   -3   -1   -5   -1   -2    2    0    3   -1   -1    0   -1   -4    1    1 
   7    0    7    0    3   -7    0   -2   -1    0   -5    4    1   -1   -6    1    2    4   -4    2   -1   -2   -1    6    0    4   -1    2   -8   -3 
  -4   -2   -4    1    0   -2   -1   -1    3    1   -2    4   -2   -1    9   -5   -2   -3    8   -2   -4   -5    5    2   -6   -1    4    0    2   -3 
   2   -2    2    3    3   -5   -2    0   -2   -1   -4    5   -7   -1    4    1    0   -7   -2    6    6    1   -7    2   -1   -1    3   -3    1    0 
  -1    0   -4    3    1    0   -3   -2    3   -5   -1    7   -3   -1   -3   -7    1   -3    2    2   -2    1    1    0   -2    6   -1    1   -3   -5 
  -7    4    1    2   -6    5   -1    2   -1    2    4    2    1    2    4   -3    4    2    7   -1   -1    0   -4   -5    4    2    1   -8    1    2 
   0    5   -3   -2    3    6    0    5    0    2    4   -6   -3   -1    2   -1    3   -4    1   -4    2    0    3   -6    3   -5    2   -4    8    3 
   2   -3    5    1   -8   -2   -3    1    1    3   -3   -1    0    7    3    3   -1    0    1   -2    5    0   -7   -3   -2   -6    7   -7    0    1 


Matrix #23
Min norm before hte reduction:   13.8203
Min norm after the reduction: 13.9642

Basis matrix:
   2   -2   -3    2   -1    0   -4    5    5    3    1   -5   -4    4   -3    1    3   -2    2   -1   -5    4   -4   -5    2   -1    2    5    2   -5 
  -1    2   -1   -1    5    5    1    2   -2   -5    3   -4    4    1    5   -5    4    5    4    2   -4    2   -1    1   -3   -1   -1    4   -3   -3 
   5   -3    5    1   -1   -2   -2   -2    5   -3    3   -5    1   -5   -4    1   -3    3   -3    0   -4   -4    4    3   -4    1    4   -2    5    3 
  -1   -2   -4   -3   -3   -5   -5   -5    2    0    5    2    2    0    4    3   -4   -4   -2   -2    0   -4   -2   -2   -5    2   -5    5   -2    2 
  -1    0    2   -4    0   -2    0    2   -4    4   -4    5    5   -5   -1    2   -1    0    4    5    0    4    5   -4    2   -4    5   -2    4   -4 
   2   -1   -2   -1    3   -2    2   -5    5   -4    3   -1    2    3    5    2   -2   -1    0   -2    5    0    4    3   -5    5    4    3    3   -5 
  -2   -4   -4    4    2    0    1    3   -3    4    1    1   -2    5    3   -3    1    0    3   -5   -3   -2   -3    0    2   -3    0    4   -5   -2 
   3    0    0   -1   -2    2    2    1   -3    0    2    4    4   -4   -2    5   -1   -1   -4   -3   -1    2   -2   -4   -1    4   -2   -3    0    0 
  -2   -5    0   -5    3    4    0   -5   -1    0   -1    5   -1   -2    1    4    0    0   -2   -3    2    4    3    2   -3    1    3    1   -2   -4 
   0    4   -5    0   -3    1    2    0    4   -5    5   -2    1   -5    0   -2    3   -2    2   -3    4    4    4    2    2    4   -3   -2    4    5 
  -4   -1    5   -2    5    4   -3    0    3    4    3   -4    4   -3    5   -4   -1   -4    5   -2    1   -1    5    5    5    0    1   -3   -3    2 
  -2   -1    0    3    4    3    2   -3    1   -1    0    4    5    4    4    0    2    4    4   -4   -1   -4    4   -4   -2   -2    2   -2   -5    1 
  -1    0    4    2   -2   -1   -1   -4    1    3    2    0    0    2   -4   -3    5   -3   -5    1   -1   -2   -5   -2    5   -3   -3    0   -1    2 
   2   -4    3    0   -3    5   -1   -2   -5    1   -4    3   -1    0    5    3    1    0   -1   -2   -2   -4   -5   -2    3   -5    4   -2   -5   -5 
  -3    2    5    3    3    4   -2   -1    0    5    5   -3    3    3    3   -1   -4   -1   -5    5   -3    0    5   -4   -1   -4    5    2    5   -4 
   3    3    1   -1    0   -2    1    3   -3   -4   -5   -4    3   -5   -5    0   -5   -4    2    5   -1    2   -3   -1    3   -1    2    5    3   -5 
   2   -2    3   -3    4    0   -1    2    4    0    0   -5    0    0    4   -2   -4    2    4   -1    2    5    2    0    2   -5   -1    0   -5   -5 
   2   -5   -3   -3    4    3   -2   -2    0    3   -1    3    3    3   -1   -4    4    5    3    5    0   -2    3    1   -2    3   -3    0    0    4 
   5    2    1    0    0   -5    5   -1    0    0    3   -3    1   -2   -5    5   -2    4    3    5    3   -4   -4   -1    2   -3    5   -1    4   -1 
  -5   -3   -5    4    4   -4    0    5   -4   -5    5   -2    0    1    4    5    1   -3   -1   -5    3    4   -5    5   -4    2    5    4    2    4 
   4    4   -2    4   -5   -4    0   -3    3    0    2   -5    3   -3   -3   -2    3   -2   -4   -3    3    2    0   -5    3    1    4    3    1    2 
   1   -1   -2   -5   -1   -4   -5    2    3   -5   -3   -4   -2    3   -3    5    2   -3   -5    4   -1    2    4   -2    2   -4   -1    5   -4    1 
  -5    0   -4   -4    2    0    0   -3   -1    1    0    0   -3   -1    2    5   -3   -4    4   -2   -1    5   -5    3    5   -5   -5   -2    4    3 
   5   -5   -1   -2   -1   -5    4   -4    4    3    4    4    5    4    5   -4   -1    2    0   -4    5    4   -5   -5   -4    0    4   -3    0   -4 
   0   -4   -4    3   -2   -5    1    4   -5    3    2   -1   -1   -3    2    1    0    0   -4    1    5    3   -1   -4   -1    4   -1    1   -3    0 
   1    4   -3    4   -5    1    2   -4   -4   -3    3    5   -4   -5   -3    1    1    5   -1   -2    5   -2   -5   -5    5   -3    2   -1   -2    5 
   0    0   -2   -1    5    2    1   -4    1    0    2    0    0   -4   -1    4    2   -3   -2    1    4   -1   -5    2    1   -1    3    4    5    4 
   4    0    2   -4   -4    0   -2    1    2    2   -2   -1    4   -3   -5   -4   -1   -5    3    1   -3    3   -3    2    1    2   -3   -3   -2   -4 
  -5    5    0    0   -3   -3   -3    2    2    0    1   -4   -2    5   -3    0    2   -1    0    0   -1    2    0    3   -2    1    1    4   -3   -1 
  -1   -3   -4    0   -3    1    3    1   -2   -1    1    5    5   -1   -3   -3   -2   -3    2   -1    0   -2    3    1    4   -1    1    2   -2   -4 

LLL-reduced basis:
   2   -2   -3    2   -1    0   -4    5    5    3    1   -5   -4    4   -3    1    3   -2    2   -1   -5    4   -4   -5    2   -1    2    5    2   -5 
  -2   -4   -4    4    2    0    1    3   -3    4    1    1   -2    5    3   -3    1    0    3   -5   -3   -2   -3    0    2   -3    0    4   -5   -2 
   3    0    0   -1   -2    2    2    1   -3    0    2    4    4   -4   -2    5   -1   -1   -4   -3   -1    2   -2   -4   -1    4   -2   -3    0    0 
  -1    2   -1   -1    5    5    1    2   -2   -5    3   -4    4    1    5   -5    4    5    4    2   -4    2   -1    1   -3   -1   -1    4   -3   -3 
   3   -7    1    5    1   -2   -1    1    2    1    4   -4   -1    0   -1   -2   -2    3    0   -5   -7   -6    1    3   -2   -2    4    2    0    1 
  -1   -2   -4   -3   -3   -5   -5   -5    2    0    5    2    2    0    4    3   -4   -4   -2   -2    0   -4   -2   -2   -5    2   -5    5   -2    2 
  -1    0    2   -4    0   -2    0    2   -4    4   -4    5    5   -5   -1    2   -1    0    4    5    0    4    5   -4    2   -4    5   -2    4   -4 
   2   -1   -2   -1    3   -2    2   -5    5   -4    3   -1    2    3    5    2   -2   -1    0   -2    5    0    4    3   -5    5    4    3    3   -5 
  -2   -5    0   -5    3    4    0   -5   -1    0   -1    5   -1   -2    1    4    0    0   -2   -3    2    4    3    2   -3    1    3    1   -2   -4 
   0    4   -5    0   -3    1    2    0    4   -5    5   -2    1   -5    0   -2    3   -2    2   -3    4    4    4    2    2    4   -3   -2    4    5 
   2    1    1    1    1    3   -3   -1    9   -2    0   -2    3    3   -2    4    4    2    3    0   -3    2    3   -9   -2    0    4   -1    2   -2 
  -1    0    4    2   -2   -1   -1   -4    1    3    2    0    0    2   -4   -3    5   -3   -5    1   -1   -2   -5   -2    5   -3   -3    0   -1    2 
   2   -4    3    0   -3    5   -1   -2   -5    1   -4    3   -1    0    5    3    1    0   -1   -2   -2   -4   -5   -2    3   -5    4   -2   -5   -5 
   1    2    1    2    4    1    3    0   -2   -5   -5    0    8   -1   -1    0   -3    0    6    1   -2   -2    1   -5    1   -3    4    3   -2   -4 
  -4   -1    5   -2    5    4   -3    0    3    4    3   -4    4   -3    5   -4   -1   -4    5   -2    1   -1    5    5    5    0    1   -3   -3    2 
   2   -2    3   -3    4    0   -1    2    4    0    0   -5    0    0    4   -2   -4    2    4   -1    2    5    2    0    2   -5   -1    0   -5   -5 
  -4    4   -5   -3    3   -2    0    2    4   -2   -5    0    3   -1    2   -2    4   -2    8    1    4    2    2   -1    0    5    6    3   -2   -3 
  -1    4   -1   -2    1    3   -1   -2   -8   -3   -5   -3    1    0    5   -4    5    3    5    2    2   -2   -3    7    0    1   -2    2   -6    5 
   3    5   -4    3   -6   -1   -1    6   -3    1   -3   -4    1   -8   -4   -1    0    2    1   -2   -1    4    1   -6    3   -1    3    0   -1    5 
   5    0    1    1   -2    2   -5   -5    0   -7    4    2    4    0    5    0    4    1    1   -1   -2   -2   -1    0   -3    6    2    2    5   -1 
   1    1   -3    5    0    2    2    2    4    6    2   -8   -3   -1   -2   -2    1   -4   -4   -5   -4    5    0    2    5    4   -4    0    4    1 
  -4   -7    1   -3    6    0    1   -1    2    3   -1    0   -1    0    2   -2    1   -8    6   -3    3    2    2   -4    4   -2    4    1   -3   -6 
   1    3    4    0    3   -1   -3   -1    2    1   -1   -5   -5    1    3    3    2    3   -2    1    0    2   -3   -1   -4    1   -1   -2    2    4 
   4   -1   -1    3    3    6    3    1   -6   -4    0   -3   -4   -7   -1   -2   -3    3   -2   -4   -3   -1   -3    5    5   -6    0   -3   -4    1 
   2    1    6   -2    1   -5   -3   -2    5   -2   -5   -4    2    0   -5    4   -3    0    1    3   -7   -3    2   -1   -2    1   -5   -1   -3    6 
  -2    0   -1   -2    2   -1   -4   -4   -2   -1    1    6    5   -1    2   -2    1    1   -1    6   -4   -4   -1   -1    0   -3    0    8   -2    3 
   0    6    2   -2    7    5    4    2    1   -2   -4    6   -1    1    3   -3   -3    2   -1    3    1    5   -2    3   -3    4   -5   -5   -4    0 
  -4   -3   -5    8   -7    2   -1   -2    2   -1    2    3   -7    0    0   -3    8   -2   -1    0   -4   -1   -5    4    1   -1   -4   -2    3    1 
  -2    0    2    4   -1   -3    5   -1   -3    1    1    2    0   -5   -4    0   -8    1    1    1   -2   -6    0    4    1    4   -2    1    6    4 
  -1   -1    2    6    4    0   -2    2    2    2   -1   -5   -2    7   -5   -6    2    0    6   -1   -5   -1   -3   -3    7   -1    2   -4    2    5 


Matrix #24
Min norm before hte reduction:   13.4907
Min norm after the reduction: 13.4907

Basis matrix:
   2    1    2   -1    3    4    0    1   -2    2    2    2   -1    0    4   -2    3    3    1   -4   -1    1   -1   -5   -2   -5   -1   -1   -5   -4 
   0   -2   -3   -3    3    5    3    3   -5   -5    3    2   -3   -4    3    2    3   -4   -1   -2    4    4    3   -3   -1    3   -3    1   -3   -5 
  -3   -4   -3   -1    1   -2   -5   -1    4   -1    4   -2    3    5   -1   -2   -2   -1   -1   -3   -5   -3    3   -5   -5   -1   -1    2   -1    2 
   2    4   -2    0   -1   -4   -5   -1   -3   -5    0    0   -3   -3   -3   -3   -4   -5    0   -5   -3    5    1   -1    3    2    5    0   -5    5 
  -4   -4   -5    0   -2    0   -3    0    3   -1    4    1   -4    4    2   -5   -3    2    5    0   -5   -3    0    2    2    4    4   -4   -1   -4 
  -2   -3   -2   -1    1   -1   -1   -1   -1    3    2    2    2   -1   -4    1   -1    3   -4    1    2   -5    2   -4    3    0    0    3   -5   -1 
  -4    5    4   -3   -4   -4   -1    0   -2    1    0    1   -4    0    2   -2    1   -1    2   -1   -4    2   -5    1   -2   -4   -3   -5   -1   -3 
   5    1    1    5   -2    4   -2    3   -3    2   -2    0   -1   -4   -2    5    2   -4   -2   -3   -5   -3    1    3   -5    0   -5   -5    1   -1 
  -5   -3    3    5   -3    2    1    4   -2   -1   -4   -4    3    5   -4   -4    0    0    2    3    1    5    1   -5   -5   -2   -4    2    5    4 
  -4   -2    2   -5   -4    0    0    0    2   -5   -4    5    3    4    1   -5   -3    1   -3   -2    0    1   -2   -2   -4    1    5    0    0    3 
   0    1    5   -3    0   -2    1   -2    5    3   -4    5   -2    0   -2    0    1   -5   -3   -2   -2   -2    1   -5    2    5   -2   -3   -1   -2 
  -3    2    0    0    0    3    2    5    1    2   -2   -4    1   -5    4   -4    4    3    4   -3   -2   -1    2   -4   -5   -4    1   -4    1   -3 
   1   -1    5    3    5   -3    0    4   -2   -1   -5   -4   -3    4    5   -2   -3   -1    3   -1    4   -4   -4    3   -4   -2    2   -3    4   -2 
  -3   -4   -4   -2   -3    1    4   -4    5    2   -4   -1    5    3   -4    3    0    3   -5    1   -3   -3    5   -5    4   -3   -1   -3    1    1 
   3    4    0    1    5    1    5    0    5    1    4   -4    3    0   -1    0    2   -1    1   -5    3   -2   -1    1   -5    4   -4    1    1   -5 
  -5    1   -1   -1    2   -2    0    3    3   -2    0   -3    0    4   -1    0    3   -4   -1   -2    2   -4    5   -1    2   -1   -1   -1    5    3 
   2    2    2    0   -5    2   -3   -3    4   -1   -5    4   -4    3   -5   -1   -4    5    4    1   -1   -1   -1    5   -3   -3    0   -4   -2   -2 
   4    2    3   -2    0   -3    0    4    0   -4    0    5   -1    0    2   -2   -2    3   -4   -5   -5   -2   -2   -3   -3    3   -3   -2    2    4 
   3   -4    2    2    1    2   -5   -2    0   -3   -5    5   -1    4    1    4    1   -5    0   -1    0   -3    0   -1    5    4    5    2    1   -5 
   3   -1   -1   -1   -2   -5   -3   -1    1    1   -4    5    4    1    5    5   -4   -5    0    0    5    1   -5   -2    2    2    0   -3   -2   -4 
   3   -2    5    5   -1    4    5   -2    3    0    2   -3    1    5    5   -1    0    3   -3   -4   -5   -2    3   -1   -5   -4    2   -1    0    3 
   0   -5    2   -2    0    2    5    4    3    4   -3    0    4    0    3   -2   -3   -1   -4    1   -4    0   -4   -5    4   -4    0    4   -2    5 
   5    2    5    2   -2   -5   -5   -2    2    3   -4   -2    5    2    3   -2    5   -3   -2   -5    3    1    0   -2    5    1    0    4   -1   -4 
  -5    0    0   -3   -4    2    0   -1    5   -1   -3    4    2   -1    4   -5   -2   -2   -4    0   -4    2   -1    5    2    4   -2    2   -1   -1 
  -4    2   -1    4    0    0   -5   -1    2    4    0   -2   -5   -1    5    2   -4   -5   -4   -4   -3    1   -5    1    0    5    0    1   -1    5 
   5   -4   -2   -5    4   -4    4   -1   -1    4    0    3    4   -4   -1    1   -2   -3    3    1    1    3   -1    1    5    4   -2    5    5   -5 
  -3    1    0   -2    4   -5   -3   -2   -4   -4    5    2   -3   -4    2   -3   -2    0   -4    2    1    5   -3    4    1   -2    0   -3   -3    3 
   2    5    5   -2   -4    2    2   -1    5    5   -5    0   -2   -2   -1    0    1    0   -3   -3   -2    3   -5   -3   -5   -1   -4    0   -3    3 
  -2    5    0    2   -2    0    5    5   -2   -3   -3    1   -5    2   -3   -2    3    1    0   -3   -1   -2    2   -5    5   -1    1   -4    0   -4 
   5   -3   -4    2    2    4    3   -4   -2    2   -5   -5    2   -3   -2    1    5   -5    0    5    5   -5    3   -5    2    5    0   -3    3    0 

LLL-reduced basis:
   2    1    2   -1    3    4    0    1   -2    2    2    2   -1    0    4   -2    3    3    1   -4   -1    1   -1   -5   -2   -5   -1   -1   -5   -4 
  -2   -3   -2   -1    1   -1   -1   -1   -1    3    2    2    2   -1   -4    1   -1    3   -4    1    2   -5    2   -4    3    0    0    3   -5   -1 
   0   -2   -3   -3    3    5    3    3   -5   -5    3    2   -3   -4    3    2    3   -4   -1   -2    4    4    3   -3   -1    3   -3    1   -3   -5 
  -3   -4   -3   -1    1   -2   -5   -1    4   -1    4   -2    3    5   -1   -2   -2   -1   -1   -3   -5   -3    3   -5   -5   -1   -1    2   -1    2 
  -4    5    4   -3   -4   -4   -1    0   -2    1    0    1   -4    0    2   -2    1   -1    2   -1   -4    2   -5    1   -2   -4   -3   -5   -1   -3 
   2    4   -2    0   -1   -4   -5   -1   -3   -5    0    0   -3   -3   -3   -3   -4   -5    0   -5   -3    5    1   -1    3    2    5    0   -5    5 
  -4   -4   -5    0   -2    0   -3    0    3   -1    4    1   -4    4    2   -5   -3    2    5    0   -5   -3    0    2    2    4    4   -4   -1   -4 
   5    1    1    5   -2    4   -2    3   -3    2   -2    0   -1   -4   -2    5    2   -4   -2   -3   -5   -3    1    3   -5    0   -5   -5    1   -1 
  -5   -3    3    5   -3    2    1    4   -2   -1   -4   -4    3    5   -4   -4    0    0    2    3    1    5    1   -5   -5   -2   -4    2    5    4 
  -4   -2    2   -5   -4    0    0    0    2   -5   -4    5    3    4    1   -5   -3    1   -3   -2    0    1   -2   -2   -4    1    5    0    0    3 
   0    1    5   -3    0   -2    1   -2    5    3   -4    5   -2    0   -2    0    1   -5   -3   -2   -2   -2    1   -5    2    5   -2   -3   -1   -2 
  -5    1   -2    1   -3   -1    2    4    3    0   -4   -6    2   -5    0   -2    1    0    3    1   -1   -2    3    1   -3    1    2   -3    6    1 
  -1   -4    3    2    6   -4   -1    3   -3    2   -3   -2   -1    3    1   -1   -4    2   -1    0    6   -9   -2   -1   -1   -2    2    0   -1   -3 
  -1   -1   -2   -1   -4    2    5   -3    6   -1   -6   -3    3    4    0    2    1    0   -1    0   -5    2    3   -1    1   -3   -1   -6    6    2 
  -5    1   -1   -1    2   -2    0    3    3   -2    0   -3    0    4   -1    0    3   -4   -1   -2    2   -4    5   -1    2   -1   -1   -1    5    3 
   0    0   -1    3    1    0   -2   -2   -3    1   -2    3    0    2   -2    1    1   -1   -2   -2    2    3   -3   -2    8   -6    1    3   -2    0 
   3   -4    3   -1    0    2   -3    0    3   -4   -3    2   -1    2    3    3    0   -4    2    1   -2   -6    3    1   -3   10    4   -1    3   -5 
  -4   -7    1   -4    4    2    1    6   -5    0    1    2   -3   -1    3   -7    0    3    5    4    4    4   -3    0    1    3   -1    1    3   -6 
  -2   -5   -5    2    4   -2   -2    1   -5   -5    5    0    2    2    1    0   -1    0    3    3    2   -3    5    3    5    1    4    0    3   -3 
  -1    0    3   -4    1   -6   -1   -1   -1    1   -3   -6    8    0   -7   -2   -3    5    0    0    0   -4   -2   -1   -2    0    1    2    2   -3 
  -3  -10    4    2    0    2    6    3    0   -2    1   -3   -1    4    4   -6   -3    3    1    4    0    1    1    4   -2    4    2    1    8    1 
   0   -6   -1   -3    2    4    3    0    2   -6   -3    1   -2   -4    1    1   -1    0   -3   -4    3    0    5    3   -3   -4    1    2    2   -3 
   7    0    1    4   -6   -1   -7   -1    7    3    1   -5    1    2    4    2   -2   -3    4   -2   -7    2    1    0    2    4    3    0    1    5 
   0   -3    3   -3    4   -3   -6   -2   -1   -8    2    4   -4   -2    5    0   -2   -4   -2    3   -1   -1    0    5   -2    8    4   -4    0   -2 
   3    3    5   -6    6   -2    1   -2    2    3    3   -2   -4    5    2   -2    2    0    5    2    0   -1   -2    4    0   -2    2   -1    0   -7 
  -2   -1   -4    3   -6   -4    0    0    1   -4   -1    0   -1    3   -7   -2   -5    1   -1    0   -7   -2    1   -4    0    4    2    0   -1   -1 
  -2    3    6   -1    1   -1    2    2    3    1   -4   -1    2    4    3    2    0   -2   -1   -2    1    2    4   -6   -3   -5   -1   -1    4   -5 
  -5   -1   -5    1   -8    4   -1    0   -3   -4    3    1   -2   -6    0    0    1    2   -1    3    5   -5    8    2    0    0    0   -2    3   -1 
   6    0   -7   -3   -4    5   -5   -2    3   -5    0    0    5    1    0   -1   -5    0    2   -2   -3   -3   -1    0    5   -1    4    1   -1    0 
   6    2   -6    3    0    0    0   -6    1   -2    2   -1   -4   -4    4   -1    4   -7   -2   -5   -7    7    8   -3   -2    1   -6   -4   -7   -3 


Matrix #25
Min norm before hte reduction:   14.8997
Min norm after the reduction: 14.8997

Basis matrix:
   3   -5    3   -2    3    0    0    5   -1    3   -4   -4   -4   -4   -3    1    5   -1    5   -1    3   -2    5    4   -3   -2    3    4   -4   -1 
   5    2    3   -5   -4    5   -2    5    5    4    1   -5    1   -4    5    2    4    4    0    2   -3   -5    1   -4   -5    0    5   -3   -2   -4 
  -3   -3    3    2   -2    3    5    5   -3    2    5    2   -4   -3    1    2   -5   -3   -2   -3    5   -4    1    5    2   -5   -5   -3    1   -4 
   0   -4   -3   -5    1    0    5    5    0   -1    4    3    2    4    3    1   -1    3    2   -5    3    3    5    0    1    4   -4    2    0    0 
  -5   -1    2    5   -4   -3   -3    3   -2   -1    1    0    4    4    5   -5    5   -2   -3    2    3   -2    5    3   -3    1    5    4    0    2 
  -4   -4   -2   -5    5   -5    3    1    5   -4    4    3   -5   -2   -5   -3   -1   -1    3   -5    3   -3    1   -5   -1   -5    5    5    3   -5 
   3   -4    0   -4    3   -1   -3   -3   -2    3   -2   -4   -4    1   -2   -1    0   -5    2    2   -2    2   -3    5   -2    1    1    5    0   -3 
  -3    1   -4   -4    3    3   -1    4    5    4   -4    2   -1   -2    0   -5   -4   -1    3   -1    0    0   -4    4    5    0   -1    4    3    5 
   0   -1   -1   -3   -4   -4    1    0    2   -5   -4   -5    4    4    1    5   -2   -1    3    3    0    1    0    0   -1   -3    1   -3    5   -1 
   5    2    0    0    3    4   -2   -1    3   -5   -3    1    0   -2   -2   -1   -2   -3   -3   -5   -5    4    0   -5   -3   -5   -1   -5    2   -5 
   4   -3    1    1   -3    1    2   -4    2    0   -5    2    5    2    1    1    4   -5    1   -4    0    0    5    4    0    1   -3    5   -4   -2 
   0   -2    1   -4   -2   -4   -5   -1    5   -3    0    4   -5    4    2   -4   -2   -5   -5    3    2   -2    2    5    0    5   -3    1    3    3 
  -1    2    5   -1    4    3   -3   -5   -1   -1   -4    3   -1    1   -2   -3   -2    2   -5   -3    1    3    5   -1    3   -5   -2   -3    2   -2 
  -4   -5    5   -4   -5    5   -3   -5    5    5    2   -2   -1    1    1   -3    4    0   -3    2    4   -3    0   -2   -5   -5   -4   -4    4    3 
   3    4   -1    2   -1    2    3   -4   -5    2   -5   -1    0    0   -2   -4   -5   -1   -1    5    4    1   -4   -2    4    5   -4    0   -4    4 
  -2    3   -1    2   -1   -1    3    3    3    5    3   -5   -5   -4    5   -3    5    4    2   -5   -3   -1    4   -2   -3   -2    0    2   -3    2 
  -3    1   -2    5   -1    2    3    4   -1   -4   -1    2   -4    3   -5    3    0    3    4    2    0    1    5    2    1    4   -3    5    1   -5 
  -2   -2   -2    5    1    0   -3   -3    0    4    0   -4    0    0    4    1    1    4   -5   -2    1    5    2   -3    5    1    0   -3    3    2 
   5    5    4   -4    1    1   -3    2   -2   -5   -2    1    1    5   -3   -5    5    2    0    3    0   -1    5    5    2   -2    0   -2    0   -3 
  -1   -3   -2   -4    1   -5   -5    5    5   -4   -4   -3   -2   -4    1   -4    3    4    2    3   -3   -5    1    1    2   -2   -5    3   -3   -5 
  -2    3   -5    1   -1   -3    3    4   -5    1    5   -1    5    0   -5    3   -3    5    4    3    5    2   -4   -3    0   -2   -1   -2    5    4 
   5   -1    3    2    4    5    1    5    5   -4   -1   -4    5    0    2    5    4    0   -3   -1    5   -4   -2    1    4   -4   -2    2    3   -2 
  -3   -1   -4    0    2    2    0   -4    3   -3   -3   -2    2   -3    1    3    0    5    5    4   -1   -3    4    5    0   -5    1    5   -1   -3 
   0   -5    4   -5    5    4   -2   -2   -4    3   -1    3   -1   -5    4    2   -3   -1    2   -3    5    5    1   -3    4   -2   -3    5    0    4 
  -2    5   -1   -3   -3    0   -5    5    3    3    0    5    4   -2   -2    2   -2   -4   -1    1   -1    3    2    2   -2    0   -3   -2   -4   -5 
   1   -5    3   -4    4    5    5   -2    3    0   -1   -2    0    4    1    0   -3    0   -3   -5    1   -1    4    2   -1   -4    2    1   -3   -1 
  -3   -1    0    0   -3    4    1    3    2   -1   -3   -3    4    2    5   -5    3    0    1    5    3    0    3    1   -1   -2    1   -2    2   -4 
  -2    2   -2    1   -1    4    2    3   -1    3    5   -5   -4   -4   -2    5   -5    5    0    5   -5   -2   -1    4    3    5   -4    1   -3    2 
   3   -3    1    0   -1   -4    0    0    0   -1    2    3    3    1    5   -3   -2    5   -1    5    3   -5    5   -5    1    4    3    3    1    4 
  -4   -3    5    3   -5   -1   -4   -1    4   -4   -4   -3   -1   -1    4    0    2   -4   -3    3   -1    0    5   -5   -3    5   -5   -1   -3   -5 

LLL-reduced basis:
   3   -4    0   -4    3   -1   -3   -3   -2    3   -2   -4   -4    1   -2   -1    0   -5    2    2   -2    2   -3    5   -2    1    1    5    0   -3 
   0   -1    3    2    0    1    3    8    1    0   -2    0    0   -5   -1    2    5    4    3   -3    5   -4    8   -1   -1   -3    2   -1   -4    2 
   5    2    3   -5   -4    5   -2    5    5    4    1   -5    1   -4    5    2    4    4    0    2   -3   -5    1   -4   -5    0    5   -3   -2   -4 
  -3   -3    3    2   -2    3    5    5   -3    2    5    2   -4   -3    1    2   -5   -3   -2   -3    5   -4    1    5    2   -5   -5   -3    1   -4 
   0   -4   -3   -5    1    0    5    5    0   -1    4    3    2    4    3    1   -1    3    2   -5    3    3    5    0    1    4   -4    2    0    0 
  -5   -1    2    5   -4   -3   -3    3   -2   -1    1    0    4    4    5   -5    5   -2   -3    2    3   -2    5    3   -3    1    5    4    0    2 
  -3    1   -4   -4    3    3   -1    4    5    4   -4    2   -1   -2    0   -5   -4   -1    3   -1    0    0   -4    4    5    0   -1    4    3    5 
   0   -1   -1   -3   -4   -4    1    0    2   -5   -4   -5    4    4    1    5   -2   -1    3    3    0    1    0    0   -1   -3    1   -3    5   -1 
   5    2    0    0    3    4   -2   -1    3   -5   -3    1    0   -2   -2   -1   -2   -3   -3   -5   -5    4    0   -5   -3   -5   -1   -5    2   -5 
   4   -3    1    1   -3    1    2   -4    2    0   -5    2    5    2    1    1    4   -5    1   -4    0    0    5    4    0    1   -3    5   -4   -2 
  -6    0    5   -1    1   -1   -1   -4   -4    4   -1    2   -1    3    0   -2    0    5   -2    2    6   -1    5    4    6    0   -1    2    0    3 
   2    0   -4    2   -4   -2    5    0   -3    1    0    1   10    2   -4    4    1    0    5   -1    5    2    1    1    0   -1   -4    3    1    2 
  -3   -1    0    0   -3    4    1    3    2   -1   -3   -3    4    2    5   -5    3    0    1    5    3    0    3    1   -1   -2    1   -2    2   -4 
   2   -2   -3   -2   -6   -6    0   -1    2   -2    0    5    5    6   -2    0   -1   -5    0    2    7    0    3    6    0    4   -7    4    4    5 
   6    4    3    6   -3   -4    1    3   -3   -8  -10   -2    4   -1   -4    2   -2   -3   -2   -3    4    0    6   -6   -3   -3    2   -3   -3    6 
  -2    3   -1    2   -1   -1    3    3    3    5    3   -5   -5   -4    5   -3    5    4    2   -5   -3   -1    4   -2   -3   -2    0    2   -3    2 
  -2   -2   -2    5    1    0   -3   -3    0    4    0   -4    0    0    4    1    1    4   -5   -2    1    5    2   -3    5    1    0   -3    3    2 
   4    1   -3    2   -2   -2   -3    4   -1    0    2   -6    2    4    3   -1    8    4    0    4    0    1    2    3    4    4    2   -2    1    1 
   1   -5    3   -4    4    5    5   -2    3    0   -1   -2    0    4    1    0   -3    0   -3   -5    1   -1    4    2   -1   -4    2    1   -3   -1 
   3    2    1    2    4    1   -1   -1    0    3    0   -3    4   -7    6    7    4    4    1    2    0   -2   -1   -7    1    2    3   -7   -5    1 
   4    1   -4    0   -5    2    0    3    0    0    2   -2   -4   -4   -3    2   -1    1    5    3    0    2   -8    0    8   -1   -4    2    4    7 
  -2   -1    4    0    5    0   -2   -5   -5    0    6   -1   -9    1   -8   -2    5    1    1   -1   -4   -2   -7    1    0   -4   -1   -2   -2    5 
   5   -1    2   -1   -4   -1   -2    5  -11    1    3   -2   -3    3    1   -2    4    0   -2    7   -1   -3    0    1   -7    5   -3    1   -2   -1 
   3    1   -1   -6   -6    4    1    4    0    0    2   -8    2   -3    6    1   -2    2    6    1    4   -4    2    1   -1    0    0    3   -4   -1 
  -5   -1   -3    0    7    3    0    9    2   -9   -1   -1    0    5    0    3    5    4    8   -3   -3    3    3   -2    1   -1   -1   -2    4    2 
   1    4    1   -2    0   -2   -3    4    4   -1   -3   -6   -1   -1   -9    0   -3   -3    3    6   -2   -6   -7    3    0    0    0    3   -2    6 
   2    2   -1    3   -9    0   -3   -2    2   -1   -2   -5    1   -5   -1    3    6    0    4    4    2    3    5    1    0    0   -2   -5    3    3 
  -4   -2   -7   -2    4   -2    3   -5    0   -4    3    2   -1   -1    0   -3   -3   -1    1    1    5    1   -1   -4    5    0   -4   -2    5    7 
  -3    1    2    0   -1   -3   -2   -3    1    3   -2   -1    0    0   -4   -4    6    5   -5    2    0   -3    2    8   -1    0    0    7    3    0 
  -2    3   -7   -4    4    5    2   -2    4    3    1    0    0   -4    1    3    5    5   -2    0   -2   -1    1   -3   -2    3    0   -1   -3    3 


Matrix #26
Min norm before hte reduction:   15.6525
Min norm after the reduction: 15.8430

Basis matrix:
  -1   -5    5    0   -3   -5   -4   -1   -4   -4    1    5    5   -3   -1    3    5   -3   -5    5   -2   -3   -5    0    4   -5    4    2   -3    0 
  -3   -1   -3    1    4   -3    0    2    0   -5   -4    4   -1   -4    0    3    3    0    3   -5    1   -1   -4   -4    3   -5    1   -4    4   -1 
   1   -2    0    5    5   -5    1   -3   -2    5    1    0    3    3    4    1   -3    4   -5    4   -5   -4    0   -3    4   -3    3    2   -3    5 
   0    2   -2   -3   -3   -4   -3    4   -4   -1   -3   -2    2    5   -1   -2   -2   -2    0    5   -5    2    3    4   -4   -3    1   -1    2   -5 
   3    5   -3    5    0   -4    3    5   -3    2   -1   -2    1   -1   -1   -4    4   -4   -3   -5   -3   -2    5   -2   -5    1   -2    4   -3   -3 
  -2   -1   -1    3   -4   -2   -1    2    5    4    1    2   -2    2   -1   -4   -5   -2    4   -5    3   -4    3    0   -1    3   -4    3   -3    0 
   3    1    2    1   -4   -5   -4   -2    5    1    2   -4    1   -2   -5   -5    0   -2   -2    1    2    4    0    5   -1    4    3    2   -3    3 
   3   -4   -2    1   -5   -2   -5    5    4   -1    5   -5    0    1   -3    0    1    2    2    3    4    5   -4    0   -1    1   -4    2   -3    3 
  -5    2   -5    2    5   -4    0   -2   -3    0    1   -5    3    5    3    1    0   -1    4    2   -1    2    0   -3    4   -4   -3    4   -4    2 
  -1   -5    2   -2    5    1   -1    2    2    0    4    3   -2    5    1    4   -4    3    0    4   -2    2   -1   -2    3    4   -4   -4   -2   -5 
  -2   -1   -3    5   -3   -3    1   -5   -3    1   -3    4    3   -3   -5    1    1   -1   -2   -2    1   -3    0   -4    2   -4    3    2   -5    1 
  -2   -4    0   -5    5   -3   -5    5   -2    0   -1    3    5   -2   -5    4   -2    2   -5    3   -2   -5   -1    5    1    3    4    2    2   -2 
   2   -3    2   -4   -1    0   -4    0    3    4    1    1    0    0    2   -1   -3    4    3    5    5    5    4   -4   -1   -2   -1   -5    2    5 
   2    3   -1    1   -2    1    3    0   -3   -4    5    5   -3   -1   -2   -3    5    0   -4   -1   -5    5    2    5   -3   -2   -3   -2    5   -1 
  -3    3   -3    1   -2    2   -5   -5    5    5    1    0    5   -5   -3   -1   -5   -4   -4    0    2   -4    3   -3    1    5   -2    5    3    0 
  -1   -4    2    3   -5    5    5   -3   -1    4    4    4   -2    3   -3    2   -2   -5    4   -4    5   -3    4   -2    3    5   -5   -3    5    5 
  -4    5   -1   -1    0    4    5   -5   -3   -1   -2   -3    0   -5    0   -4   -5    4   -5   -5    3    0    1    1    4    1    3   -5    5   -1 
   0    0   -1    0    4    2    4   -5   -1    5    5   -1    2    5   -3    5   -4    2    1   -3   -1   -2   -4    3   -2    0    5    1   -4   -4 
   2    2    3    2    5    1    0   -2   -5    0    3    4   -1    1   -5    1   -1    2   -1    0   -3   -5    4    2   -5    4    4   -4   -3   -4 
  -4    4    1   -1    2    5   -5    2    4   -4    3    1   -5    2    3    0    3   -3   -2   -5   -1   -3   -1   -3    5   -2   -2   -5   -2   -1 
  -5    2   -1    4    0    0   -1    0    1   -2   -3    0    3   -5   -3    3    0   -4    3    1   -1   -2    5    1    0   -5    1    4   -5   -3 
  -3    1   -4    2   -2    5    1    5    0    2   -3   -4   -5    2    2    1    2    4    5   -3   -2    1    1   -3    3   -3   -5   -4    3    2 
  -3    5   -2    4    0    5   -5    1   -2   -4    3    2    4    1    5    0    1   -4   -2    1   -1    0    3   -1   -4    3   -2    3    2    2 
  -1   -2    0   -5   -1    2    0   -5    4   -5   -4    5   -4    5   -1   -5    4    3    4    5   -1    2    0   -1    2   -1    3    3   -3   -3 
   3    4    0   -4   -5    2    0   -5   -5   -1   -1   -1   -1   -1   -3    3    1    5   -3    5   -2    1   -2   -4   -3   -5    0    1   -2   -5 
   1    2   -2    3    4   -3   -2   -5    4   -2   -4   -5    1   -3   -3    0    0   -5    5    3   -4   -5    2   -4   -3    3    5    3   -2   -3 
  -2    4    4   -3   -2   -1   -1   -3    1   -4    1   -4   -1    4   -4   -4    4    1    0   -2   -4    1   -3    0    2    5   -3   -3   -2    2 
   1    3    2    5   -4    4    5   -1   -2   -2   -4    4    4    3   -4   -2   -1   -3    1   -2    5    1    4    2   -2    1   -1    2    3    0 
   5    2   -4    0    1   -2    0    0   -4    2   -5    5   -2    0    2    2    4    4    5   -2   -4    0   -1    1    3    2    2    5    4   -2 
   5   -1   -5    4    1    5   -2   -3    2    4    1   -4    3   -5    5   -3    5    1   -1   -5   -3    4    5   -2   -2    5    1    0    5   -2 

LLL-reduced basis:
  -3   -1   -3    1    4   -3    0    2    0   -5   -4    4   -1   -4    0    3    3    0    3   -5    1   -1   -4   -4    3   -5    1   -4    4   -1 
  -1   -5    5    0   -3   -5   -4   -1   -4   -4    1    5    5   -3   -1    3    5   -3   -5    5   -2   -3   -5    0    4   -5    4    2   -3    0 
   1   -2    0    5    5   -5    1   -3   -2    5    1    0    3    3    4    1   -3    4   -5    4   -5   -4    0   -3    4   -3    3    2   -3    5 
   0    2   -2   -3   -3   -4   -3    4   -4   -1   -3   -2    2    5   -1   -2   -2   -2    0    5   -5    2    3    4   -4   -3    1   -1    2   -5 
  -2   -1   -1    3   -4   -2   -1    2    5    4    1    2   -2    2   -1   -4   -5   -2    4   -5    3   -4    3    0   -1    3   -4    3   -3    0 
   3    1    2    1   -4   -5   -4   -2    5    1    2   -4    1   -2   -5   -5    0   -2   -2    1    2    4    0    5   -1    4    3    2   -3    3 
  -2   -1   -3    5   -3   -3    1   -5   -3    1   -3    4    3   -3   -5    1    1   -1   -2   -2    1   -3    0   -4    2   -4    3    2   -5    1 
   3    5   -3    5    0   -4    3    5   -3    2   -1   -2    1   -1   -1   -4    4   -4   -3   -5   -3   -2    5   -2   -5    1   -2    4   -3   -3 
   3   -4   -2    1   -5   -2   -5    5    4   -1    5   -5    0    1   -3    0    1    2    2    3    4    5   -4    0   -1    1   -4    2   -3    3 
  -5    2   -5    2    5   -4    0   -2   -3    0    1   -5    3    5    3    1    0   -1    4    2   -1    2    0   -3    4   -4   -3    4   -4    2 
  -3   -6   -1    3    2   -2    0   -3   -1    1    1    7    1    2   -4    5   -3    2   -2    2   -1   -1   -1   -6    5    0   -1   -2   -7   -4 
   5    2   -1    1   -1   -4   -1    5    0    6    0   -1    1   -1    1   -5    1    0    0    0    2    3    9   -6   -6   -1   -3   -1   -1    2 
  -2   -4    0   -5    5   -3   -5    5   -2    0   -1    3    5   -2   -5    4   -2    2   -5    3   -2   -5   -1    5    1    3    4    2    2   -2 
   2    3   -1    1   -2    1    3    0   -3   -4    5    5   -3   -1   -2   -3    5    0   -4   -1   -5    5    2    5   -3   -2   -3   -2    5   -1 
  -2    1    0   -5    1    1    0    1    2   -4   -1    3   -4    4   -3    3   -3    0    1   -2    2    9    1    3    2    8   -2   -6    9    1 
   3   -2   -3    2    3    0    2    1   -1    3    2   -5   -1    4   -3    0   -2   -1    5    3   -2    2    3   -2   -1   -1   -2   -9    3   -4 
  -4   -3    5   -5    0   -2   -1   -4   -2   -7    7    1    0   -6   -7   -5    2    1    3    3    4    2    4    6    1    3    2    0   -4    1 
  -4   -1   -4    6   -6   -2    0   -2   -2   -9    4    3    0   -7   -5   -3    1   -2   -1   -1   -3   -6   -1   -3    1   -3   -2    1    2   -5 
  -4    0   -5   -1   -1    7    4    2   -4   -3    1   -4   -1   -2    2    1   -4    8   -1   -3    5    1   -3   -4    4   -2   -4   -5    5   -1 
  -1    0    1   -2   -5   -7   -4    1   -1   -3    3   -3    6   -3   -5    1   -2   -5    2   -2    4   -3   -1   -2   -3    1    6    1    5   -1 
   5    3    0   -1    2    6   -1    8   -5   -3    5   -4   -3    2    1    1    3    4    5    0    0   -3    1    3  -10    1   -2   -2    4    0 
  -8   -1   -4    2   -8    5   -1   -3    1   -1    5    4   -2   -4   -1    2   -2    9    3   -5    1   -4   -3   -5    2   -7   -1    2    0    2 
   1   -2   -3    1   -2    3   -4    3    0    0   -1    3   -1   -1    0    0    3   -8    0   -2    4    1    1   -7   -1    1   -3    0   -4   -4 
   4   -2    4   -5   -5   -1   -4    8    1   -3   -3    1   -2    0   -2    4    7    1   -1    6    2    0    1   -1   -2    2   -2    1   -3   -1 
  -1   -2    0   -4    1    4   -1    4    6   -5    4    3   -1   -4    0    3    2    6    1   -1    6    1    1    1   -3    5    2    1    2    4 
  -1   -4   -2    0   -3   -2   -5    3   -3   -2   -3    8    4    3    1    2   -4    5   -6    1    1   -1   -4   -3    2  -12    1   -5    0    6 
  -1    6   -4    2    5   -4   -5    5    3    0   -5    0   -4    2    7    4   -5   -2    2    0   -3    0    5   -7    1   -5   -3    2    5    1 
   5   -4    3    2   -6    2    2   -4    2    2    2   -1    0   -1   -5   -1    0    7   -3    2    4    5   -4   -3    5   -6    4    0   -1    3 
   7    3    0   -3    2   -1   -3    5   -2   -2    5    4    3    0    1   -1    9    1    1   -1    1    4    4    4   -1    4    1    3    1    3 
  -1   -1    0    2    0   -3   -3    3   -1    1    0    0    0   -2    4   -3    1   -1   -1   -8    5   -3    3    1   -7    1   -3    0    1   -4 


Matrix #27
Min norm before hte reduction:   14.5258
Min norm after the reduction: 14.5258

Basis matrix:
  -2   -3    5   -2    2    3   -4    2   -1    0    1   -2   -3    2    4    2   -2   -3   -5    4    1   -2    5   -3    4    4    5    2    0   -3 
   2   -2    3    1   -1    4   -1    0   -3    4    1    0   -2   -2   -2    0    5    0   -5    2    1    1   -1   -3    5    3   -4   -4   -2    3 
  -4    1   -1   -2   -5   -1   -2    4   -4   -4    3    0   -1   -1   -1    4    4    3    3    4   -4    0    0    1    2   -4   -1   -1   -4    1 
   3   -2    1    3    4    2   -3    3   -3   -1    3    3    2    1   -1   -5   -5   -2   -2   -5   -1   -3    2    1   -5   -1    4    1    5   -5 
   1   -4    3    1   -5    0    1    3   -2   -1   -2    2    1   -5    4   -3    5   -5    4    4   -5   -2   -3    2    3   -3    5   -1   -4    3 
   3    3    5   -4   -5    3    4    0    1   -5   -5    5   -2    2    0   -5    0    3    2   -1    3    0   -5    2    4   -3   -2    4   -3   -1 
   2    3    2    0    5    1    2    0   -2   -1    3    4    2   -4    1    4   -2   -3   -5   -4   -4    3   -4    5   -2    1    2    0   -3    4 
  -4   -3    1    2   -1   -2    0   -5   -5    0   -3    4   -2   -3   -5   -5    1    1   -4    2    2    4   -3    1   -1    4   -5    0   -3    2 
  -2    1   -2    1    3   -5    1   -1    3    2   -2   -2   -1   -3    1   -3   -3    1   -4    2    0   -5   -1    3    5   -4   -1   -1    0    4 
   4   -4   -2   -3   -2   -1   -2    5    3   -4   -2    2    4   -5   -4   -5   -2    1   -4   -5    0    2    0   -4    2    2    3    2   -2    2 
  -1    5    0   -2    5    4   -5   -1    3   -2   -5    5    5    1   -1    1   -5   -1   -4    4    5    0   -5    5   -3    1   -5    0   -3    0 
   0   -1   -3   -2    5    3    3   -5   -4    4    5   -5    1   -2    3    2    5    2   -2    2   -3    3    2    4   -5    5    0    0    1   -4 
   5    1   -1    3   -1   -2    0   -3   -1    5   -4   -3    1   -3   -2    0   -5   -1   -4    0   -1   -5    4   -2    0   -5    3   -4    4    5 
  -3    4    4   -5   -5   -1    3   -3    1    1    0    4   -1   -1    2   -3    3   -2   -3   -4   -5    4    4    5    2    2    3    2   -1   -4 
  -2   -2    3   -1   -2   -1    4   -5    4   -4    4    2    3   -3   -2    3   -1    3   -1    5    2    1    5   -4    0   -3   -3    3    2   -1 
  -2    1    0   -5   -2   -2   -3   -3   -3   -3    0   -4   -5    0    2    0    2   -3    5   -4    5   -3   -5    0   -3    0   -1   -5   -5   -2 
  -4   -3    2   -2    3    3   -5    2   -3   -3    1    0   -3    4   -1   -1   -4    4    2   -3    1    3   -2   -3    5   -1    0    4   -3   -4 
   3   -2    3    2    3   -4    0    1   -4    5    2   -1    4   -2   -5   -3    1    5    3   -2    4   -2    4    2   -2   -5    2   -2    1   -3 
   2   -1    2    2   -3    4    3    4    0   -4   -2   -1   -3    4    0   -3    2    0   -5    5    2    4   -5    1    2    3    0   -4   -5   -5 
  -3    5    2   -2   -3   -1    1    1    3    0    5    3    2   -2    0    0    0   -5    4   -4   -1   -2   -1   -5   -4    2    4    3    0    1 
  -5    1    2   -3    3   -3   -2   -5   -2    5    3    2    1    2    5    3    5   -4    0    5    0   -3    2   -1    3    2   -4    4    5    2 
   3    3    3   -5    5   -1   -4    2    5    4   -1    3   -4    3   -2    2    3    1    2   -2    4    1   -2   -3    1    0    1    4   -4   -5 
  -4    2   -4    4    2   -3   -2   -4   -2    0    5    2    5    0    5    0    4    5    0    0    5   -1    0    2   -4    4    1   -3   -1   -4 
  -4   -5   -1   -1    2   -3    1    2    5   -2    2   -5   -3   -1   -4    2   -5    2    5    0    0    4   -3   -4   -1    2    2   -1    1   -2 
  -2    4    4    5    0   -5    3    1    4   -2    0    1   -2    3    5   -4   -5    4    5    3    0    2    5   -4    0    1    0    4    2   -5 
   5   -2   -4   -1   -2   -4    3    0    3    0   -4    3   -4   -1   -5   -4    0   -3    1    3   -4    4    5    0   -2    0   -5   -4   -2   -3 
   4   -2    4    0    0   -4    0    0   -5    5    3   -3   -2    4    1   -5   -4    1    1   -3    1   -4    5    5   -5   -1    5   -3    4   -2 
   2   -3   -5    0    4   -3    0   -3    5   -3    5   -1    4    5    1    1   -5    2   -5   -1   -2    4    3    1    2    0   -4    4    1    4 
   2   -5    0   -4    1   -5    3   -4    3    0   -3   -2   -5    5    5    2   -5   -1   -3   -4   -2    1    0    0   -4    3    5    3   -3    2 
  -2    0    3    2    4   -4   -4   -5   -5    3    2    2   -3    1    4   -5    4    4    5   -5    5   -3    4    5    5    5    2    4   -1    0 

LLL-reduced basis:
  -2   -3    5   -2    2    3   -4    2   -1    0    1   -2   -3    2    4    2   -2   -3   -5    4    1   -2    5   -3    4    4    5    2    0   -3 
   2   -2    3    1   -1    4   -1    0   -3    4    1    0   -2   -2   -2    0    5    0   -5    2    1    1   -1   -3    5    3   -4   -4   -2    3 
  -4    1   -1   -2   -5   -1   -2    4   -4   -4    3    0   -1   -1   -1    4    4    3    3    4   -4    0    0    1    2   -4   -1   -1   -4    1 
   3   -2    1    3    4    2   -3    3   -3   -1    3    3    2    1   -1   -5   -5   -2   -2   -5   -1   -3    2    1   -5   -1    4    1    5   -5 
   1   -4    3    1   -5    0    1    3   -2   -1   -2    2    1   -5    4   -3    5   -5    4    4   -5   -2   -3    2    3   -3    5   -1   -4    3 
   3    3    5   -4   -5    3    4    0    1   -5   -5    5   -2    2    0   -5    0    3    2   -1    3    0   -5    2    4   -3   -2    4   -3   -1 
   2    3    2    0    5    1    2    0   -2   -1    3    4    2   -4    1    4   -2   -3   -5   -4   -4    3   -4    5   -2    1    2    0   -3    4 
  -6   -1   -2    1    0   -6    1   -5   -2   -4   -4    4    0   -1   -3   -5   -4    1    1    0    1    3   -2    4   -6    1   -1    4   -1   -1 
  -2    1   -2    1    3   -5    1   -1    3    2   -2   -2   -1   -3    1   -3   -3    1   -4    2    0   -5   -1    3    5   -4   -1   -1    0    4 
   4   -4   -2   -3   -2   -1   -2    5    3   -4   -2    2    4   -5   -4   -5   -2    1   -4   -5    0    2    0   -4    2    2    3    2   -2    2 
   0   -1   -3   -2    5    3    3   -5   -4    4    5   -5    1   -2    3    2    5    2   -2    2   -3    3    2    4   -5    5    0    0    1   -4 
   7    0    1    2   -4    3   -1   -2   -4    3   -2   -1    2    0   -3    3   -2   -2    0   -2   -1    0    5   -5   -5   -1    4   -3    4    1 
  -4   -3    2   -2    3    3   -5    2   -3   -3    1    0   -3    4   -1   -1   -4    4    2   -3    1    3   -2   -3    5   -1    0    4   -3   -4 
  -1   -2   -1   -5   -1   -4    0    4    4   -7   -2    3    4    3    3   -5    0   -3   -4    3    1    2   -2   -1    2    4    3    6    0   -4 
   1    0   -1    4    3   -4    4   -7    1    0   -7   -2    0    5   -4    3   -6   -1    3    4    2    5   -1    3   -6    1    1    2    2    0 
  -1    0   -3   -3   -6   -2    2    4    2   -2    6   -1    2    0    0    0    3    0    7   -2   -3    1   -4   -6   -4   -2    0   -4    5   -4 
   0    5    4   -1    1    1    7   -5   -6    0    3    2   -1   -2   -4   -4    0    1   -1    4   -3   -1   -5    6   -4   -1    1    4   -1   -1 
   1   -3   -3    4   -2    1    1    1    6    3   -3   -7    4    1   -3   -1    2   -3    4    0    2   -2    0   -4    2    3   -3   -4   -3    7 
   1    1   -1   -1   -8    0    5   -3    3   -4   -8    1    0    0    2   -7   -2   -1   -3   -2    4    4   -2   -2   -5    4    3   -1   -3   -4 
  -1   -4    0    3    5   -1    1    3   -5    2    1   -1   -4    5    4   -4   -2   -2   -2   -3   -2   -2   -4    0   -1    3    7    2    4   -5 
  -2   -3    0   -3    4    1   -2    9   -3    2    0    0    4   -4   -5   -3   -2    0   -3    0   -1    1    0    2    2    1    1    5    1    2 
  -4    4   -3   -3    0   -1   -3    4    1   -1   -5   -2    0   -4    3    9   -3   -1   -3    7   -2   -5   -1    5   -3    1    6   -2   -5    5 
   6    2    0    0   -5    6    4    3    2   -5    2    1    4    1    0    1    1    2    2   -1    0    3    3   -1    3    2    2    5    3    1 
   6   -2    3    6    7    3    6   -3    0    4    2    0    0    1    1    2    0    3   -6    0    1   -3    2    1    5   -3    0    3    2    2 
  -2    5   -3    3   -7   -2   -1    3    0   -5   -1    3    0    8   -1   -2    2    1    5   -5    3   -5   -3    3    4   -6    0    0    1   -3 
   0    4   -3    0    4   -1   -3    5    0   -7    2   -5   -1    3   -1    3   -3    2    0    0   -1   -3    1    2    2   -5   -3    2   -4   -4 
   1   -2   -4    1   -2    2   -2    1   -1    3   -5   -1   -2    3   -4   -2   -1    1   -2   -1    6    1   -6    0    2    2   -6    1    3   -1 
   2   -4    5    2    4    2    2    1    1    5    1   -1    0    0    2    1    5   -5    1    3   -5   -6    3    2    2    1    4    4    4   -6 
  -5   -1   -2   -3    2   -4   -4   -2    0    3    2   -8    3   -2   -3   -2   -3    3   -2    3    1   -3    2   -1    3    3   -6    1    1   -3 
   1   -6   -3    2    1   -4   -4    1   -1    3   -1    1    0    1   -5   -2   -5   -5   -3    5    3   -4    0   -3    3    5   -4   -5    2    0 


Matrix #28
Min norm before hte reduction:   14.4222
Min norm after the reduction: 14.4222

Basis matrix:
   2    1   -3    3   -2   -4   -5    0    2   -3    0   -1    0    5   -5   -5    0    3    2    0   -2    0    0   -4    0    2    1   -4   -5   -4 
   5    5   -3   -2    0    3    3   -5    4   -3   -1    4   -5    0   -1    2   -2   -3   -4    1    2   -3    4   -4    2   -2   -1    2   -1    3 
   3    5   -1    5   -5   -4   -4   -1    2   -2    1   -5   -2    0    4    4   -3   -2   -5   -3    3   -4    1   -3    3   -5   -1   -2   -2    5 
   3    1    4   -3    3   -1   -4   -3    3    1   -2   -1    0    5   -2   -4   -2   -3    0    5    4   -5   -1   -1   -2    3    4   -1    0    2 
   0    4    2    0    0    5   -3    5   -1   -1    1    5   -2   -5    1    4    1    0   -3   -4    4    4   -2   -4    5   -3    2   -5    1    2 
  -1   -5    2    5   -2    5    0   -5   -5   -4   -4    4   -1    4    2    3   -1   -1   -5   -3   -5    1    2    5    3   -1   -1    4   -5   -3 
  -4    2   -5    3    4    4   -3    5    3   -2   -2    4    2   -3   -1    5   -2    0    4   -5   -3   -1    0    1    4   -3    4   -3   -2   -2 
  -1   -3    3    4    0   -1   -4    4   -4   -3    2    5   -3   -1   -4    3    2   -3    4    1   -3    4    4    4    2   -3    2   -3    1   -2 
   2   -5    0    0   -3    4   -4    3   -3   -3    2   -3   -5    2    2    5    2    1   -3    5    2   -4   -4   -3    3    5   -1   -2    4   -5 
  -3   -5   -2   -1    4    4   -2   -2    4    1   -3   -2    5   -2   -2   -5    2   -1    1    3    3   -4    4    4    2   -4   -5   -4    3    3 
   0   -4    0    1   -1   -1   -3   -5    5    0    4   -3   -3    2    2   -3    0    4    0   -2   -2   -2   -5   -2    1    3   -2    0    2    2 
   0   -4    2   -3    0   -5   -3    3   -4    4   -1    0   -2   -2    2   -4    5    2   -4    5    2    2   -1    4    1    0    0    4   -5   -1 
   2    0    1    4   -4    5   -1   -2    5   -5   -5    4    5   -2    4    5   -4    3   -5   -5    0    3   -1   -5    5   -2   -3    2    2   -1 
  -5    4   -5   -4    2    0    1    1   -5    5    5   -5    5   -3   -2   -1    0   -2    4    5   -4   -4    3    2    5    1   -2    2    2   -4 
   4   -1    3   -3   -4    0   -4   -4   -1   -2    0   -2    0   -2    1   -1    4    1   -4    1    3    3   -5   -1    5    0   -1   -1   -4   -5 
   3   -2    4    5   -3   -3    5    0    0    0   -1    3    5   -1   -2    1   -5    0    4    5    2   -2   -3    3    1    1    5   -4    3   -3 
   4   -2    4   -3    4   -4    5    0    4    5   -3   -2    1    0   -3   -1   -3    4   -1   -3    2   -4    1    0   -5   -4   -3    4   -3   -5 
   2    1   -1   -1   -1   -1    4    1   -5   -1    3    3   -3    4    1    1    4   -5   -5   -1    3   -5   -5    1   -3   -3    2   -2    4   -4 
  -1    4   -3   -3    3    0    5   -2   -2    5    1   -2   -3   -3   -4    1   -3   -4   -1    1    5    5   -3    5    4    3    0    3    4    2 
   3    5   -4   -4   -1    0    2   -2    4    5   -3    4    4   -4    2    3    4    3    2   -2   -1    2   -5    3   -5    0   -2    5    3    0 
  -2    5   -4    2   -5    2    2    1    1    5    1   -5   -1    2    4    2   -5   -5   -5    3   -2    0    3    0    0    1   -5   -5   -5    0 
   5    3   -5    1   -2    0    1   -5   -2    3    5    3   -2    1   -1   -4   -5    3    5    1   -2    0   -3   -3    4    5    4    1    2    4 
  -5   -5    1    5    0    0    3   -1    5   -1   -1   -3   -3    3    5    3    1    3   -4    1   -3   -2    0    3   -4    4    5    2   -4   -3 
  -3    3   -2    5   -5    2    1    5    0    4    4    2    3   -2    3    5   -2    4    3    5    3   -5    3   -5    1   -4    2    1   -5   -2 
   0    2    3    2    4    4   -5    4   -4    2   -1    4    1    0   -5   -5   -1   -5    5    5   -1   -4    0    5   -4    0    2    4    2    0 
   3    3   -2    4   -2    0   -4   -5    5   -3    4    3    1    4   -5   -5    0    4   -5   -3    0   -3    0   -1   -5    4    1    1   -4   -2 
   5   -4    2   -5   -3    3   -4    4    2   -5   -2   -5   -1    2   -4   -5   -2   -4   -4    2    0   -1    1   -5    4   -4    5    2   -2    0 
   4    4    2    5   -3    3   -5    5    0    5    5   -1    2    4    4   -2    5   -4    4   -5   -2   -1    1    0    5    1   -1   -1    4    2 
   5    0    0    0   -1    5   -3    5   -5    1    1   -5    5    2   -1   -1   -5    1    1    2    4    0   -2   -3   -1   -3    3    4   -2    4 
   1   -2    0    1   -1    3    1   -1    2    5   -1    4    3   -2   -2   -5    0    2   -4   -5    2   -2    0    2    2    5   -3   -2    5   -3 

LLL-reduced basis:
   2    1   -3    3   -2   -4   -5    0    2   -3    0   -1    0    5   -5   -5    0    3    2    0   -2    0    0   -4    0    2    1   -4   -5   -4 
   5    5   -3   -2    0    3    3   -5    4   -3   -1    4   -5    0   -1    2   -2   -3   -4    1    2   -3    4   -4    2   -2   -1    2   -1    3 
   3    5   -1    5   -5   -4   -4   -1    2   -2    1   -5   -2    0    4    4   -3   -2   -5   -3    3   -4    1   -3    3   -5   -1   -2   -2    5 
   3    1    4   -3    3   -1   -4   -3    3    1   -2   -1    0    5   -2   -4   -2   -3    0    5    4   -5   -1   -1   -2    3    4   -1    0    2 
   0    4    2    0    0    5   -3    5   -1   -1    1    5   -2   -5    1    4    1    0   -3   -4    4    4   -2   -4    5   -3    2   -5    1    2 
  -4    2   -5    3    4    4   -3    5    3   -2   -2    4    2   -3   -1    5   -2    0    4   -5   -3   -1    0    1    4   -3    4   -3   -2   -2 
  -1   -3    3    4    0   -1   -4    4   -4   -3    2    5   -3   -1   -4    3    2   -3    4    1   -3    4    4    4    2   -3    2   -3    1   -2 
   0   -4    0    1   -1   -1   -3   -5    5    0    4   -3   -3    2    2   -3    0    4    0   -2   -2   -2   -5   -2    1    3   -2    0    2    2 
   0   -4    2   -3    0   -5   -3    3   -4    4   -1    0   -2   -2    2   -4    5    2   -4    5    2    2   -1    4    1    0    0    4   -5   -1 
   0   -3   -4    0    0   -1   -4   -4    3   -3   -3   -3    4    0   -1    0    1    1    3    0   -4   -2   -3    4    4    0    1    1   -7   -9 
   1   -1    3    8   -4    2   -1   -1   -6   -4   -1    6   -5    9   -2   -2   -2    1   -6   -3   -3    3    5   -3   -1    1   -1   -1   -3    2 
  -2   -3    0    4    0    0    0    5    2    1   -6    6    3   -2    5    2   -3    4   -5   -1   -1    2    3    0    1   -2   -2    7    1    3 
   2   -5    0    0   -3    4   -4    3   -3   -3    2   -3   -5    2    2    5    2    1   -3    5    2   -4   -4   -3    3    5   -1   -2    4   -5 
  -4    3   -2    4   -2    2    0    0  -11    1    4    1    0    6   -4   -3   -2   -1   -2    2   -7   -1    8   -1    4    2   -3    1   -1   -2 
   3   -2    4    5   -3   -3    5    0    0    0   -1    3    5   -1   -2    1   -5    0    4    5    2   -2   -3    3    1    1    5   -4    3   -3 
   4   -2    1   -2   -2    5    2   -8   -4   -1   -2   -2    0    3    5    1    0    0    2   -8   -1    8   -4    1   -6    3    0    5    1    4 
  -5   -5    1    5    0    0    3   -1    5   -1   -1   -3   -3    3    5    3    1    3   -4    1   -3   -2    0    3   -4    4    5    2   -4   -3 
  -7   -3   -6    1    2   10   -4   -5    1    0    0   -8    5    1    2   -3    4    3    2   -3   -3    2    1    2    2    3    1   -4   -2   -2 
   5    2    9   -8    7    4   -3   -1   -7    6    1    0    1   -1   -5    2   -2   -4    6   -4    2    3    1    2   -1   -3    3    2    2   -3 
   4   -1    5    1   -2   -4   -6    0   -3   -3   -3   -4    8    2    6   -5    2   -1   -4    0   -3    0   -3    0    1   -1   -6    1   -3    4 
   3    3   -2    6   -2   -3   -1   -3    2   -1    0   -6    4    4    0    1   -3   -3    6    1    3   -3   -7    3   -1   -1    2   -2  -10    1 
   2   -1   -4    6   -3   -5   -1    6   -1   -3   -3    8    0    7    1   -2    1    2   -8   -2    0   -3   -2   -3   -2   -3    1    1    0   -5 
   2    2   -1    0   -1   -1   -2    2    0    2   -1    9    1   -5   -2    6    6    0    6   -1   -4    6   -1    7   -3   -3    0    2    4   -2 
   0   -1    0   -4    7    3   -6   -3   -3    5   -2    2    6    1    0   -1   -1    6    2    4    1   -3    0    2   -2    5    1    4    3   -4 
   0   -1    6   -5    0   -3   -3    6    3    2   -5    2   -1    0    0    1    4    8    5    5    6   -2   -6   -1   -1    5    3   -4   -1   -6 
   0   -1   10   -1   -4    1   -1    3    1    0   -2    7   -1    0    2    3    2   -1    1    0    2    3   -1    6   -4    4    4    7    2    3 
   2    2   -2   -6   -3   -7   10    2    1   -2    1    4    1   -7   -1   -3   -2   -2   -4    4   -1   -2    1    1   -1   -7    0    8    1    5 
  -3   -3    0   -3    5   -2    1    0    3   -1    1   -3   -3   -2   -4   -2    2    6    6   -2   -9    5    0    8    2    1    3    5   -2   -1 
   2    8    4    0    3    9    1   -7   -2    0   -5    6    1   -4    0    0   -1    1    2    1   -1    6    3   -3    1   -3    1    3   -1   -3 
  -2    6   -4   -3   -1   -2    1   -5    7    4    7    1   -1    2    3   -3   -4   -3   -2    0    0   -6    1    3   -1    1    0    1   -4   -3 


Matrix #29
Min norm before hte reduction:   14.6629
Min norm after the reduction: 14.2127

Basis matrix:
  -5   -1   -4    3   -4   -2    1    5   -4    3   -1    1   -4   -5   -5    2   -4   -1   -4   -5    0   -2    3    3   -5   -4   -3   -2    2    1 
   2   -3    3   -4    4   -2   -2    0   -1    1   -4   -1    2   -3    0    1    4   -2   -5    0    3   -2   -3    5    4   -4    5   -3   -1    0 
   1    1    5   -2    4   -2    0   -3    2    3    2    1   -2   -2    0    3   -4    1    2    0   -1   -4    1   -1   -5    5    5   -3   -1   -3 
   4    5   -1    4    4   -1   -1   -3   -1    0    1   -4   -4   -5    1    0    3   -5   -2   -2    1    5   -2   -5    5   -5    2    5   -5    5 
  -2    2    1    1    1    4    4   -2    1    4   -3    5    5    5   -4   -5   -5   -2   -5    5   -4    0    5   -2    4    2    4    5   -5   -5 
   5   -3   -4   -2   -1    3   -5   -1    4    2   -3    2    3    0   -1   -3    3   -3    1    0    1    3   -1   -5   -1    2    2   -2   -2   -1 
   2    0    4   -4    5   -3   -1    2   -4   -3   -5   -5    1    2   -1    1    2   -5   -2   -3    2   -1    2   -1    5    2    1    2    3    1 
   0   -5    5    4    1   -3    0    0   -3   -1   -4    0    0   -1    1    5    3   -5    5    3   -2   -1    4    0   -5    2   -3    2   -3    5 
  -5   -5    5    4   -3   -1    1    2    1   -4    3    5   -5   -5   -1    2   -5    1   -5   -2   -5    3    4    4    2   -4    0    2   -2    0 
   1    0    2    1    3    0    5    5   -4   -4    1   -3   -3    2    4    4    0   -2   -2    1    5    1   -3   -3    0    4    4   -1   -1    2 
  -1   -1    4   -4   -5    4    3    2    2   -4    5   -5    3   -1    3   -1    4   -2   -5    2    3    1    4    1   -5    4    4   -2    3    4 
   3    3   -2   -5    0    2   -5    0   -5    4   -4   -1   -2   -4   -1    2    4    1   -1    2    3    4   -3   -2   -3   -1    1   -1    5    5 
   0    5    1    5    2    5   -1   -5   -1    4    4    4    3    2    1    2    4    0    0    5    2   -4    3   -4   -3    2    2   -3   -2   -3 
   2   -2    1    2    5    3   -2    0   -3   -5   -2   -5   -1   -3    4    5   -2   -1    3    3   -5   -1    0    1   -5    5    2   -4   -1   -4 
   3   -2    5   -4   -2   -2   -3   -5    5    5   -1    2   -5   -2    3   -3   -1   -2   -4    3    5   -2   -5   -4   -5   -4   -4    0    3    4 
  -2   -4    0   -3    4    2   -2    3    5   -5   -4   -3   -2   -4    5   -4    0    4   -3   -1    1    3    2    0    0   -4   -3   -3   -5   -2 
  -5   -4   -2   -1    2    1    0    5   -1   -5    1   -1    2    5   -2   -1   -5   -2    4    1    3   -5    1   -1   -2   -5    1    0   -4   -2 
   1   -1   -2   -5    4   -5   -5   -2   -1    5    5    1   -1   -3    2   -4    4    4   -4    0    5    5   -2    1   -3    1    4   -3   -3   -1 
   1   -1    3    0   -3   -1    4    1   -1    4    0    2    3   -1   -5   -4   -2    5   -3   -5    1    0    2   -2   -2    5   -4   -2   -1   -5 
  -5    3   -3    3    1    1    1   -4    1   -1    3    3   -2   -3   -3   -5    4   -3   -1   -1   -4    4   -5    4    4    4   -2    0    1    0 
   1    1    5    0    2    3   -5    5    3    3   -3   -2    1    4   -3   -2   -3   -4    3   -3   -2   -1   -1   -3   -3    5   -4   -5   -4    5 
   4    1    1   -1   -1    0   -2   -3    0    1   -2   -4   -5    3   -4    1   -4   -1    3   -4    2   -1    5   -4    3    3   -4   -4   -2    0 
   5    3   -3    3    1    4   -5   -5    2    3    4   -2   -3    1   -3   -5    5   -1   -3    4    5    1   -2    3    0   -2    4    3    2    0 
  -3   -2    0   -4   -2   -1   -5    1   -3    0   -4    2    5   -2   -5   -5   -1   -3   -3    0   -3   -2   -2    1   -1   -5    4   -2   -5    2 
   2   -4    1   -4    0   -4   -4   -1    4   -2    2    3    1   -5    3    0   -5   -5    1   -5   -1    5    2    1   -3    5   -4   -5    5    2 
  -2   -5   -2   -2    4   -3    5    5    4   -2    2    4    0   -2   -4    2    2   -3    0    2   -5   -3   -3   -3    2    2   -1    4   -3   -1 
  -1   -2   -4   -1    3   -1    3    4    2    1    5    4    1   -5   -4   -5   -3    4   -4   -3   -4   -5    2    5    2    1    2   -5    2    4 
  -5    5    4    3    4    4    4    0   -3    0   -2   -4   -2   -1    0   -4    0   -4    3    2   -4    0   -1    0   -4   -3    0    5   -3   -5 
   3    4    4    2   -1   -4   -4    4   -5    3    1    3    0    4   -2   -1   -3    5    2    2    5    0    5    4   -3    1   -4   -4   -5   -3 
  -5    3   -3    3   -5    5   -4   -1    2   -2    1    4    4   -4    0   -3   -5   -1   -3   -5    4   -2   -2    2    3    4    5   -4    4   -2 

LLL-reduced basis:
  -5   -1   -4    3   -4   -2    1    5   -4    3   -1    1   -4   -5   -5    2   -4   -1   -4   -5    0   -2    3    3   -5   -4   -3   -2    2    1 
   2   -3    3   -4    4   -2   -2    0   -1    1   -4   -1    2   -3    0    1    4   -2   -5    0    3   -2   -3    5    4   -4    5   -3   -1    0 
   1    1    5   -2    4   -2    0   -3    2    3    2    1   -2   -2    0    3   -4    1    2    0   -1   -4    1   -1   -5    5    5   -3   -1   -3 
   5   -3   -4   -2   -1    3   -5   -1    4    2   -3    2    3    0   -1   -3    3   -3    1    0    1    3   -1   -5   -1    2    2   -2   -2   -1 
   2    0    4   -4    5   -3   -1    2   -4   -3   -5   -5    1    2   -1    1    2   -5   -2   -3    2   -1    2   -1    5    2    1    2    3    1 
  -1    1    0    0   -3   -1   -2   -3    1   -1   -1   -2    4    7    0    1    3    1   13    1    2   -3   -1   -2   -1    6   -2    1    0   -3 
  -6   -4    5    4   -6   -2   -1   -1    2   -5    2    3   -1    2   -1    3   -2    2    8   -1   -3    0    3    2    1    2   -2    3   -2   -3 
  -2    5   -5    7   -3   -4   -2   -1   -4    2   -1   -5   -4   -3   -4    3    2   -5    7   -6    3    0    0   -4   -1   -3   -3    4   -3    3 
   0   -5    5    4    1   -3    0    0   -3   -1   -4    0    0   -1    1    5    3   -5    5    3   -2   -1    4    0   -5    2   -3    2   -3    5 
   1    0    2    1    3    0    5    5   -4   -4    1   -3   -3    2    4    4    0   -2   -2    1    5    1   -3   -3    0    4    4   -1   -1    2 
  -3   -1    3   -1   -6    0   -6   -1   -3   -1   -2    2   -3   -2   -2    5    2    3    7    1    0    4    0    0   -2    1   -1    2    3    2 
   0    5    1    5    2    5   -1   -5   -1    4    4    4    3    2    1    2    4    0    0    5    2   -4    3   -4   -3    2    2   -3   -2   -3 
   6   -6    4   -4    0    2   -5   -1    2   -1    8    5    2   -2    2   -3    0   -1    2    4   -5    1    2   -4   -4    3   -4    2    3    3 
   1   -7    6   -3    1    1    1    4   -5    2    0    5    6    4   -3    0   -2   -7   -1    6    1   -5    3   -3   -2    7    4    2   -2   -2 
   2   -2    1    2    5    3   -2    0   -3   -5   -2   -5   -1   -3    4    5   -2   -1    3    3   -5   -1    0    1   -5    5    2   -4   -1   -4 
  -1   -1    4   -4   -5    4    3    2    2   -4    5   -5    3   -1    3   -1    4   -2   -5    2    3    1    4    1   -5    4    4   -2    3    4 
   0   -4    5   -4   -3    1   -7   -1    1  -10   -4   -6   -4    2    4   -2   -2   -2   -2   -1    2    1   -5   -1    6   -2   -5    2    7   -4 
  -5   -2    5    4    2    1    2    0    0   -3    4   -1    0    0    5   -1   -1    1    8    7    2   -2    1   -4   -2    0   -2    5  -13   -2 
   3   -6   -2    0    0    2   -2   -2    4   -3   -1    4    5    7    0    2    1   -2    7    5   -3   -1   -1    1   -5   -1    2   -3    1    3 
   3    1    4    6    2   -3    6   -3   -2   -1    3    0    1    1   -3    1   -1    1    1   -2   -2    1    0   -1   -1   -3   -2    2   -3    4 
  -7    0   -3   -4   -4   -1    0    5   -1   -6   -4   -2    0    1    1   -1   -2    7   -2   -3    0   -1   -6    6   -4   -3    2  -10    1    1 
  -4   -8   -6    5   -5    1   -3    1    6   -4   -9    0   -3   -4   -1   -3   -1    0    0   -2    0   -2   -4    4    1   -2   -1   -7   -2    0 
  -3    3    9    5   -9    4   -2   -1   -2   -1    1    0   -1   -2   -3    4    5    1    3    3    0   -1    0    6   -3   -3    2    4   -4   -1 
   0    0    1   -3    0    0   -5   -3    0    1    6    4   -7   -4   -2    0   -3    0   -3    2    2    4   -3   -4    4   -2    1   -4    1   -3 
   4    6    2   -2    1   -7    1   -4    6    0    0   -2    0    0    0    1   -1    0   -2    2   -2    2   -2    0    2    4    4    5    0    2 
  -2   -4   -1    1    3   -2    1    0    2   -4   -2    1    2    3    1    5   -2   -5   -4   -2    2   -1    0    3   -4    2    3    0   -4    2 
  -2    8    2    4   -2    2   -2   -3   -1   -5    2   -8   -6    2    4   -6    5    6    2    4    3    4   -3    0   -3    6   -1    3   -2    2 
   2   -2   -1    0   -3    1   -2    8   -7   -1   -6    5    1    1    1    3   -1   -2   -1    0    4    3   -7    7   -2    0   -7   -5    5    0 
  -5    0   -3   -2    5   -6    1    5   -4    0    3    0    2   -1   -2   -2    0   -7   -6   -2    4   -5   -4    0    2   -2    2   -1    5   -6 
  -4   -1   -1    3    2    5   -4    0    1    4   -6   -9    2   -4    0    3    1   -4    1    1   -3    3    5    6    1    1   -6   -4    1    5 


Matrix #30
Min norm before hte reduction:   15.1327
Min norm after the reduction: 15.1327

Basis matrix:
   0    4   -2    4    3   -4    0    2   -5   -2   -5    0    5    4    3   -5   -2   -4    1   -4   -2    4    4    2    4    3   -3    3    1   -2 
   1    5    3    2    3   -4   -1    3    4   -5    0    1    3    5    2   -4    5   -1    1    5    2   -1    3    0    1   -1    5   -5    5    5 
   0    3   -5    0    2    5    2   -2   -3    0   -3   -1    2   -5   -3   -2   -5    3    3    0    4    5    5    4   -1    2    2   -2    2   -3 
  -4   -3    3   -2    4   -1    1   -5    5    4    2   -2    1    2    1    2    0   -1    1   -3    1    5    1    3   -4   -3   -5    4    3   -5 
  -2    0    4    0    2    0    2   -4    2    3    3   -2    2   -2    4   -4    2   -3   -1    5   -4    4    3   -3    0   -2    1    3    4   -1 
  -4    0   -3   -3    2    1   -5   -3   -1   -3   -4    4   -1    0    2   -4   -2    4    4    1   -5    0   -3    5    5    3   -2   -1   -3   -1 
  -3   -3   -5    2    1   -3   -2    2    3    4   -1    5   -4    4    4   -2    2    3    2    0   -5    5    0    1    5   -5    5   -5   -3    4 
  -1   -5    1    2   -4   -1    1   -3    4   -2   -5    4    4   -3   -4    4   -1    2    2    5    5   -3    2   -3    0    2   -4   -2   -1   -5 
  -4    0   -4   -1    5   -2    3    1    3    0    0   -2    1    0   -1    1    5    3    1    1   -1   -5   -3    3   -1   -5   -3   -1   -3    4 
   3   -4    4    2    0    4    4    5    2   -4   -4    3   -1    5    1   -1    4   -5   -4    0    5    0    4   -3   -3    3    0    0   -2    4 
   2    2    2   -2   -5   -3   -4    2   -1   -1   -5    4    4   -2    2   -4   -4   -1    1   -4    5   -3   -2    0    4    4    4    5   -4   -2 
  -5    4    4    0   -3    5   -1    2   -4    3    0   -4   -4    3   -2   -2    4   -5   -3   -1    1   -1   -1   -1    4   -4    1   -2    2   -4 
  -1    1   -5    2   -4   -2    5   -3    1   -3   -4    0    5    4   -3    1   -5    5   -3    4    3    1   -3    5    5   -4   -4    0   -4    5 
   1   -2    3    3    4    4    2   -1    3    0   -5    3   -5    5   -1    1    0    4    3    3    1   -3    5    4    1    0    5   -1   -4   -4 
  -3    4    3    0    2   -1    4    0    2    3    0    5   -3    3    1    0    5   -1    5    5    2   -2    0    4    0   -4   -4    5    2   -4 
   3   -4    4   -3    5    5   -2    4    0    4    4    2   -1   -1    5   -1    2    0   -3    2    1    2    4   -1   -4    0    4    4   -4    2 
   3    5    2    1   -5   -3   -1   -2    2    5    1   -2   -5   -1    4    5    2    5    3    2    4   -3    2   -5   -3   -1    0   -2   -5    1 
  -3    1   -2    1   -1    5   -5    3   -1   -4   -1    5    4    2    3    3    4   -5    3   -3   -5    0    5   -4    2    5   -3    5    5   -3 
  -5   -5   -2   -1   -4    0   -2   -1    4   -2   -2    0    5    5    4    4    2    5   -2   -5   -4   -1   -5    3   -1   -1   -1   -5   -4    5 
   2    4   -4   -1   -3    3    0   -5   -5    2    5    5   -1    3   -2   -3    4    5   -3    3   -3   -5   -4   -1   -1   -1    0    1   -4   -4 
   3   -2   -4    3    5    4    0    1    0    3    1   -1    2    1    1    2    0   -1   -1   -5    3    2   -2    4   -3   -3   -3   -5    1   -5 
   0   -5    2    5   -3    4    3    1    2    1   -2   -3   -1    5   -4    1   -2   -4    0   -4   -4    5    0    4    1   -4   -5    5   -5    0 
   1   -3    3    5   -3   -4   -3    5    4   -1   -1   -5   -3    0   -2    2    1   -3    4    3    0   -1   -5   -3    5    3   -1    3   -3    3 
  -4   -1   -4    4   -4   -5    2    2   -3    3    0   -5   -5   -2   -1    4   -5   -2    3    0   -5    3    4   -1   -2    2   -1   -4   -1    1 
  -5    1    1    3   -3   -5    3   -3    2    5   -2    3   -2   -1    3    4   -1    3    5   -4   -3   -1    4    3   -2    4   -1    3    1    5 
  -1    2   -3    2    1    4   -3    5    0   -3    4    1    2    5    0   -5    5    4   -5   -2   -1   -2   -3   -5    1    5    5    4   -3    2 
   0    5    4   -5    2    2    5    0   -4    0   -4    3   -2    1    5    5   -2    2    2   -4   -1   -2   -4    3   -5   -2    1    5    1    5 
  -2   -3    5    0   -2    4    0    4   -1    5    5   -2    4    0   -3    0    4    2    2    1    0    0   -1    2    2    3    5   -5    4   -5 
   0    3   -2   -1   -4    3   -4   -2   -2   -3    1    2   -1    0   -1   -5    5    5    0    4    3    0   -2    1   -2    4   -4   -2    4    1 
   1    2   -5    4    3   -3    2    1    4    0    4   -3    5   -2   -1   -2    1    5    5    0    3   -4   -3    4   -5    4   -3   -5    1   -2 

LLL-reduced basis:
   0    4   -2    4    3   -4    0    2   -5   -2   -5    0    5    4    3   -5   -2   -4    1   -4   -2    4    4    2    4    3   -3    3    1   -2 
   1    5    3    2    3   -4   -1    3    4   -5    0    1    3    5    2   -4    5   -1    1    5    2   -1    3    0    1   -1    5   -5    5    5 
   0    3   -5    0    2    5    2   -2   -3    0   -3   -1    2   -5   -3   -2   -5    3    3    0    4    5    5    4   -1    2    2   -2    2   -3 
  -4   -3    3   -2    4   -1    1   -5    5    4    2   -2    1    2    1    2    0   -1    1   -3    1    5    1    3   -4   -3   -5    4    3   -5 
  -2    0    4    0    2    0    2   -4    2    3    3   -2    2   -2    4   -4    2   -3   -1    5   -4    4    3   -3    0   -2    1    3    4   -1 
  -4    0   -3   -3    2    1   -5   -3   -1   -3   -4    4   -1    0    2   -4   -2    4    4    1   -5    0   -3    5    5    3   -2   -1   -3   -1 
  -4    0   -4   -1    5   -2    3    1    3    0    0   -2    1    0   -1    1    5    3    1    1   -1   -5   -3    3   -1   -5   -3   -1   -3    4 
  -3   -3   -5    2    1   -3   -2    2    3    4   -1    5   -4    4    4   -2    2    3    2    0   -5    5    0    1    5   -5    5   -5   -3    4 
  -1   -5    1    2   -4   -1    1   -3    4   -2   -5    4    4   -3   -4    4   -1    2    2    5    5   -3    2   -3    0    2   -4   -2   -1   -5 
   3   -4    4    2    0    4    4    5    2   -4   -4    3   -1    5    1   -1    4   -5   -4    0    5    0    4   -3   -3    3    0    0   -2    4 
   2    2    2   -2   -5   -3   -4    2   -1   -1   -5    4    4   -2    2   -4   -4   -1    1   -4    5   -3   -2    0    4    4    4    5   -4   -2 
   2    0   -4   -5    3    1   -8    3   -4    5    5    1   -2   -4    0    4   -4    8    2   -3    0   -2   -3    5   -1   -1    3    1   -6   -1 
  -4    3   -1    1   -1    1   -8    4   -9    4   -5    1    3    0   -3    1   -3    1    2   -3    4   -2    2    3    7    0   -3    0   -4  -12 
   1   -2    3    3    4    4    2   -1    3    0   -5    3   -5    5   -1    1    0    4    3    3    1   -3    5    4    1    0    5   -1   -4   -4 
  -3    4    3    0    2   -1    4    0    2    3    0    5   -3    3    1    0    5   -1    5    5    2   -2    0    4    0   -4   -4    5    2   -4 
   0    5   -4    4   -6    4    8    5   -1    0   -3    2    4    1   -1    4    4    4    1    2    6   -3    2    3   -3   -3    4   -5    0    4 
   2   -3   -1   -1    1    3    3    1    1    1    0    2    4    3    2    0   -3    5   -6    6    4    3    1    4    1   -4    0    4   -8    7 
   3    5    2    1   -5   -3   -1   -2    2    5    1   -2   -5   -1    4    5    2    5    3    2    4   -3    2   -5   -3   -1    0   -2   -5    1 
   0   -4   -3   -2   -2    7   -1   -6    4   -2    4   -2    3   -4   -7    7   -6   -1   -3    2    3    5    4   -5    0    0   -4    6    5   -2 
   3   -2   -4    3    5    4    0    1    0    3    1   -1    2    1    1    2    0   -1   -1   -5    3    2   -2    4   -3   -3   -3   -5    1   -5 
  -1   -1   -2    5   -2   -4    0    1   -2    8   -1   -4    3   -5    6   -2   -7   -7    2   -4   -1    6    3    0   -1    1    1   -1    0   -7 
  -5   -2    2   -2    1    2    0    6    0   -2   -3    5    0   -6   -1  -10    1    0    1   -2    0    1   -3    1   -1    2   -2   -1   -3    0 
   2    0   -7    5    0   -6   -6    4   -2    2   -3    1    3    2   -1    0   -1    4    3   -2   -3   -1    4   -5    4   -2   -5   -8   -4    4 
  -1    8    1    0    5   -4    1    4   -3   -2   -1   -6   -1    0   -1   -4    1    0   -1    0   10   -3    5    7   -2   -1    1    1   -3    0 
  -6   -3   -4    0    2   -3    3   -2    1    4   -3    4    4   -5   -5   -2   -4    3    6   -3   -1   -1   -4    4   -6   -1   -3    0    2   -8 
   2    3   -1    0   -3    1    2    0   -3    4    6   -1   -4   -5    5    3   -7    2   -2    0    0    1   -1   -3   -2    1    2    9   -2    3 
  -7    1    3   -1    0    1   -4   -6    3   -4   -2   -7    2    2   -3    6    8    5    4    1    0   -5   -1    0   -1   -2   -5   -5    1    1 
  -3    1   -4    1   -1   -3   -3   -7   -3   -4   -2   -3    3    1   -3    3   -2    6    5   -1   -1   -2    0    0    1    6    0   -4   -2   -1 
  -3    4    4   -1    1    0   -1   -3    5   -2    0   -2   -1    7    2   -3    4    2    7    1   -4   -3   -1    5   -6    5   -1    2    7    1 
   3    2   -1   -1    6    3   -1   -4    6   -1    2    3    0   -1   -1   -3   -2    3   -1    4    2    0   -1    7   -3    2    7   -1    2    7 


Matrix #31
Min norm before hte reduction:   13.6382
Min norm after the reduction: 13.6382

Basis matrix:
   4   -3    1   -4    3   -4   -2   -5    4    2   -1    1    5   -5   -3   -2    2    5   -4    4    5   -4   -5    3    2    5   -2    0    1   -1 
   5   -1   -2   -1   -4    0   -3    1    4   -4    0    2   -2   -4   -5    3   -4   -5   -3   -1    1   -2    4   -3    4    0   -2   -4    1    2 
   3    4    3    1    5    4    0   -2    0    1    4   -5   -2    1    4    2    2   -4   -4    3    3    5   -4   -3    2    2    5   -1   -3   -2 
   4   -4    3    0    4   -5    5    2    1   -1    1    3    4   -3    1   -3   -5    0    0   -2    1   -5   -5   -4    1    2    1    2    3    5 
   1    5   -2   -3   -2   -4    1   -2    4   -3   -1   -5   -5   -1    3   -1    4   -4    4   -1   -4    2   -5   -3   -3    1    2   -5   -1    4 
  -3   -1    0    1   -4    1   -3    3    5   -4    5   -3   -2   -4   -1   -3    0   -5    3   -3    4    4    5    3    5    5    5   -1    1   -5 
   3   -1   -2    2    1   -1   -2    1   -1   -4    0    4    3    4    0    5   -2    2   -4   -3    4   -1    5   -2    4    1   -5    0    2    5 
  -4   -3   -1    1   -5   -5    3   -4   -2    4    3   -1    5   -3    2   -1    2    4   -5   -4    1    4    2   -2    2    1   -3    1    4    0 
   1   -2   -3   -5   -5   -5   -2    1    3   -3    1    5   -1    3   -5   -5    4    5   -5   -5   -4   -4    4   -2    4    4   -2    3   -1    1 
   3    0    4    5    1   -4    4   -5   -5   -2    4   -5    2    3   -3    1   -1   -4   -1   -5    0   -2   -3   -2    5    2    5   -1    4   -3 
   2   -4    4   -2    4   -3   -5    3   -3   -5   -5    5    2    0    2   -4    5   -4    1   -1    1    1   -3    3    0    3   -4    2    5    4 
   4   -5   -3    3    1    0   -5   -4    3   -5    5   -4   -1    2    2    5    0   -5   -4    0   -4   -5   -3   -4    2    0   -1    3    3    5 
   1   -3   -5    2   -5    1    3    1    1    0   -1   -1    1    0    3   -5    5    0    2    2    1   -5   -1   -3   -1    4   -2   -5   -3   -2 
  -1    1   -3   -2   -1   -4   -2    5    4   -1    5   -4   -4   -2    4    0   -3    1    2   -4    3    1   -3   -5    5    0    0   -5    4    1 
   5    2    3   -2   -4    4   -5    4   -1    0    4    2   -2   -2    5    0    5   -1    5    0   -1   -1    4    3   -4   -2   -1    4   -4    5 
  -1    3   -1    3   -4   -2   -5    5   -3    0   -2    2   -4    3   -2   -1   -1   -5   -4    1    4    5    3    4    0    4   -3    0    3   -4 
   2   -2    0    5   -3   -1   -4   -3    0    3    3   -1   -3   -5    3    1    1    1    2    4    5    5    3    2   -2   -3    0    4    5   -4 
  -5   -2    4    2   -3   -4    0   -5    3   -4    1    3   -3   -3    4    3    4    2    3   -1   -4   -4    1    4   -3    1    3   -4    2    1 
  -5    5   -4    3   -2    4    2    0    2   -2   -5   -5   -5    3    1    5    4   -1    3    1   -3    2   -1    5   -2   -2    1   -2   -4    2 
   0   -1    4   -2    2    2    3   -3    2    1   -4   -1    0    2   -2    0   -5    1    1    3    1    0   -2    3   -5    1   -2    2   -3   -4 
  -5   -2   -2    3   -2    3    5   -5    5    4   -4    0   -2    5    1   -5    2   -3   -5    5   -3    5   -5    2    2    5   -1   -4    3    1 
   1   -3    2   -5    2   -1   -5   -4   -5    1    3   -5    2    3   -5    1   -3    2    1    1    3    3   -4   -5    0   -4    0    2    1    2 
  -1   -5    1   -2    1   -3   -5   -5    0    2    2    1   -4    5    3    0   -5   -5    3    1   -1   -1   -4   -4    2   -3   -3   -5    0    5 
   1    1   -2    4    2   -2   -3   -1    2    2    4   -3   -2    0    2    5    2    0    5   -3    0   -3   -3    2    0    2    3   -1    0    5 
  -3    0    4   -3    0   -4   -4    2    3   -3   -3   -5    0   -1    1   -5    0    5    0   -1   -5    4    1    5   -5   -2   -5   -3    1   -2 
   3    3   -1   -3   -1   -1   -5   -5    5   -5    2    5   -1   -5    3    4   -3    4   -2    4   -4    0    4   -4    2    5   -3    2   -4   -3 
   3   -2    5   -2    0   -4    0    1   -2    4    5   -3   -1    5    5    2   -4    0   -2   -5   -1   -1    2   -1    1    5   -1   -4   -4    2 
  -2    4    2    4    1   -3    4    4    4    2    0    2    1   -5    3    4   -5   -5   -1   -1    3    1    2   -2   -1    0   -5    4   -1   -3 
  -3    1    5    4    3   -5    0    2    3   -3   -2    5    3   -5   -2   -3   -5    5   -1   -1    4    1    4    5    0   -1   -4   -4    0    4 
   4    5    4    3    3   -3   -1   -3    4    3   -4    3    0    5    0   -5    5   -1   -3   -2    4    2    1   -2    3    0    3    4    4    4 

LLL-reduced basis:
   4   -3    1   -4    3   -4   -2   -5    4    2   -1    1    5   -5   -3   -2    2    5   -4    4    5   -4   -5    3    2    5   -2    0    1   -1 
   5   -1   -2   -1   -4    0   -3    1    4   -4    0    2   -2   -4   -5    3   -4   -5   -3   -1    1   -2    4   -3    4    0   -2   -4    1    2 
   3    4    3    1    5    4    0   -2    0    1    4   -5   -2    1    4    2    2   -4   -4    3    3    5   -4   -3    2    2    5   -1   -3   -2 
   4   -4    3    0    4   -5    5    2    1   -1    1    3    4   -3    1   -3   -5    0    0   -2    1   -5   -5   -4    1    2    1    2    3    5 
   3   -1   -2    2    1   -1   -2    1   -1   -4    0    4    3    4    0    5   -2    2   -4   -3    4   -1    5   -2    4    1   -5    0    2    5 
  -1    1   -1    3    2   -1    7    2    3   -3   -4   -2   -1    0    2    2   -1   -1    3   -1   -2   -3   -6    1   -1    0    2    0   -1    7 
   2    4   -1   -6   -4   -3   -6   -4    1    0    3   -3   -4   -1    1   -3    5   -3    1    0   -2    5    1   -4   -2    1    0   -5    0   -3 
   0   -1    4   -2    2    2    3   -3    2    1   -4   -1    0    2   -2    0   -5    1    1    3    1    0   -2    3   -5    1   -2    2   -3   -4 
   1    1   -2    4    2   -2   -3   -1    2    2    4   -3   -2    0    2    5    2    0    5   -3    0   -3   -3    2    0    2    3   -1    0    5 
  -7    1   -5    4   -1    4   -1    7    2    0    1   -4   -4    2    2    6   -3    4    1   -2    4    1    1    3    6   -3   -1   -2    1   -1 
  -3   -1    0    1   -4    1   -3    3    5   -4    5   -3   -2   -4   -1   -3    0   -5    3   -3    4    4    5    3    5    5    5   -1    1   -5 
  -4   -3   -1    1   -5   -5    3   -4   -2    4    3   -1    5   -3    2   -1    2    4   -5   -4    1    4    2   -2    2    1   -3    1    4    0 
   1   -2   -3   -5   -5   -5   -2    1    3   -3    1    5   -1    3   -5   -5    4    5   -5   -5   -4   -4    4   -2    4    4   -2    3   -1    1 
  -5   -4    4    5    0   -4    0    0   -5    0   -1   -1    0    4    7    2    2   -4    6   -9   -2    6   -1    3   -5    2   -4    4    5    6 
  -4    4   -2    3   -6   -3    6    0   -2   -4   -1    0    2    3    2    1    5    5   -4   -4   -4   -1    9    4   -4    4   -3    2   -4    2 
   2   -2    4   -2    1    7   -2    0   -6    4   -4    0   -2    5    0    1    1   -8   -3    4   -4    4    0    0    3   -4    2   -4   -5    0 
   1   -3    0   -1    0   -3    1    1    0    2    1    0    1   -1    5  -10    3    4    6    7    3    2    0    2    3   -2    8    1    1   -3 
  -4    3   -2   -1   -2    4    3    3    4    4    0   -5    1    3   -2    5    2    3    2   -2   -7    0    5    0    0   -1   -2   -1   -5    2 
   0    0    1    1    2   -2   -1   -8   -2   -3    5    4    2    1    3   -4    2   -3   -6    4    2    2    0   -7    1    0   -1    2    1    1 
   1    2   -2   -2   -1   -1    1    2    7    5    3   -2    6   -2   -7   -5    0   -2   -5    4    5    5    1   -3    9    7    4   -1    1   -4 
   3    2   -4   -1   -3    5   -2   -2   -1    0    5    1   -1    1    3    6   -4   -1   -2   -3    6   -1   -4   -5    6   -5    1   -4   -3    8 
   4   -1    5   -1   -3    2   -1    2   -2   -2    4   -3    3   -2   -1    0    1    4   -4    0    8   -3    0    5    9    0   -2    2    2   -5 
   3   -6   -2   -2   -3    4   -1    5    3   -4   -4   -5   -1    1   -3    4   -4   -2   -3   -1   -6   -4    0    1    1   -2   -3    2    2   -1 
  -5    4    1    3   -3   -2    6   -1    1    3    0    3    0    4    1    3    2    0   -1    2   -8    1    2   -5   -1   -2    4   -4    1    3 
  -3    1    1    0    0    4   -4    4  -10   -1    4   -2    1    4   -6   -1    3    4    1    2   -3   -3    5    3   -2   -4    5    6   -5   -1 
  -1    3    1   -1    4   -6   -1    5    3    6    6    2    4   -1    5   -4    0   -1    5    0    3   -2    2   -1    5    3    4    0   -4   -4 
  -1    2    1    1    3    1   -6   -4    7   -4    2   -8    1    5    0    1   -3    3    3   -1    2    9    4    2    0   -1    1   -4   -1   -2 
  -1   -5    6    1    1   -6    3    0    2   -3   -3   -2    1   -1    3   -4    0    8   -3    2    2   -2   -9   -4   -2   -3    2   -1   -2   -6 
  -2    0    1   -2    7   -2   -2    3   -3    3   -6    6    2   -4    0    1    5    4   -1    1    4   -9    2   -1   -3   -1   -2    4    2    9 
   0    6   -2    5    5    3    6    0   -8    2    0   -6    0   -2   10    4   -7    1    0   -3    2    2    2   -9    4    2    1   -2    5    0 


Matrix #32
Min norm before hte reduction:   14.4568
Min norm after the reduction: 15.3623

Basis matrix:
  -5   -4   -5    4    3   -2    4   -1   -2    0   -5   -2   -1    3   -2    5   -5    1   -3    4   -2   -4    5    3    5   -2   -2   -3    0    3 
  -5   -2    4    5   -1   -5    0    1    5    3   -2   -5    3   -4    2   -5   -3    1    3   -1   -3   -3   -4    0    4   -4    0    0    5    3 
  -5   -2   -1   -3    2    5    0    5   -5    2    2    1    3   -2   -1   -4   -4   -2    0    3   -1   -3    0    2    3    2    4    3    4    5 
   3    5   -5   -4   -2    1   -2   -2   -5   -3   -2   -5   -1   -1   -5    0    5   -4   -2    3    0   -1    5    2    4    0    4    3   -4   -5 
  -2    3   -1   -1    5    1   -4   -1   -4   -1   -2   -1   -4    4    0    2    4    1   -1    5   -1    1    2   -4   -5    4    4    5    2   -5 
   3    0    4   -4    1   -5    1   -2   -3    4   -1    5    1   -5    0    3   -1   -1    2   -2    4   -2   -5    2   -4    5    3    5    0   -5 
   4   -1   -3    3    4   -2   -1   -5    1    3   -2    0    1   -4   -2    4    0    5   -1   -1    2    4    0    0   -2   -2    5    5    0    2 
  -5    4    0    3    4    0    4    4   -5   -4   -4   -4    3   -3   -4    1    1    3   -3   -5    3    5    5    3   -2   -5   -4   -5    4   -3 
   0    3   -2    2   -4   -2    4    3    3    1    0   -5   -5    5   -1    5    4   -1    4   -1   -4   -4   -1   -3   -1   -4   -1    3   -5    4 
  -3    4   -4    3   -1    2   -5   -4   -3    0    5    3   -2    4    2    0   -4   -3    1    0    1    2   -4   -4   -2   -3   -1    1    0    0 
   0   -4    2   -2    4    4    1    1   -4    1    5   -4    3   -3    5   -4    3    4    2    1    2    4    0    2   -2    0   -1    1   -1    0 
  -1   -4    5    4   -4    0   -4   -2    5   -3   -5    5   -1    5    3   -5   -5    1    3   -4   -5   -3   -2   -5    5   -4    1    4    4   -1 
  -5    2    5    2    2   -3    1   -1    2    0    2    2   -2    4   -3   -5    2   -3    4   -4    2    5   -2    0    1    1    5    5    3    0 
   2    4    4    2    2    4   -1   -5    1    3    2    2   -5   -2    1    1    5   -3   -3   -4   -3    3    0    3   -2   -2    0    2    5    4 
   0    4    2   -5   -4   -2    2    5   -5   -2    4    4   -3    2   -5    3   -4    4    5   -3   -2   -2   -1   -1    3    4   -3    4   -2    4 
   1   -5   -3    4    1    1   -4   -1    4    1   -2    2   -4   -1    4    4   -3    1    0    1   -3    2   -3    0    4    2    5   -1   -5   -5 
   0   -1   -5   -2   -4    4    2    5   -5   -1    3    1   -1   -4   -5    4    2   -2   -1   -5    5   -4   -3   -1    5   -3   -5   -3    1    0 
  -3    2   -1   -3   -5    1   -1    4    2   -2    5   -5   -4    4   -4    2   -4    0   -3    2   -3   -5   -1   -5    0   -2   -2    1    5    1 
  -4    2   -1    1   -3    4   -1   -5    5   -4    3   -4   -4    5    1   -4   -3   -4    0   -5    2    5    4   -2    1   -4    5    5    3    0 
  -4    2   -5    4    3    4    0   -4    0   -1    0    1   -4   -3    5   -3    3   -2    5    4   -1   -3   -1   -1    1    5    5    5    3    3 
  -3   -5    4    0   -4    1   -3   -1    0    0    3    2    5   -4    5    5   -3   -1   -3    5    4   -1    4   -2    5    4    1    1   -2    5 
  -2    4    2   -1    2    3    4    4    4    2   -3    3   -4    4   -5   -1   -1    5    5   -3    5    0    1    4   -4    3   -5   -3    2   -5 
  -4    0   -1   -1    0   -4    3    1   -1   -2    1    5   -1    2    5   -5    2   -4    0   -4   -4   -4   -5   -2    3    3    5   -5   -2    1 
  -3    5    3   -3    2   -1    4    4    1    3    5   -2    2   -5    4   -4   -4    5   -5    2   -4    4    3    5   -4    1    4    2    1   -4 
   5    1   -4    1   -3   -1   -5   -2    3    0    3   -1   -1    4    4    4    5   -1    4   -5    5    5    4    5    0    5    2   -5    3   -5 
   3   -1   -2    5    5    3   -2   -3   -2    3   -2    1    1   -4   -5    4    4    4    5    2    1    0    5    3   -5   -4   -5    3    3    5 
   0   -3    1   -3   -1    3    4   -1   -2   -1   -5    0    0    3    1   -3    1    3    2    4   -2    0   -5    0    3   -3   -4    2   -4   -1 
   3    0    5   -4    4    5    1    5    1    4    1   -3    1    0    5    3    2    1    0   -3    0    3   -5    3    3   -2    0   -4   -5   -3 
   1   -3   -4    4   -4    0    1   -4    1    3    4    3   -4   -4   -2    3   -4    4    0   -4    4   -4   -3   -2   -4    2   -1   -2   -4    5 
  -4   -5   -5    4   -5    0    1    2    5    5    0   -5   -5    3    2   -2    5   -5   -3    5   -1   -3    3    1   -4   -2    4    4    5    4 

LLL-reduced basis:
  -5   -4   -5    4    3   -2    4   -1   -2    0   -5   -2   -1    3   -2    5   -5    1   -3    4   -2   -4    5    3    5   -2   -2   -3    0    3 
  -5   -2    4    5   -1   -5    0    1    5    3   -2   -5    3   -4    2   -5   -3    1    3   -1   -3   -3   -4    0    4   -4    0    0    5    3 
  -5   -2   -1   -3    2    5    0    5   -5    2    2    1    3   -2   -1   -4   -4   -2    0    3   -1   -3    0    2    3    2    4    3    4    5 
   3    5   -5   -4   -2    1   -2   -2   -5   -3   -2   -5   -1   -1   -5    0    5   -4   -2    3    0   -1    5    2    4    0    4    3   -4   -5 
  -2    3   -1   -1    5    1   -4   -1   -4   -1   -2   -1   -4    4    0    2    4    1   -1    5   -1    1    2   -4   -5    4    4    5    2   -5 
   3    0    4   -4    1   -5    1   -2   -3    4   -1    5    1   -5    0    3   -1   -1    2   -2    4   -2   -5    2   -4    5    3    5    0   -5 
   4   -1   -3    3    4   -2   -1   -5    1    3   -2    0    1   -4   -2    4    0    5   -1   -1    2    4    0    0   -2   -2    5    5    0    2 
   0    3   -2    2   -4   -2    4    3    3    1    0   -5   -5    5   -1    5    4   -1    4   -1   -4   -4   -1   -3   -1   -4   -1    3   -5    4 
  -3    4   -4    3   -1    2   -5   -4   -3    0    5    3   -2    4    2    0   -4   -3    1    0    1    2   -4   -4   -2   -3   -1    1    0    0 
   0   -4    2   -2    4    4    1    1   -4    1    5   -4    3   -3    5   -4    3    4    2    1    2    4    0    2   -2    0   -1    1   -1    0 
   4   -6    3   -3    1    9   -3   -2   -4   -5    2    6   -1    6    6   -4    1    4    2   -2    0    4    2   -3   -1    0    0    5   -2   -4 
  -5    2    5    2    2   -3    1   -1    2    0    2    2   -2    4   -3   -5    2   -3    4   -4    2    5   -2    0    1    1    5    5    3    0 
  -5    2    4    7    1   -7    9   -1   -1    2   -7   -5    0    2    1    6    1   -5    5   -1   -1   -2   -1    3   -2   -6    1    1   -2   -2 
  -2    3   -1   -3    0   -2    6    1   -6    2    7   -2   -1    2   -2    5   -2   -3    4    8   -1    0    1    5    3    6   -1   -2   -7    7 
   2    5    4   -2   -5    3    1    5   -6   -5    1   -1    4   -3    2    1   -3    3    3   -1   -3    1    1    0    0   -2   -7   -5   -2    0 
  -6    0   -5   -3    0   -2    5    0    1    4    4   -6   -2   -3    2   -3    0   -5    2   -1    4   -2    3    7    4    5    0   -1   -4    5 
  -1   -3    2    7    2   -7   -5   -9   -2    0   -3    2   -1   -4   -2    4   -4    6    3    0    2    2   -5   -4    8   -1    1    3    6   -3 
  -3    2   -1   -3   -5    1   -1    4    2   -2    5   -5   -4    4   -4    2   -4    0   -3    2   -3   -5   -1   -5    0   -2   -2    1    5    1 
   1   -5   -4    2    3    2    4   -3    2   -3   -2   -1    2   -3    0   -9    2    2   -1    3   -3   -4    4    7    6   -1    2    2    0    2 
  -5   -6    8    0    2   -2   -3    0    1    2   -1    3    2    1    1    2   -3   -4    0    5   -4   -4    0   -3    0    3    1   -9   10    3 
   4    0    2    2   -6    0   -2    1    7   -3    3   -3   -1   -1    1   -5    1   -5   -3    7   -3   -2   -1   -6    2    3   -5   -1    1   -1 
  -1   -1   -3   -3    3   -3    1    0    3    6    4   -4    2   -7   -6   -3   -1   -3   -3    1    1    3   -6    3    5    0    5    2    3   -3 
  -1    0   -2   -3    1    1   -5    2   -3   -2    0    2   -4    5    0    0   -5    1   -5    2    6    2   -2   -8   -4    0   -5    1    3   -4 
   1    8   -6   -1    4   -1   -2   -2    0   -1    2    0   -1    2   -6    4    3    3   -4   -4    4    4    5    0    0    1    3    0    5   -3 
   4   -1   -1    1    4   -6   -7   -2    2    0    3    3   -2    3    2    1    0    4   -3    1    2   -4   -2   -2   -7   -1    0   -4    3   -5 
   0    5    1   -6   -7    1   -8    6    6    0    2   -3    1    0    1   -3    1   -4   -4    4   -3   -1    0    1    1    5    0    3   -1    3 
   0   -8    5   -5    0   -1    1   -2    2   -3    3   -1    7   -9    3   -4    1    5    0    3    0   -2    0    2    7   -4    1   -2    2    2 
   5   -4    1    4    3    7   -2    4   -2   -3   -2   10   -3   -1   -1   -2    5    4   -4   -4   -2    5    4   -1    0   -1   -1    2    8    1 
   2    4   -2    1    0   -4   -5   -1   -1    3   -4   -4   -7    1    1    6    2   -4   -4    1    3  -10   -4   -4    2    1   -2    6   -3   -7 
  -3   12   -1    4   -2    2   -7   -3    4    1   -3    0    1   -2   -1   -3    3    1    7   -1   -3    0    2   -3   -3   -6    2    5   -1   -5 


Matrix #33
Min norm before hte reduction:   14.8661
Min norm after the reduction: 14.8661

Basis matrix:
   3    4    1   -3    5   -1    2   -3    1    3   -3    2    3    0   -2   -2    3    5    4    5   -1    2    3    4   -5   -5   -2   -5   -4    1 
   4    4    2   -5   -4    3   -5    5   -4    5    1   -4    3    5    4   -4   -4   -3   -1    3   -2   -4    2    1    0    4   -4    0    3    1 
   3   -1   -1   -1    0    4    2   -5   -2    1    4    4    3    5   -3   -1   -3   -2    4    3    1    2   -3    1    4    1   -2   -2   -1    2 
   2    0    5   -4    5    5   -1    2   -1   -4    3    3    2   -5   -5    1    3    5   -4    1    4   -1    3   -5   -1   -2    1    5    4   -1 
  -1    2   -5   -1    1    1   -1   -4    5    4   -2    4    5    0   -3   -5   -2   -5    0   -5   -5    4    1    5   -5   -5   -4   -4   -5   -1 
  -5   -2   -5    4   -2    1    3    1    5   -3    0   -5   -1   -4    2    2   -2   -3   -2   -2    1    3   -4    4    3   -2    1    1    5   -2 
   4    0    0    2   -5   -2   -2    0    3    2   -5    3    0    4   -1    5   -4    3   -3    3   -2   -3   -1    4    4    3   -1   -2   -1   -4 
  -4   -2   -3   -1   -1    5   -2   -2    5    5    3    0    1    0   -5   -4   -1    2   -3   -4    1    3    2   -1   -1   -5    5    5   -2   -1 
  -5    2    4    1    5   -2   -2   -4   -1    0   -4    2    2   -3    2    0   -2    4    3    2    2   -5   -4    5    1   -1   -2    3   -3   -3 
   4   -5   -5    4   -3   -2    0    2    1    5    5   -1   -1   -2   -2    4   -3    5    2    4    5    2   -4    5    4    5   -3   -1   -3   -1 
  -2    1    0    2   -3   -3    0    2    5    2    3   -2    2   -1    2   -5    3    2    2   -4   -2    2   -4    5    5   -3    5    1    2   -2 
  -5   -1   -3    0   -3    0   -1   -3   -3    1    5    3    3    5    3   -3    3   -2    0   -3    0   -2   -1   -2    4    5   -3   -1   -4    3 
  -2    2   -4   -2   -5   -1    5    4    3   -5    2    5    5    5   -4   -3   -4   -3    2    2    1   -5    5    4    1    5   -3    3   -2    5 
  -4   -4   -5    0   -2    4   -3    1    0    4    3    3   -3   -4    5   -2    5    0   -4    4   -5    5   -2   -5   -2    2   -1   -5    5    1 
  -1    4   -3    4    2    0   -2   -1    0   -5    5    5    5   -2    4    5    1    1    4    0    1    5    5   -1    1   -2    3   -4   -5    5 
   2    4    0    5   -5    5    0    1    5   -3    1    5    4    5   -1   -1   -4    2   -5   -5   -2    2   -4    5   -2   -1   -2    2    2   -2 
   0    5   -3   -4   -1   -4    0    4   -1    1    3    5   -1   -4    0    3   -5   -5   -3   -1   -1    1   -2    5    3    2    5   -2   -2    1 
   4   -2    5    4   -2    3   -5   -5   -3   -2    4    2    5    0    0    3   -5    0   -4   -4   -3   -3    3    1   -5    4    1    3   -2   -3 
   1    1   -5   -2    3   -5   -5    5    2    0   -5    4   -3   -1    4    4    5   -3    5    2   -5    5    1    1    5    1    4   -1    1   -4 
   4    0    3    0   -1   -3   -5   -2    0    2    3   -4    3    1    1   -2    3    2    5   -2   -3   -4    0    1    4   -2   -5    3   -5    2 
  -5    1    5    0    1    5    5   -5   -3   -5    0    3   -2    4    0    2    3    4    1    1   -2    4    5   -4   -4    0    0    4    0   -1 
   0   -5   -2    1    5    0    5   -3   -1    2    5    2    5    1    5   -5    1    1   -3    2   -3   -3    4    2    3   -3   -4    2   -1    4 
   0    4   -1    5    4   -2    5   -3    1    0    3   -4   -3   -2   -1    3   -2   -1    4    5    0   -3   -1   -4    3   -1    3    1    0   -3 
  -1    0   -1   -3   -1    4    4    1    0    5    3   -2    3    0   -3    1    1    0    2    0    5    2   -2    4   -5    5    2   -5    3   -4 
  -5    5    1   -3    0    0   -3    0    5    5   -2   -5    4   -1   -1    2    3    5   -2   -2    1   -5   -4   -2   -1    5   -5    4   -2    3 
  -2    4    2   -5   -5    2    3   -5    4    1   -2    5    5   -2    3   -3   -4    3   -3    3    2   -2   -2    1   -3   -5    5    0    1    4 
   1   -1   -5    4    5   -2   -2   -2   -5    0    4   -4    1   -5   -5    3    0    1   -4    3   -4    5   -1   -1    1    4   -5   -5    0   -1 
  -2    0    4    2   -3    3   -1    1    2   -3   -5   -3   -2   -4    4    1    4   -2    0    5    0   -2   -2   -5   -1    5   -5   -1   -4   -2 
   4   -2   -4    2    0   -1   -1   -3   -2   -3    3    5    5    4   -4    4   -2   -1    2   -1   -4   -5   -5   -2    0   -1   -5   -1    2    5 
  -2   -4    1   -5   -2   -5   -1    4   -5    5    0   -4    5   -2   -3   -3   -4    3    4    2   -4    5   -5    0   -2    5   -2    2    3    5 

LLL-reduced basis:
   3   -1   -1   -1    0    4    2   -5   -2    1    4    4    3    5   -3   -1   -3   -2    4    3    1    2   -3    1    4    1   -2   -2   -1    2 
   3    4    1   -3    5   -1    2   -3    1    3   -3    2    3    0   -2   -2    3    5    4    5   -1    2    3    4   -5   -5   -2   -5   -4    1 
  -5   -2   -5    4   -2    1    3    1    5   -3    0   -5   -1   -4    2    2   -2   -3   -2   -2    1    3   -4    4    3   -2    1    1    5   -2 
  -5   -1   -3    0   -3    0   -1   -3   -3    1    5    3    3    5    3   -3    3   -2    0   -3    0   -2   -1   -2    4    5   -3   -1   -4    3 
   2    6   -2   -4   -1    3    0    3    2    5   -2   -7    5    1    4   -4   -3   -1    1    6   -2    1    1    9   -2   -3   -5   -4    4    0 
  -5    1   -2   -3    5    5    3   -3    2   -3    5    3    7   -4   -2   -2    7    5   -2    1    4    2    1    1    1   -4   -3    0    1    1 
  -1    2   -5   -1    1    1   -1   -4    5    4   -2    4    5    0   -3   -5   -2   -5    0   -5   -5    4    1    5   -5   -5   -4   -4   -5   -1 
   4    0    0    2   -5   -2   -2    0    3    2   -5    3    0    4   -1    5   -4    3   -3    3   -2   -3   -1    4    4    3   -1   -2   -1   -4 
  -2    0   -2    1   -2   -2    2   -3    2    8   -1   -5   -3    5    1   -2    1    7    5    5    1    2    1    3    0   -3    6   -1   -5    2 
  -2    1    0    2   -3   -3    0    2    5    2    3   -2    2   -1    2   -5    3    2    2   -4   -2    2   -4    5    5   -3    5    1    2   -2 
   4    0    3    0   -1   -3   -5   -2    0    2    3   -4    3    1    1   -2    3    2    5   -2   -3   -4    0    1    4   -2   -5    3   -5    2 
  -5    2    4    1    5   -2   -2   -4   -1    0   -4    2    2   -3    2    0   -2    4    3    2    2   -5   -4    5    1   -1   -2    3   -3   -3 
   4   -5   -5    4   -3   -2    0    2    1    5    5   -1   -1   -2   -2    4   -3    5    2    4    5    2   -4    5    4    5   -3   -1   -3   -1 
   0    6    1    5   -1    0    6    0   -1   -2    2   -3    0    6    6   -4    2    4    6    1    0    4   -4    5   -5   -2    0   -2    0    5 
  -5   -1   -4    4   -1    0    2   -2    5    3   -1    2   -1   -3   -2    2    1    6   -1   -3   -3    8    5    5   -9   -1   -5    1   -7   -5 
   3    0    2   -3   -2    1   -1   -1    0    7    6   -6    6    1   -2   -1    4    2    7   -2    2   -2   -2    5   -1    3   -3   -2   -2   -2 
   3   -1   -4   -3    1    5    0    1    1    5    5   -1    0   -2   -5   -5   -2    2   -4    1    1   10    1    2    4   -5   -8   -1    2   -4 
  -4    4    1   -2   -4    3   -1    0    3    3   -5    1   -2    7   -1   -8   -3    1    0    3   -3   -5   -2    1   -4   -2   -1    0    2    1 
  -6    0    0    0    2    6   -1   -4    3    3    0   -4    2    7   -4   -6   -5   -4    6   -4    1    2    2    6    0   -6   -4    0    1   -1 
   5    0   -4    2   -8    0   -1    2   -2   -2    6   -5    2   -3    0   -1   -2    0   -4   -1   -1    1   -4    2    1   -3   -7   -3    3    0 
  -4   -2    2    5    3    0   -2    2    2   -4   -1    0    4   -3   -1    3    5   -3    3   -6   -1    1    0   -3   -3    0   -2   -3    0   -3 
   9    0    1    2   -4    5   -1    0   -5   -2    2    0    1    4    3    4   -6   -3    3    1    3    1    3   -3   -5    8   -1   -3    4    0 
   4    6    0   -3   -4   -3   -2    1   -3    3    7    2   -4    1    1   -3    2   10    2    3    2    1    2    1    2    1   -5   -3   -4    2 
   2   -5   -4    4    1   -1    4   -1    4    0    2    2   -3    3   -1   -1    2    1   -2    4    2    2   -2    2    5    5    0   -8    3    1 
  -1   -3    0   -6    3    0    0   -5    3    4    0    2    2   -1   -7    1    4    5   -3    5    4   -3    1   -3   -4    2    1    0   -9   -1 
   3   -1   -3    1   -4    5    1   -4    1    0    1    1    3    5   -3   -3   -1   -5    0   -1   -7   -1    6   -8    1    1   -2    3   -4    4 
   0    6    1   -4    9    4   -4   -1   -4    2   -2   -1    5    0    1   -4    3   -1    0    4   -6   -1    0    2    1   -2   -2    3   -1   -4 
   5   -1    7    1   -2   -7    2    6   -5    0    3    2   -2   -3    3    4   -5    0    3    2   -2   -3   -3   -2   -1    4    1    1   -2   -5 
   0    1    3    0   -1   -4   -4   -4   -2    0   -1   -4    3    3    4    0    0    6    1    1   -1   -7   -5   -2   -1    1   -2    1    3   -4 
   0   -1   -3    9   -2   -8    1   -3    8    1   -2    3   -2   -2    3    4    2    5   -3    2    0    2   -2    1    2   -1    6    1   -1    3 


Matrix #34
Min norm before hte reduction:   13.6382
Min norm after the reduction: 13.6382

Basis matrix:
   0    3    4   -3    4   -5   -5   -5    1   -3    1   -5    1   -4    3    5   -3    3   -5   -3   -4    3    4    1   -1   -4   -5    4    5    5 
  -5   -5    4   -2    0    3    5    5    3    0   -2    0    3    2    1   -1    3    4    0    3    1   -5   -3    4   -1    5    2    1    5    4 
  -2   -4    1    1   -2   -3    1   -1    3    1    2   -4    2   -4    5   -2    4   -1   -2    1   -1    1    2    2   -5    4    2    0    5   -4 
  -4    0    3    0    3    0    1    2    5   -3    1   -5   -3    2   -2   -2    3    5    2   -4   -4    3    4   -2    0    5    0   -3   -4   -2 
  -4   -5    4   -5   -2    3    5   -2   -4   -3   -3    4    5   -4    5   -3   -3   -1   -3   -4   -2   -5   -1   -1    1   -3   -4   -1   -3    4 
  -4    3    3    4    4    3    4    5    3    4   -2   -5   -3   -3   -2   -2    2   -2    4    5    3    4   -1    2   -2   -4   -2   -2   -2    3 
   2   -3    1   -4   -1   -2    0    2   -1   -4   -2   -4   -3   -4    4   -1    0   -2    2    1    2   -1   -4    4    0   -2    3    2    1   -2 
   5   -2    4    3   -1   -1    5   -1    4    1   -3    3    4   -3    5    0   -4    1    3   -3    5    3    3   -1    0    4   -3    1    5   -5 
  -5   -1   -1    5   -3    4    3    1    3    4    4    2    3   -3    2   -1   -3    5   -1   -1    5   -3    0    2   -4    1   -1    5   -5    1 
   5    4    3    2    2    2   -1    5    2    4    2   -2   -2    4   -2   -3    3    4    5   -3    2   -5   -4    5    1   -5    1    0    0    0 
   3   -1    0   -3    5   -3    3    3    5   -1    1    1   -2    0    2   -5   -2   -1   -2    2    4    2   -3    1   -2    1   -4    0    2    1 
  -4    3   -4   -2    0   -4    0    0    0    0    0   -5    0    2    4   -4   -4    3   -2   -3    2   -5    5    5    5    4    4    5    4    4 
  -4    2   -2   -2    3   -5    3   -4   -5    4   -5   -2    1   -5   -3    5    4    1    3   -1    3    3   -2    0    2    3    3    1    5   -4 
  -5    5   -1    2    2   -5    1    1    4   -3   -1   -5    2    4   -4   -5   -5   -5    2    1   -2    3   -2   -3    0   -4   -1    2   -4   -2 
   4   -1    5    2   -4   -2    5    5    1    0    0    4   -1   -1    3   -4   -3    3   -5   -2    1   -4   -4    1    3    5    5   -4    5    3 
   3   -1    4   -2    1    5    2    1   -2    4    2   -3   -4   -1   -5    4    5    1   -3    2   -5    3    3   -3   -4    2   -2   -1    4   -1 
  -4    4    5   -3   -2   -1   -1    2   -4   -4    1   -4   -2    2    3    3   -1    3    1    3    2   -3   -2    2    5   -5    0   -3   -2   -5 
  -3    2    2    5   -2    1   -4    5    1    5    3   -3   -2   -1    4   -3   -3   -3   -1    2    4   -1    2    4   -3   -1    1    2    3    3 
   4    1    1   -4    1    3   -3    4   -5    0    4   -4   -2    5    3    2    5    0    3   -4   -1   -2    2   -5    0    2    2    0    1   -5 
  -4    4   -4   -3    0    5   -3    4    2    0   -3    2   -1    2    2   -4   -2    1   -5   -5   -5    1    4   -5    2   -1    4    2   -2    5 
   3   -5    5    3    3    0    2   -4    0    5    4   -2    1    1    5    5    0    5    4   -4    2    0   -2   -3   -2    4   -1    2    5    3 
   2    5   -3    0   -2    4    5    3    4   -3    3   -3   -1   -5    3   -2    3   -4   -4   -2    3    3   -2   -2   -1   -1    5    0    0   -3 
  -2    0   -4    4    3   -5    1    1   -5    2    3    0   -1    4   -4   -5    4   -2    1   -2    0    1    4    2    5    1    4   -1    3   -1 
   4    2   -1    3    5   -3   -4    0    1   -1   -4    0   -2   -1    0    5    2    4   -5   -2    2    1   -4   -1   -2    3    3    5   -2    3 
  -2    4   -2   -2   -4   -4    1   -3    3   -1    2    2    2    3    1   -4    5    3    1   -1   -3    4    0   -1   -1    2   -2    0    2   -3 
  -1   -4    2    2   -5    2    1    5    5   -3   -5   -4   -2   -3    0   -5    1    1    3    3    2   -4   -5   -1   -1   -2    5    0    5   -4 
   1   -2   -4   -5    3    1   -3    5   -1   -1   -1    0    4   -2   -5   -3    4    2    0    2    3    2   -2    3    3   -3    5    1   -5    5 
   4    3    3    5    1    1   -1    0   -1   -2    2   -4   -1    0    3    5    4   -3   -1   -4    2    3    5    3   -1   -4   -1   -1   -3    0 
   0    5   -3   -5    4   -2    1   -4    4    0   -5    5   -5    4   -3    5    0    3   -5    3    4   -2   -4   -2   -5   -2   -5    1    0    5 
  -2    0    2   -2    1    2   -2   -3   -3   -4    5    0   -5    5   -4    0   -5   -2   -5   -2   -4   -3   -3    4   -5   -4   -1   -1    2   -4 

LLL-reduced basis:
   0    3    4   -3    4   -5   -5   -5    1   -3    1   -5    1   -4    3    5   -3    3   -5   -3   -4    3    4    1   -1   -4   -5    4    5    5 
  -5   -5    4   -2    0    3    5    5    3    0   -2    0    3    2    1   -1    3    4    0    3    1   -5   -3    4   -1    5    2    1    5    4 
  -2   -4    1    1   -2   -3    1   -1    3    1    2   -4    2   -4    5   -2    4   -1   -2    1   -1    1    2    2   -5    4    2    0    5   -4 
   2   -3    1   -4   -1   -2    0    2   -1   -4   -2   -4   -3   -4    4   -1    0   -2    2    1    2   -1   -4    4    0   -2    3    2    1   -2 
  -4    0    3    0    3    0    1    2    5   -3    1   -5   -3    2   -2   -2    3    5    2   -4   -4    3    4   -2    0    5    0   -3   -4   -2 
  -4   -5    4   -5   -2    3    5   -2   -4   -3   -3    4    5   -4    5   -3   -3   -1   -3   -4   -2   -5   -1   -1    1   -3   -4   -1   -3    4 
  -4    3    3    4    4    3    4    5    3    4   -2   -5   -3   -3   -2   -2    2   -2    4    5    3    4   -1    2   -2   -4   -2   -2   -2    3 
   5   -2    4    3   -1   -1    5   -1    4    1   -3    3    4   -3    5    0   -4    1    3   -3    5    3    3   -1    0    4   -3    1    5   -5 
  -5   -1   -1    5   -3    4    3    1    3    4    4    2    3   -3    2   -1   -3    5   -1   -1    5   -3    0    2   -4    1   -1    5   -5    1 
   5    4    3    2    2    2   -1    5    2    4    2   -2   -2    4   -2   -3    3    4    5   -3    2   -5   -4    5    1   -5    1    0    0    0 
   3   -1    0   -3    5   -3    3    3    5   -1    1    1   -2    0    2   -5   -2   -1   -2    2    4    2   -3    1   -2    1   -4    0    2    1 
  -3    2    2    5   -2    1   -4    5    1    5    3   -3   -2   -1    4   -3   -3   -3   -1    2    4   -1    2    4   -3   -1    1    2    3    3 
  -5    4   -3   -3    6   -2    8    0    2   -1   -5   -7   -1    0   -2   -3    1    4    3    0    1    0    2    3    6    1    1    1   -1    4 
   3   -1    4   -2    1    5    2    1   -2    4    2   -3   -4   -1   -5    4    5    1   -3    2   -5    3    3   -3   -4    2   -2   -1    4   -1 
  -2    4    3    0    3    0    3    2    2    1    1   -8   -2    3   -9   -1    0   -4   -1    3   -7    6    1   -6   -4   -2   -3    1    0   -3 
  -7    4    0    3    1   -4   -1    1   -4    9   -2   -5   -1   -6    1    2    1   -2    2    1    7    2    0    4   -1    2    4    3    8   -1 
   4    1    1   -4    1    3   -3    4   -5    0    4   -4   -2    5    3    2    5    0    3   -4   -1   -2    2   -5    0    2    2    0    1   -5 
   0    1    3    4    1   -3    9    5    4    0    1    1    5    3    6   -6    6    4    2   -5    1   -2   -2   -5    3    8    5   -9    1   -3 
  -6    7    4    1   -1    1   -1    0   -3    0    3    0    1    6   -1    4   -1    5   -1    2    0   -2    2   -2    5   -3   -3   -5   -3   -3 
  -3    1   -5   -3    1    4    5    1    2    3   -7    1    3   -6    3   -3    4   -4   -4    3   -3    4   -1   -3   -2   -5    3    1    2    3 
 -10   -3   -2   -2    1    1   -1   -4    1    1   -5   -5   -1    4    4    0    5   -3    6    5   -3    5    0   -3    2   -2    4   -4    0   -5 
  -3    0    1   -2    3   -2    0   -3    6  -10    0   -6   -1    2   -7    3    3   -4    3    5    2    3   -2    7    1    1   -2   -1    2   -1 
   3   -5    1    2   -5    0   10    3    2    3   -2    1    1   -3    3   -1    3    3    4    3    0    1    1    7    1   -3    4   -3    2   -2 
   1   -5    4    3    1    5    2    3   -4   -5   -4    2    5    3    0   -3    0   -6    4    2    4   -6   -3    1    4   -1    0    4    4    3 
   4    3    3    5    1    1   -1    0   -1   -2    2   -4   -1    0    3    5    4   -3   -1   -4    2    3    5    3   -1   -4   -1   -1   -3    0 
   8   -2    1    4   -2   -1   -1    1    7   -6    2    2    1    4    3   -2    1    1   -6   -5    3   -2    2   -3   -2    1   -1   -1    5   -4 
  -2    1   -1   -1   -1   -1    2   -2   -5    2   -5    3   -5    2    0    1   -3   -1    6    3    1   -2    2    5    2   -4    1    3   -3    4 
   1   -5   -2    0   -5   -2   -2   -1   -4   -8   -1    5    3    6   -1    1    5   -3    2    0    0    6   -1   -5    2    6   -4   -6   -7   -7 
  -2    4   -3    1    6   -7   -1   -4   -1    3   -1    0    0   -6   -6   -6    5   -2   -4    1   -1    8    3   -4   -1    3    3   -4   -6    4 
  -1    3   -6    2   -3    1    1   -6  -10    2    3    2    0   -1   -5   -2   -8    0   -4   -7   -4    1   -2   -5   -2    1   -2    3    0    2 


Matrix #35
Min norm before hte reduction:   15.0333
Min norm after the reduction: 15.0333

Basis matrix:
   1   -2   -1    1   -5   -3    2    0   -3   -5   -2   -1    5    1   -3    0    2   -2   -2    0   -5    3    1   -4   -4    5   -4    4    0   -2 
   2   -1   -2   -3    3    3    0    1    2   -2    4    0   -1   -4    5   -2   -5    5   -1    3    3    3   -2    3   -2    0    3    5    4    5 
  -4   -3   -4    2    0   -3   -2    2    0   -2    5    2   -1    1   -3   -1   -4   -3    4   -3    4   -5   -3    4    5   -3    5    1    2   -1 
   1   -5    2    0   -5   -4    2    1   -2    5   -1   -4    4   -5    5   -4   -3   -3    3    2    3   -1    5    2    2    4   -4   -2    5    4 
   0    3    4    5   -4   -5   -2   -1   -1   -5   -4    2    2    5    5   -1    5    2    3    0    3   -5    5    1   -3    4   -1    3   -2    5 
   0   -5   -5    1    5   -1   -5    5    0   -5   -1   -4   -1    0   -1    2    3    0   -1    0   -5    5    5   -1   -5   -3   -2   -3    5   -3 
   2    0    3    1    3   -1   -5   -4   -2   -5   -4    4   -5   -1    5    0   -5   -4    0    3   -5   -3    2   -2   -1   -1    5    4   -4    4 
   0    2    2   -2    2    4   -5   -3    1    5   -1    5    2    2   -1    0    4    5    5   -2    2   -1   -1   -4   -1    5   -3    2    5    2 
  -3   -4    0    4    3    4    1   -3    5   -5   -5   -5   -1   -1    2   -1    2    2   -2    3    0   -3   -3   -3    4    0   -1    2    0    4 
   5   -4    2    5    0   -4    3    1    0    5   -2    1   -1    5    2    3   -4    4    3    2   -5   -5   -5   -5    5    1   -1    1    5    4 
  -1    2    0    4   -3   -1   -5   -3   -4    0   -4   -4    0   -1    1   -5    3    0   -2    1    0    2    0   -1    4   -5    4    3    1    5 
   5    5   -4    2   -5   -1   -2   -2   -5   -4    1    1    3    5   -3   -5   -5    2    0    5    1   -5    2    1    2   -3    3   -5   -1   -4 
  -4    5    2   -4   -2   -1    0    1   -4    1   -3    3    5   -4    4    5    5   -5    3    1    3   -5   -5   -5    3    2   -3   -5   -1   -2 
   2   -5    5   -4   -5   -2   -3   -1    3   -4    0   -5   -4   -3   -1   -5    4   -3   -2   -1   -3   -4    2   -5   -5   -3    4    2    3   -4 
  -5    5    3   -3    2    4    0    3   -4    5    0    5    2    4   -5    2    2    4    0   -4   -1   -5    1    4    2    4    1    2    4   -3 
   1   -3    5    0    5   -2   -3   -2    0    3    2   -1   -3   -5   -1    1    4   -1   -5    0    4   -2    2    0   -1    4   -2    2    3   -1 
  -1   -3    0   -2    3   -1    5    4    3   -3    2   -5    4    1   -2    4    4   -4    3   -4    2    4    3    1    3   -4   -1    2   -3   -1 
   3   -5    4    1   -1    5    1    5    2    2    1   -5   -1   -2   -2   -2   -1   -3    2    4   -1    3    4    5   -4    1    5   -4   -2   -1 
   1    4    0    4   -4    4    0   -3    1    1   -1    3    0    2   -2   -4   -3    0    1    1    2   -5    0    4    1    2   -1    2    5    5 
  -3    0   -5   -5    5    2    5   -1   -2    0   -4   -3    1    3   -1    3    4    1   -2    5    5   -4    1    0   -4    3    4    5    5   -5 
   0   -3    2    3    4   -3    1   -5   -5    3   -2   -5    2   -2    4   -1   -3   -5    4    2    2    5    1    4   -2   -4    0   -5   -3    1 
   3   -5   -5    4    2    5    4   -4   -4   -4   -5    3    4   -5   -3   -5   -5   -2   -3    2    3   -5   -4   -1    1   -4    5    4   -5   -4 
   4    1   -4    0    0    5   -3   -2    3   -2   -2    2   -3    4   -2   -2   -4    1    5   -5    5   -2    1   -5   -1    4   -5   -5    4   -4 
   5    4   -3    5    1   -3   -2   -2   -5   -1   -1   -1    0   -5   -2    3    3    0    3   -1   -4   -4   -4   -1   -2    1    2    1   -5    2 
  -2   -5   -4    2    4   -5    3    3   -3   -2    2   -2   -3    1    5   -1    0   -1    2    4   -1    2    3   -2    4    4    4   -5    0    4 
   0   -1   -5   -3    2   -2    0   -3   -5    3   -5    4   -5   -5   -3   -5   -3   -5    3   -2   -4   -1   -3   -3   -1    1    5   -2   -2    5 
   5   -3    3    4   -4   -4   -5   -4   -5   -4   -4   -2    2    3   -3   -3   -5   -4    1    0   -4   -1    1   -5    1    3    0   -4    4   -2 
   0   -1    4    5    3    4   -4   -5    1   -1    2   -4   -5    3    5   -1   -5   -2    1    1    5   -4   -4    5    0    2    1    3    0   -4 
   5   -5   -1   -5   -3   -1   -5   -2    3   -5   -1   -1   -4    1    3   -3   -5   -1    0   -4   -3    4    3   -3    5    5   -5    1    0   -3 
   5   -1   -3    5    3    3    1    3   -5    0   -2    2    0   -3   -4   -4   -3    0    1   -4   -3   -2   -3   -3    1   -2   -2   -2   -5   -3 

LLL-reduced basis:
   1   -2   -1    1   -5   -3    2    0   -3   -5   -2   -1    5    1   -3    0    2   -2   -2    0   -5    3    1   -4   -4    5   -4    4    0   -2 
   2   -1   -2   -3    3    3    0    1    2   -2    4    0   -1   -4    5   -2   -5    5   -1    3    3    3   -2    3   -2    0    3    5    4    5 
  -4   -3   -4    2    0   -3   -2    2    0   -2    5    2   -1    1   -3   -1   -4   -3    4   -3    4   -5   -3    4    5   -3    5    1    2   -1 
   1    4    0    4   -4    4    0   -3    1    1   -1    3    0    2   -2   -4   -3    0    1    1    2   -5    0    4    1    2   -1    2    5    5 
   1   -5    2    0   -5   -4    2    1   -2    5   -1   -4    4   -5    5   -4   -3   -3    3    2    3   -1    5    2    2    4   -4   -2    5    4 
   0    3    4    5   -4   -5   -2   -1   -1   -5   -4    2    2    5    5   -1    5    2    3    0    3   -5    5    1   -3    4   -1    3   -2    5 
   1   -1   -5    5    1    3   -5    2    1   -4   -2   -1   -1    2   -3   -2    0    0    0    1   -3    0    5    3   -4   -1   -3   -1   10    2 
   2    0    3    1    3   -1   -5   -4   -2   -5   -4    4   -5   -1    5    0   -5   -4    0    3   -5   -3    2   -2   -1   -1    5    4   -4    4 
   0    2    2   -2    2    4   -5   -3    1    5   -1    5    2    2   -1    0    4    5    5   -2    2   -1   -1   -4   -1    5   -3    2    5    2 
  -3   -4    0    4    3    4    1   -3    5   -5   -5   -5   -1   -1    2   -1    2    2   -2    3    0   -3   -3   -3    4    0   -1    2    0    4 
  -1    2    0    4   -3   -1   -5   -3   -4    0   -4   -4    0   -1    1   -5    3    0   -2    1    0    2    0   -1    4   -5    4    3    1    5 
  -5    5    3   -3    2    4    0    3   -4    5    0    5    2    4   -5    2    2    4    0   -4   -1   -5    1    4    2    4    1    2    4   -3 
   1   -3    5    0    5   -2   -3   -2    0    3    2   -1   -3   -5   -1    1    4   -1   -5    0    4   -2    2    0   -1    4   -2    2    3   -1 
   0    1    0    2   -1    3    5    1    4   -2    1   -2    4    3   -4    0    1   -4    4   -3    4   -1    3    5    4   -2   -2    4    2    4 
  -3    5    1   -1    0    2   -4   -2    0    2   -6    1   -3    0    3    0   -2    4   -3    1   -1    6   -4   -1    2   -4    3   -6    3    1 
   3    3    4   -8   -3    0    6    1   -2    3   -4   -2    0   -3    5   -2   -6   -1   -4    8   -5   -1    0    3    2    4    3   -4   -2    0 
   4   -1    4    3    1   -1   -7   -4   -2    1   -2   -1   -3    2    0   -3   -7   -2    3    0    1   -4    0   -1    5   -2    4   -8    4    0 
   0    5    1   -3    5   -2   -2   -2   -2   -8   -3    1   -1   -2    2    3    3   -1   -8    5    0    4    5    0    0   -6    4    5   -6   -1 
  -1    4   -8    1   -4    5   -1   -1    1   -3   -4   -1    0    1   -1   -4    6    3    0   -4    4    4    1   -5   -2    1   -5    6    1    1 
  -1    4   -3   -4    6    0    2    6   -3    4   -1   -4   -3    5   -2    4    6    3    2   -1   -1   -1    2   -2   -4    5   -3   -1    5   -4 
  -5   -1    1   -1    1   -3    3    7   -2    0    2    0    1    2   -5    5    1   -4    5   -1    9    3    5    3   -4    6    1    1    3   -6 
   3   -3   -5    6    0    1   -1    5    1   -6   -3   -2   -4    3   -2   -1    0    0    1    4    2    1    2   -1    4   -6    8    9    0    2 
   5   -3   -2    8   -4  -12   -3    0   -5    0    1    1    3    4    0   -2    1    1    1   -2    5    4    0    6   -2   -4    0   -2    3   -2 
   3   -1   -5   -3   -1    2    3    5    1   -3    1   -2   -6    0    6    6    4    3   -2    3   -2    6    5   -1   -4   -2    0    1   -2    4 
  -6    1    2   -8   -2   -7   -2    1   -3    3    5   -5    0   -5    0   -1   -2    4    2   -7    4   -2   -3    1    4   -4    2    2   -3    2 
  -1   -5    3   -2   -2    2    4    2    3   -3   -3   -4   -3    0    8   -1   -2    2    1    9   -3    0    5    2    1    9   -1    6   -6    3 
   5    9    3    2   -1    6   -5   -1   -2   -8    1    5   -6    2    7    3   -5    0    1    6    2    0    0    1   -4    1    2    1   -4    2 
   3   -1    4   -2    0   -2    1   -1   -4    1    5    4   -4    4   -7    2    3    1    3   -5    0    0   -1    4   -2    0   -3    5    7   -3 
   2    2   -6   -6   -3   -3   -5   -2    6   -2    2    3    2    5   -1   -2    2    2    0   -3    0    4   -1   -5    0   -4    2    8   -1   -6 
   1    1    0    0   -6   -2    8    0   -4    3    0    1   -1   -4   -2    4    1   -9    0   -4   -5    0    1    0    6    0    1    7    0   -7 


Matrix #36
Min norm before hte reduction:   14.7986
Min norm after the reduction: 14.7986

Basis matrix:
  -5   -3    5    0    1    2   -3    1    3   -2    4   -2    4   -1    1   -2   -1   -3    3    0   -3   -2    4   -4   -3   -4   -5   -5    2   -3 
   0   -1    1   -2   -5    4    4   -5   -3    3    1   -1   -5   -1   -1   -1   -2    0   -2    0   -1    3    3    1   -5   -4    3    5   -1   -4 
  -3    1   -1   -3    4   -2    1   -4    2    3    0    5    0    5   -4   -5    4    4    3    1    5   -2   -2   -2   -4    1    0    3   -2    1 
  -4   -2    5   -1    0    3   -5   -3    3    2    0    0    0    1   -2   -3    1   -2   -1   -3    4   -4    5   -3    3   -3   -5   -2   -4   -5 
  -3    0    3   -4   -3   -3    3    4   -3    5    2    4   -1   -2    1    4   -5    3    5    3    0   -2    1    3    1    0   -2    2    4    5 
  -1   -1    5   -2   -1    3    1   -5   -2    0   -1   -5   -2    1    2    0   -4    5    3   -2    3   -4   -1    1   -5   -5   -4    3    4   -4 
   3   -1    0    4    1   -5   -5   -2    4    3    4    5   -4   -5    2   -4    1    4   -5   -1   -2    0    2   -5   -3    2    2    1   -2    1 
  -5    4   -3   -3   -5    2    3    4    2    0    2    3    3    3   -2    1   -3    2    1    1    1    2    2    4   -3    2   -1   -2   -2    2 
  -1    1    0    1   -2   -4   -4   -5    4   -1    4   -3    4    5    1    4    3    3   -2   -5   -1   -2    4    0   -4   -3    1   -3    4    5 
   0    2   -4   -3    3    2    5   -1   -1    2    1    3    4   -4    4    2   -2    0   -1   -1   -4   -1   -4    2    2   -4    0   -4   -1   -5 
  -3    0    2    5   -2   -2    1    4   -2   -2   -4    2    5    4    1   -1    0   -1    3   -2   -4    2    5   -2    1   -5    1    1    1    1 
   4   -3    0   -4   -3   -2   -5   -2    0    0    3   -1    5   -1   -1    2    2    4    2    2    1    5   -2   -5    0    4    1   -3    1    3 
   1   -4    0   -5    3   -5   -2   -3    2   -4   -4    2    5    5   -5   -4   -5   -5    1   -1   -3    4   -5    5   -3    3    5    3   -3    0 
  -3   -5    2   -5   -4   -3    4   -5    0    0    5    1   -3   -3   -2   -5    5    4    2   -3    4   -2    2   -3    3    0   -4   -1    5   -2 
  -3   -2    0   -5    1   -2   -5    1    3    3   -3   -2    5   -2   -5   -5    2   -1   -3    0   -2   -5    5    3    0   -4    3    1   -4    4 
  -1   -4    2   -1    2    5    3    1    2    0    1   -4    5   -4    0    4   -1    0   -5    1   -5   -2   -3    4   -2    5    4   -3    2   -4 
  -5   -4    5    4    5   -2   -2    1    1   -4    0    5    1   -4   -5    4   -1   -1    0    3    3   -2   -3    1    3    3   -3    4   -1   -1 
   4   -3   -1    4   -5   -4    0   -1   -1   -5   -4    2   -5    5    2   -5    3   -1    1   -1   -4    5   -4    1   -5    5   -1    5   -1    1 
   0   -5   -4   -1   -4    0   -3    5    0   -2    2    2    1   -2    0   -5   -4    3   -2   -4    3    0    0    1   -1    0    0    5    1   -5 
   1   -1    4    2    2    5    0    5    4   -2   -3    4   -1    2   -1   -1    3   -5   -2   -1    3    4   -2    0    5   -1    0    5   -4    5 
  -5    0   -3    2   -5   -3    1    4   -5    4   -3   -3   -5   -4    1   -5    1    4   -2   -5    2    3   -5   -1   -4   -2    1   -5   -2   -1 
  -3   -2   -2    2    4   -1   -1    0    1    4   -4    4   -4   -2   -5    2   -3   -5   -2    3   -3    1    4   -5   -3    0   -3   -4   -2    0 
  -4    5   -2   -2    4   -1    5   -5    4   -4   -3   -1   -3    1    1   -5    0    3   -1    4   -5    3   -3    5    4    4    5   -4   -2    1 
  -4   -4   -2   -3   -5   -5   -3   -4    3   -2   -4   -5   -3    0   -5    5   -5   -5   -4   -3    4   -1   -1   -3   -1    4    4   -2    1    2 
   0    0    4    1    2    0   -5   -3   -3    4   -3    3   -3    3    2    4    5   -2    3   -1   -5    5    0   -2   -4    5    0    2   -3   -2 
  -3    4    4    5   -4    3   -3   -1   -1    5   -5    3   -2    1    5    0    5    1    0    2    2    5    1    4    4    2    0    0    4   -1 
  -4    3   -3    1    3    3   -2    1   -5   -1    1    5   -2   -2    5   -2    5    5    1    5    2   -1   -3    4   -2    5   -4    1    2    5 
  -1    0    5    0    0    4   -1    5   -2    1   -3   -2   -1   -4    3    5    0   -2    3   -4    2   -5   -3   -1    1    2    5   -5   -5    5 
  -4   -3    2   -3   -3    2   -3    5   -2    4   -2    1    3   -1   -5   -3    5   -3    4    3    3   -1   -1   -3   -1    0   -4   -2   -5    5 
   3    3    2    4   -2   -3    4    0   -1   -5    3   -5    4    3    5    3    0   -3    1    4   -5   -5   -3    0    0    1   -1   -4   -3    5 

LLL-reduced basis:
  -5   -3    5    0    1    2   -3    1    3   -2    4   -2    4   -1    1   -2   -1   -3    3    0   -3   -2    4   -4   -3   -4   -5   -5    2   -3 
   0   -1    1   -2   -5    4    4   -5   -3    3    1   -1   -5   -1   -1   -1   -2    0   -2    0   -1    3    3    1   -5   -4    3    5   -1   -4 
  -3    1   -1   -3    4   -2    1   -4    2    3    0    5    0    5   -4   -5    4    4    3    1    5   -2   -2   -2   -4    1    0    3   -2    1 
   1    1    0   -1   -1    1   -2   -4    0    4   -4    2   -4    2   -3   -1    2    1   -4   -3    7   -2    1    1    6    1    0    3   -6   -2 
  -3    0    3   -4   -3   -3    3    4   -3    5    2    4   -1   -2    1    4   -5    3    5    3    0   -2    1    3    1    0   -2    2    4    5 
  -1   -1    5   -2   -1    3    1   -5   -2    0   -1   -5   -2    1    2    0   -4    5    3   -2    3   -4   -1    1   -5   -5   -4    3    4   -4 
  -5    4   -3   -3   -5    2    3    4    2    0    2    3    3    3   -2    1   -3    2    1    1    1    2    2    4   -3    2   -1   -2   -2    2 
  -3    3    1    1    0   -4   -5    2    7    0    4    4    2    0    3   -2   -4   11    1   -2    3   -5    0   -1   -6    3   -6   -3    1    3 
  -1    1    0    1   -2   -4   -4   -5    4   -1    4   -3    4    5    1    4    3    3   -2   -5   -1   -2    4    0   -4   -3    1   -3    4    5 
   0    2   -4   -3    3    2    5   -1   -1    2    1    3    4   -4    4    2   -2    0   -1   -1   -4   -1   -4    2    2   -4    0   -4   -1   -5 
  -3    0    2    5   -2   -2    1    4   -2   -2   -4    2    5    4    1   -1    0   -1    3   -2   -4    2    5   -2    1   -5    1    1    1    1 
   4   -3    0   -4   -3   -2   -5   -2    0    0    3   -1    5   -1   -1    2    2    4    2    2    1    5   -2   -5    0    4    1   -3    1    3 
   2    3   -1    5    1   -4   -2    0    1    3    2    3   -1   -2    0    8   -6   -4   -8   -6    0    0   -1    4    1    0    6   -2   -2    5 
   0   -3    1   -1   -1   -3    6    0   -3    4    3    7   -8  -10   -3   -1   -4   -3   -4   -4    5    0   -3    1    8    3    1    0   -1   -2 
   4    3   -2    3    3   -2    3   -5    2   -4    2   -1   -3    1    5    3   -5    3   -4   -3   -3    1    1    3    1    0    4    2    5   -5 
  -5   -1    5    3    0    0   -9    1    1    1   -1    1   -1    4    5    1   -4    2    3    0    1   -1   -3   -1    2    0   -3   -2   -1    2 
  -4   -6   -1   -2    0   -5   -8   -4    4   -3   -1   -4    2    0   -1  -10    7    4   -2   -3   -1   -2   -2   -1    1   -1    3   -2    0    4 
  -1   -4    2   -1    2    5    3    1    2    0    1   -4    5   -4    0    4   -1    0   -5    1   -5   -2   -3    4   -2    5    4   -3    2   -4 
  -5   -4    5    4    5   -2   -2    1    1   -4    0    5    1   -4   -5    4   -1   -1    0    3    3   -2   -3    1    3    3   -3    4   -1   -1 
   5    1    0    1   -4   -1    3    4   -2    1   -6    4   -2    3   -2    0   -2   -6    0    2   -5    2    3    5   -6    2   -1    8   -5    1 
  -5    4   -4   -6    1    3    4   -4    0    2    6    1    3   -1   -3    4    8    4    1   -2    0    6    2   -2   -3    5    3   -6    1   -3 
   7    0   -6   -7   -6   -3   -1    4   -1   -1   -3  -12    3    2    0    2   -3    1   -1    5    1    0   -2    5    1   -1   -1   -3    2    2 
  -1    0    0   -4   -2    1   -5   -4   -4    2    2    1    2    1    3   -3   -8    4   -2    4    3    4    4    1   -3   -4   -1    0    0   -5 
  -1   -1    0   -2   -8    0   -3   -5    4   -1    0   -7   -3    0   -2    1    2   -8    2    2   -3   -1    5    0    0   -3   -4   -2    2    1 
   1   -3    6    0   -4    3   -1    1   -3    8   -4    0   -3   -6   -4    5   -7    5   -1   -4   -1    0    4   -1    1    0    1   -3   -1   -3 
   3   -4    2   -3   -2   -3   -1    3   -5    3   -4   -5    3    3    1    5    1    2    6    1    1    1    5    1    0    0    6    6    6    0 
  -1   -1    1    2    6    5   -5    2   -5   -3    0   -3   -3   -2   -3    3    0   -4    0   -1    2    2   -6   -1    1    3   -1    3    2   -1 
  -1   -1   -3    0   -6    7   -1   -2    1   -1    0    4    4    1    1   -2    2   -3   -3    2   -1   -1    3   -4   -3    1    1   -2   -5   -5 
  -4    1   -1    0    3    1   -3   -3    5   -1   -3    1   -2    5    2    4   -6    6   -8   -5    0   -1   -1    4   -1    0    4    5   -5    2 
   8    4    0    1   -4    0   -7    4    0    3   -8    0    5   -2    6    0   -4    4   -4   -2    4    0   -2    2    5   -2    5   -1   -1   -1 


Matrix #37
Min norm before hte reduction:   14.7648
Min norm after the reduction: 15.1658

Basis matrix:
   0    1    4    3   -3    1    1   -2    5   -1    5    2   -2   -5   -4   -3   -3   -3    0   -2    3   -3   -2    2   -4    5   -1    5   -1   -5 
   5   -5    5    4    1    4    1   -2    0   -3   -2    2    4   -3   -3   -3    1   -2   -5   -1    0    4   -4    4    2    3    1    2   -1    2 
   1    1    5    1   -3    2    4    3   -5   -5    3    3    5   -4    5    0    4   -3    2   -5    3    3   -1   -1   -1   -5   -4    3    0   -5 
  -1    0    2   -4    2   -3   -2   -2   -4    1   -3    2    4   -2    0   -2    3   -2   -5   -1   -5    3    4    0    3   -1   -2    2    2   -5 
   5   -1    1    3   -2   -3    2   -5    1   -2    2   -1   -5    4   -1    5    0    0   -1    0    0    4   -3    4   -3    4   -2    5   -5    2 
   3    4    2    1    1    4    0   -5    4   -3    4    0    0    4    0   -2    1    1    2    0    0    2   -4   -5    4   -5   -1   -3    4    2 
   5    0    2    3   -5    2    0    5   -1    2    0    5    1   -5    4    4    1    1    1    2    1   -2    0    5   -4    1   -3    1   -5    4 
   1    2    3    4    5    0   -2    3   -1    5    5    1   -5    1    2   -4   -1   -3   -5    5    2    3   -1   -3   -1   -3   -5   -2    5    5 
  -2    4   -2    4   -1   -2   -2   -1    5    2    5   -2    5   -4   -2    2   -2    1   -5   -2   -5   -2    2    1    1   -1    3   -2    5    2 
   5    5    0   -4   -2   -1    4    5    4   -2    4    2   -3   -5   -1    3    3   -5   -4   -4   -3    3    2    1    1    0    0    1    3   -2 
  -2   -1    4   -3   -2    2    4    0    2   -5    0   -1    0    3   -3    3    3    2   -4   -4   -5   -2   -4    0   -2    1   -3    2    5    4 
   4    2    5    1   -5    1   -1   -4    5   -2   -1   -2   -4    1    4    1    3   -5    2    2    3    2    2    0   -2    5    5    0   -4    3 
  -3    0   -4   -4   -5    0    1    0   -1   -4    0   -5    3    3   -4    5   -5    3   -4    3    1    1    1   -4    4    1   -5   -1   -2    0 
   3    1   -1   -3    4   -2   -1    1   -4   -2   -3   -2    0   -2    3    0    4   -1   -1   -3   -4    0   -3   -5    0   -2   -4   -5   -4    2 
  -3    4    1    1   -2    5   -3    2   -1    2   -4   -1   -3    0    5   -4    5   -5    2   -1   -5    5   -4   -2    4   -1   -5   -5   -1   -2 
  -2   -2    2    1   -4   -4   -4   -5   -1    3   -3    3   -3    1   -2   -2    2   -1    1    4    0    2    2    2   -1   -4    4   -4    4   -5 
   1   -5   -5   -5   -2    3    2    5    4    4   -4   -5   -5   -2    0    4   -1    5   -3   -3   -1    4   -2    3    1    5    3   -3   -5   -1 
  -1    3    4   -1   -4    1   -2   -3    1   -5    1    3   -1    1    4    2   -5   -3    2    5    2    3    3   -3    5    2   -4    2   -4   -5 
   5    5    1    1    4   -3    4    1   -2   -2   -4    5    5    0    5    0   -5    3    5    1   -4    5    4    1   -4    1    5   -4    4    2 
  -2    0    1    4    0    1   -3    0    1   -1    3   -2    5    5    4    1    5    4    3   -5   -4    3    2   -3    5    5   -5    0   -5    5 
   1   -5    4   -2    5   -1   -1   -5   -4   -2    5    4    1   -5   -1    2    2    1   -3    4   -5    4    4    0    5   -3    2    3    1    4 
   3    4   -2    1    2    1    0    0    5    0   -5    4   -4    1    0    0    4    2    5    4   -1   -3    5   -5   -2   -1   -1    4    3   -4 
  -5   -2   -3    3   -4    5    0    4   -3    5    4   -1    1   -5   -3    4   -4   -4   -5   -5   -1    5    1    5    0    5   -3    1    2    2 
   5   -3   -5    2    5    0   -2    1    4   -4   -5    3    0   -3    0    4   -2   -4    1    1   -3   -2    3    2    3   -3   -1   -2   -5   -2 
  -3    4   -3    4   -2    1   -3   -5    4    4   -4    2   -3   -4    3    1   -5   -3    0    2   -4    2   -1    1    5    0    5    5   -4   -2 
  -4    1    1    5   -4    4    4    2    3    5   -3   -1   -5   -1    4    2    4    1    5    4    4    2    0    4    0    5   -1    4    0    1 
  -4    3    4   -3   -4   -3    2    0    0    4    0   -2   -2   -4   -1   -2    5   -2   -2   -5    0   -1    5   -2    3   -1    2   -2   -3    4 
  -2    5    5    4   -1   -3   -5   -3    0   -5   -5   -5   -5    0    4    1    4    0   -2   -5    0    5   -3    3   -5    4    0    0    1   -4 
   0    5   -3   -4    1    5   -1   -4    0    5   -4   -4    0    0    3    1   -4   -1    2    4    3    5    2   -4   -3    3    1   -5    5    4 
   2    1    0    3   -3   -2   -2    5   -2   -4   -1    0    1   -3   -2   -4    2    2   -3   -4    4    5   -2    2    3    2    0    0    0    4 

LLL-reduced basis:
   0    1    4    3   -3    1    1   -2    5   -1    5    2   -2   -5   -4   -3   -3   -3    0   -2    3   -3   -2    2   -4    5   -1    5   -1   -5 
   5   -5    5    4    1    4    1   -2    0   -3   -2    2    4   -3   -3   -3    1   -2   -5   -1    0    4   -4    4    2    3    1    2   -1    2 
  -1    0    2   -4    2   -3   -2   -2   -4    1   -3    2    4   -2    0   -2    3   -2   -5   -1   -5    3    4    0    3   -1   -2    2    2   -5 
   5   -1    1    3   -2   -3    2   -5    1   -2    2   -1   -5    4   -1    5    0    0   -1    0    0    4   -3    4   -3    4   -2    5   -5    2 
   1    1    5    1   -3    2    4    3   -5   -5    3    3    5   -4    5    0    4   -3    2   -5    3    3   -1   -1   -1   -5   -4    3    0   -5 
   3    4    2    1    1    4    0   -5    4   -3    4    0    0    4    0   -2    1    1    2    0    0    2   -4   -5    4   -5   -1   -3    4    2 
   7    4    6    0   -2    3   -2   -2   -1    0    1    7    5   -3    4    0    5    0   -2    1   -4    3    0    0    3   -5   -6    0    1    1 
  -2    4   -2    4   -1   -2   -2   -1    5    2    5   -2    5   -4   -2    2   -2    1   -5   -2   -5   -2    2    1    1   -1    3   -2    5    2 
   5    5    0   -4   -2   -1    4    5    4   -2    4    2   -3   -5   -1    3    3   -5   -4   -4   -3    3    2    1    1    0    0    1    3   -2 
  -2   -1    4   -3   -2    2    4    0    2   -5    0   -1    0    3   -3    3    3    2   -4   -4   -5   -2   -4    0   -2    1   -3    2    5    4 
   4    2    5    1   -5    1   -1   -4    5   -2   -1   -2   -4    1    4    1    3   -5    2    2    3    2    2    0   -2    5    5    0   -4    3 
   3    1   -1   -3    4   -2   -1    1   -4   -2   -3   -2    0   -2    3    0    4   -1   -1   -3   -4    0   -3   -5    0   -2   -4   -5   -4    2 
   0    2   12    0   -1    3    1   -3    4   -6    1    7   -4    1    5    0    3   -4    2   -2   -4    0   -2    1   -1    2   -2    5    3   -1 
  -2   -2    2    1   -4   -4   -4   -5   -1    3   -3    3   -3    1   -2   -2    2   -1    1    4    0    2    2    2   -1   -4    4   -4    4   -5 
  -1    3    4   -1   -4    1   -2   -3    1   -5    1    3   -1    1    4    2   -5   -3    2    5    2    3    3   -3    5    2   -4    2   -4   -5 
  -1    3    2    5   -4    0    2   -1    8    5    1   -4   -1    2   -3    0   -3    3   -3    0   -3    3   -1    5   -1    4    1    3   -2    0 
   2    2    8    1    3    8    1    0    2    2    4    5   -1   -3    3   -4   -5   -3    3   -3    3    5    0   -2    2    1   -2    1   -1   -1 
  -1    2    4    3    1    3   -2   -1    0    2    0   -4    6    1    6   -1    0    6   -1   -4   -2   -2    4   -3   -2   -9    2   -6    1    1 
  -4   -2    6   -4    1   -2   -3   -6   -5    0   -9    0    1    1    4    0    0    3   -1    6   -4    1    0   -3    3    6   -1    3   -1    2 
   0    3    3    0   -6    2   -3   -4   -4    2   -1   -3   -1   -5    4    0    1   -2   -3    0    0    5    3   -2    1    1   -2    0   -1   -5 
   3    2   -6   -1    2   -5    1   -1    7    2    2    0   -5   -1   -3    6   -3    0   -2    5    3   -1    9    2    2    4   -1    2   -4   -2 
  -1    4   -2   -3   -1   -2    0   -2    0   -1    5    3   -6    6   -4    8   -2    2    2    0   -2   -3   -5    1    0   -6   -1   -4    3    5 
  -2    7    1    0   -3    2   -1    2    5    4    4   -1    2    1    7    0    3    1    4   -2    4    3    3   -2    5   -4    0    0   -2    3 
   2    1   -1    1    5    4   -3    7   -3    2    0    5   -1   -2    4    1    3   -1    5    2    0    1   -4   -1    7   -6   -4   -5   -4   -4 
  -5   -1   -3   -3    0   -2   -4   -3    4   -2   -3    3   -5    2   -1   -8    1   -5    0    2   -2   -2   -2   -7    2    0    6   -3    3   -1 
  -2   -2    0   -3   -2   -3   -4    3   -2   -1   -6    1    1    3    6    5    6    2    0    0   -5    2   -3    2   -5   -3   -4   -2    2   -2 
   4   -3    3    2   -3    4    0   -8   -3   -3    2    6    0   -1    2    1    2   -5    2    1   -3    2    1    2    3    2    0    1   -2   -3 
   5    1   -1   -1    0    3   -3   -5    0   -4   -5    1    4   -2    1   -7    1    2   -4    0    2    2    0   -3    2    5    3    2   -5   -3 
  -5    1   -5   -3   -5   -2   -2    3    1    2   -3    0    1   -7   -3    1   -7   -2    2    2   -2   -4    3    0    0    1    3    3    2   -8 
  -8    4    0   -2    1   -1   -1    3   -1    3   -1   -2    1   -5   -2    1    8   -3   -5   -3   -4    4    5    2   -5   -1    3   -1    0    3 


Matrix #38
Min norm before hte reduction:   12.0000
Min norm after the reduction: 12.0000

Basis matrix:
   2   -1    3    1    3   -5    2   -3   -1   -2    5   -2    5   -5    5    0   -5   -5   -3    5   -5   -1   -1    0    2   -2    2    0    5    0 
   5   -1   -1    5    2    3    0   -3   -2    3   -1    0   -3    2    0    2    2   -4    0   -2    0    2    5    5    5    0   -2   -1   -5   -4 
  -1    2    1   -1    3   -2   -3   -1   -2    0   -2    1   -3    1    1    4    4    3   -2    0    0    1   -1    0    2   -4   -1   -5    1    0 
   3   -5    1    4   -4    5    5   -4    4   -1   -3   -1   -4    3   -2   -5    5   -4    4   -2    3    4    2   -3    0    1    3    2   -1    5 
   4    3    2    2    4    1    1   -3    5    1    1    3   -1    5   -3    2    3   -3   -4    1    1   -3   -5   -3    1    2    5    3   -1   -3 
   3    5    4    4   -4    3    3   -2    0   -3   -1    1   -5    0   -2   -2    0    2    2    0    3    4    2    1   -1    2    2    4    2   -1 
   1    1    1   -1   -3    1    5   -1   -4   -5   -1    1   -4   -2   -2    5   -4    5   -4   -5    0    4    1    4    4    4    0   -5    1   -1 
   5    5    3   -3    1   -1   -3   -5   -3    4    4   -1    1   -5    5    5    1   -1    0    2   -3   -1    0    0   -4   -4    2    5   -4    5 
  -4   -1   -5    1    1    4   -4   -1    0   -2   -3    5   -4    3   -4    5    2   -5   -2   -1    5   -3    2   -2    3   -4   -1   -1    0    0 
  -1    3   -1   -5   -4    1    1   -3   -5    1    2   -2    0    3   -2    2    3   -2    4   -4    4   -5    1    2    2    5    4    0   -1    4 
   1   -4    5   -3    2   -2   -4   -1   -1    2   -3   -4    4    3   -4    0   -3    2   -1    5   -4   -4    4    2   -2    3    0   -4    2    0 
   0    3   -5   -5   -4    3    1   -4   -2   -3   -4   -1   -4   -3    0   -4    5    1    3    3   -5    3   -2    0    1   -3   -5   -2    4    2 
   3    3    2   -4    0    1    1    4   -3    0    1   -5    2    1   -3    3    1    5   -5    5    3    5    2    4    2    4    5   -5   -4    5 
  -1    4   -4    5    3   -4    1    2   -3   -5    2   -3    5    0   -2    0    3    0    3    2    1   -4   -4   -2    2    5   -1    1    0   -3 
  -1    3    3   -2    4    3    2    3    3    3   -2   -4   -1    4    1   -1    1   -4   -2   -5    0   -4   -3    3    5    3   -1    1   -4   -3 
   1    3    1    5    3    2   -2    1    4    0   -5   -3   -3   -3   -5   -2   -3    3    4    4   -3    2    2   -4   -2   -2    5    2    5    2 
  -1   -2   -2    5    2   -2   -1   -1    1    4    3    5   -4    5    4    2    0    3   -4   -1   -4   -1   -4    0   -3    4    3    0   -1    5 
  -3    0    0    1    0   -2    0    2    2    1   -5    2   -1   -1    3    0    1   -2    2   -5    1   -5   -1   -4   -1   -4   -1    2    3    0 
  -1   -4   -3   -5   -5    2   -5   -1    5    4    1   -5    2   -3    4   -1    4   -3    5   -4    2    2   -2   -5    4   -4   -5    5   -4    3 
   5   -2    5   -5    1    2   -1    4    4   -4   -1    4    3   -4    2    0   -2   -1   -4    5   -2   -5   -2    2   -1    4   -2    5   -5    3 
   2   -3    0    4   -1   -1    0   -1    1    0    0    4   -4    1    4    1    1   -5    1   -1   -4    0    0    0    0   -1   -5    1   -5    5 
   3    1    0    2    5   -4    5   -4   -4   -1    3    2   -2    2    0    1    3   -2    4    4    3   -4   -3   -5   -4    0   -1    2   -4   -3 
  -2    2   -1   -1   -3    0   -5   -5    0   -4   -4   -2   -3    2   -5   -5    3    2    1    5   -3    1   -1    4    4   -5    4   -5    1    0 
  -4   -4    1   -2    5    1   -5    1   -2   -4   -3   -3    4    3    3    3    1    5    5   -1   -1    3    1    4   -4   -4   -1   -5    3    2 
   0   -5    4   -2    1    0    3   -5    4    5   -3    4   -1   -5   -3    5   -1    3    1    2   -2    3    3    0   -5   -2    3   -2    2   -4 
  -5   -1   -3   -2   -1   -2   -5   -5    3    4    0   -2   -5   -3    2   -4    1   -1   -1    5    5   -1    4    2   -3    5   -1   -3    5    0 
   3    5    1   -5   -3   -2   -1    1   -5    3   -2    3   -5    2    0   -4   -4    4    1    4    0    4    0   -5    5    0   -4    0    1   -5 
   4    0    2    2   -4   -2    4    3    1   -1    0   -5    4   -3    4   -1    0    1   -3    5   -1   -1    3    4    1    0    4    2   -1   -1 
  -3    5    2    2    1    5    5   -2    2   -3    2   -2    4   -4    5    4    4    2   -5    4   -5    2    4    0    3   -5    2   -3   -3    3 
   0   -1   -4    3    2   -1   -3    5    0    4   -3   -4    2    5   -2    5    0    4   -5   -3    3    5    2   -3   -4    3   -3    1    0    0 

LLL-reduced basis:
  -1    2    1   -1    3   -2   -3   -1   -2    0   -2    1   -3    1    1    4    4    3   -2    0    0    1   -1    0    2   -4   -1   -5    1    0 
   2   -1    3    1    3   -5    2   -3   -1   -2    5   -2    5   -5    5    0   -5   -5   -3    5   -5   -1   -1    0    2   -2    2    0    5    0 
   5   -1   -1    5    2    3    0   -3   -2    3   -1    0   -3    2    0    2    2   -4    0   -2    0    2    5    5    5    0   -2   -1   -5   -4 
   3    5    4    4   -4    3    3   -2    0   -3   -1    1   -5    0   -2   -2    0    2    2    0    3    4    2    1   -1    2    2    4    2   -1 
   2   -3    2    3   -1    3    2   -5    2   -1   -5    0   -7    4   -1   -1    9   -1    2   -2    3    5    1   -3    2   -3    2   -3    0    5 
   4    3    2    2    4    1    1   -3    5    1    1    3   -1    5   -3    2    3   -3   -4    1    1   -3   -5   -3    1    2    5    3   -1   -3 
   1    1    1   -1   -3    1    5   -1   -4   -5   -1    1   -4   -2   -2    5   -4    5   -4   -5    0    4    1    4    4    4    0   -5    1   -1 
  -4   -1   -5    1    1    4   -4   -1    0   -2   -3    5   -4    3   -4    5    2   -5   -2   -1    5   -3    2   -2    3   -4   -1   -1    0    0 
   5    5    3   -3    1   -1   -3   -5   -3    4    4   -1    1   -5    5    5    1   -1    0    2   -3   -1    0    0   -4   -4    2    5   -4    5 
  -1    3   -1   -5   -4    1    1   -3   -5    1    2   -2    0    3   -2    2    3   -2    4   -4    4   -5    1    2    2    5    4    0   -1    4 
   1   -4    5   -3    2   -2   -4   -1   -1    2   -3   -4    4    3   -4    0   -3    2   -1    5   -4   -4    4    2   -2    3    0   -4    2    0 
  -1    4   -4    5    3   -4    1    2   -3   -5    2   -3    5    0   -2    0    3    0    3    2    1   -4   -4   -2    2    5   -1    1    0   -3 
  -1    3    3   -2    4    3    2    3    3    3   -2   -4   -1    4    1   -1    1   -4   -2   -5    0   -4   -3    3    5    3   -1    1   -4   -3 
  -2   -2   -3    1    7   -1   -5    3    4    3   -4   -4    2   -3   -3    0   -3    1    2    4   -6   -2    0   -5   -1   -4    3   -2    3    3 
   0    3    2   -3    0   -1    1    6   -1    1   -4   -3    1    0    0    3    2    3   -3    0    4    0    1    0    1    0    4   -3   -1    5 
   3    0    0   -1    0    2    0   -2   -2   -1    5   -2    1    1   -3    0   -1    2   -2    5   -1    5    1    4    1    4    1   -2   -3    0 
   2   -3    0    4   -1   -1    0   -1    1    0    0    4   -4    1    4    1    1   -5    1   -1   -4    0    0    0    0   -1   -5    1   -5    5 
   3   -1    1    4   -1   -3    0   -4    0   -2    2   -1    0   -2    5    0    2    1   -2    5   -5    0    1    4    2   -4   -1    0    1   -6 
  -7    4    1    3    3    3    1    0   -3   -1    1   -2   -4    1    3    1   -6   -1   -6   -2    2   -2    1    5    5    2    5    0    8   -1 
   3    0    1   -4    3    0    0    3    2    0   -3   -3    3    2   -2   -6    2    0    3    5   -3   -4    4    5   -3    1    2    1    5   -6 
   3    3    2   -4   -4    3    2   -4    1    1   -5   -3    0    2   -6    3    1    0   -6    4   -1   -1   -5   -6    2    5    3   -2   -2   10 
   2    1    3   -4    3   -1   -4   -1    5    5    1   -2   -2    2    5   -3    3   -1    3    0   -2    1   -3   -3   -1    1    4    5    7    7 
   1   -1    0   -3   -1   -3   -1    4    0   -1    2    4    1   -4    2   -6   -4    0    5    6   -1   -2    3    5    6    2    6   -3    9    1 
  -3    1    5    1   -2   -4    1   -2    2   -7   -4    5   -1   -2    3   -7   -3   -5   -4    0    0    2   -5   -1    2   -8   -1   -1    6   -1 
   0    5   -2   -3    5   -3   -2    3    1   -6   -3    2   -4   -1   -4    1   -7    2   -5    9    0   -2   -4   -1    1   -2    5    1    4   -1 
  -2    4    2    0   -2    5   -6   -2   -4    3   -1   -3    0    4   -2   -2    1    2    1   -1    2   -4    5   -1    0    0    7    6   -3   -1 
  -8    1    4   -3   -1    1   -1    1   -4    1    1   -7    4   -2   -2   -1   -1    5    6    3   -5   -3    2    2   -3    7    1    3   -7    1 
  -9   -1   -3   -6   -2    6   -4   -4   -1    2   -1   -1    0    0    5    2   -4    3   -2   -3    0   -1    5    1    4   -1   -4    1   -1    2 
   6    8    0    2   -2    4   -2   -3   -1    8   -2    5    1    6    2    4   -1    0    3   -3    2    0    0    5   -1    1    4    4    0   -4 
  -3    0   -3   -1    0   -4   -3    3    2   -6    0    2    2    0    4    3   -1    2   -3    0    4    0    0    2    0    6    2   -4   -2   -2 


Matrix #39
Min norm before hte reduction:   14.1774
Min norm after the reduction: 14.1774

Basis matrix:
   4   -4    2   -2    0    4   -2    1   -2    4    3    4    2   -2    0   -2    1   -3    5   -5   -4    4    3   -5   -2    5    0   -2   -5   -3 
   0    3    0   -2    4   -1    1    4    5   -1    1   -5    3    4    2    5    3   -5   -2   -3   -5   -4    4   -5   -2   -3    0    2   -1    3 
   3    5    5    2   -2    5    4    1    3   -3   -5   -3    5    3    5    3    3    3    5    0    1   -2    4   -2    5   -1    4   -3   -1   -3 
   2    3    0    3    1    3   -5    2   -4    4   -3    0    1   -1   -5    3    2   -3    4    3    5   -1    1   -3    4    5   -1    3   -1   -5 
  -4    2    2    4   -5   -5    4   -2    0    5    1   -4   -1   -1   -5   -5    5    4   -4   -3    2   -5   -4    2    3   -4   -4    1    3    5 
  -5    4    3   -3   -1   -2   -4    1   -2   -2    2   -2    5   -2    3   -4    5    3   -1   -2   -5   -5    1    1   -2   -1   -4   -2   -3   -1 
   1   -4   -1   -5   -4   -2   -2    5    5    1    2    4   -1    4    3   -5    0   -1    3   -3   -1   -2    1   -2    3    2   -3   -4   -3   -3 
  -3   -1   -1   -4    1   -5    5    5    0   -4   -3    3    2    5    1    3    3   -2   -1    5    5    1    0   -2   -2   -4   -5   -2    2   -4 
  -2    3    4   -4   -3   -3    4    5    0   -4    2   -4   -5   -2   -2    3    5    5    4    5   -5   -2   -5   -2   -1    0   -2   -1   -1    1 
   1    2    5    4    2   -2    5   -1    0   -2   -5    0   -5   -1    3    0   -1    3   -4    5   -3    0    3    5   -5   -1   -2    2   -2    5 
   5    5   -1   -4    4    1    0   -5    3   -5    4   -4    1   -1   -3    3   -3    4    0    2    1    4    5    2    3   -4    2    4    5   -1 
   4    1   -5    4   -5    2    5   -3    3   -1   -1    3   -2    2    1   -4    5    1    4    4   -2   -4    1    2   -3    4   -3   -2    2    5 
  -3   -1   -4    4    3    5    4   -1    3    3    3    2   -3    2    4   -4    4   -5    0    0    4   -1    4    1    4   -5   -3   -2   -1    5 
  -4   -2   -5    0    5    0    4    2   -5   -2   -5    4   -4   -3   -3    0    0   -1    0   -3   -2    2   -3   -3    2    4   -5   -4   -5   -3 
  -5   -5    2    2   -2   -1   -2    1   -1   -3   -3    1    4   -3    1   -3   -4    2   -2   -1    4    1   -2   -2    1    1    1    0    3   -4 
   2   -5   -4    4   -2   -4    3   -1   -3   -1   -2   -1    4    1    4    0    2    5    4   -2   -2    2   -1    4   -5   -2    1    1   -1   -2 
  -2    4    1   -5    1   -1    5    4   -2   -1    0    0   -2   -1    2   -2   -5   -3   -5   -3    3    0    2    4    0   -2   -1    0    4    4 
   1    2    5    0   -5   -5    1   -4    3   -5    2    2    1   -3   -2    3    4    4   -4    5    1   -3   -4   -1   -3    0    0    4   -2    1 
   0    3    2   -1   -1    2    4    4   -2    5    0    0   -1    2   -3    0    1   -5   -2    0   -1   -4    0    4    2   -5    5   -2   -5    0 
   2    5    5   -4   -3    1   -4   -1   -5   -4   -3    2   -1    4   -2   -3    5    0    0   -5   -1    1   -3   -1   -1    2   -3    4    1    2 
  -4   -5   -3   -5    4   -2   -3    4   -3   -3   -2   -3    0   -3    3   -3   -2   -3   -1   -1   -2   -5   -3    5    2   -2    1   -4    2   -4 
   2   -4   -2   -1   -1    4    0    3    0   -2    2    1    1    4    2   -2    1    1    3    5   -1    1   -1    0   -5    3    4    5    3    3 
   3    0    3   -3   -1   -3    1    5   -4    5   -5   -3   -2    4    1    3   -4   -3    4   -5   -5    5    2   -5   -3    1    0    3   -2    0 
   3   -2    4   -5   -2   -2    2   -4    0   -1    3   -4    5    4    3   -1    4    4   -2    5   -3   -5   -2   -2   -5   -5   -3    4   -4    1 
  -1   -3    2    0    1    0   -1    5   -1    4   -4   -1   -1    1   -5    0   -2    2   -1   -2   -3    5    3    5    5    4    4   -1   -3   -4 
   0   -3    1    5    5    4    3   -4    4   -4    3   -4    5   -2   -3    2    3   -3    1   -1   -2    2    3   -1    0   -1   -2   -1   -4    2 
  -2    5   -5    4    5    5    0   -1    3    3   -5    2    4   -2   -3    0    5   -1    5    5    0   -3    2   -3   -1    3   -3   -1   -2   -3 
   4   -2   -4   -4   -5   -1    5    2    5    0    5   -5   -5    4   -5   -1   -4    2    3   -2   -1    0   -3   -3    1   -2    2    2    0   -2 
   3    0   -5    0   -2   -4    4    0    3    4    4    0    5    2   -3    1   -3   -2    2    0   -5    4    5    1    4   -5   -2   -1    0    0 
   4   -3   -4    0    1   -4    3   -1    3    5    0   -5    4   -2    2   -2    5    2    2    2    2   -4   -1    1   -2    3   -5    0   -1   -5 

LLL-reduced basis:
   4   -4    2   -2    0    4   -2    1   -2    4    3    4    2   -2    0   -2    1   -3    5   -5   -4    4    3   -5   -2    5    0   -2   -5   -3 
   0    3    0   -2    4   -1    1    4    5   -1    1   -5    3    4    2    5    3   -5   -2   -3   -5   -4    4   -5   -2   -3    0    2   -1    3 
   3    5    5    2   -2    5    4    1    3   -3   -5   -3    5    3    5    3    3    3    5    0    1   -2    4   -2    5   -1    4   -3   -1   -3 
   2    3    0    3    1    3   -5    2   -4    4   -3    0    1   -1   -5    3    2   -3    4    3    5   -1    1   -3    4    5   -1    3   -1   -5 
   0   -2    4    2   -5   -1    2   -1   -2    9    4    0    1   -3   -5   -7    6    1    1   -8   -2   -1   -1   -3    1    1   -4   -1   -2    2 
  -5    4    3   -3   -1   -2   -4    1   -2   -2    2   -2    5   -2    3   -4    5    3   -1   -2   -5   -5    1    1   -2   -1   -4   -2   -3   -1 
   1   -4   -1   -5   -4   -2   -2    5    5    1    2    4   -1    4    3   -5    0   -1    3   -3   -1   -2    1   -2    3    2   -3   -4   -3   -3 
  -3   -1   -1   -4    1   -5    5    5    0   -4   -3    3    2    5    1    3    3   -2   -1    5    5    1    0   -2   -2   -4   -5   -2    2   -4 
   1    2    5    4    2   -2    5   -1    0   -2   -5    0   -5   -1    3    0   -1    3   -4    5   -3    0    3    5   -5   -1   -2    2   -2    5 
  -5   -5    2    2   -2   -1   -2    1   -1   -3   -3    1    4   -3    1   -3   -4    2   -2   -1    4    1   -2   -2    1    1    1    0    3   -4 
  -2    3    4   -4   -3   -3    4    5    0   -4    2   -4   -5   -2   -2    3    5    5    4    5   -5   -2   -5   -2   -1    0   -2   -1   -1    1 
   5    5   -1   -4    4    1    0   -5    3   -5    4   -4    1   -1   -3    3   -3    4    0    2    1    4    5    2    3   -4    2    4    5   -1 
  -1   -4   -3    6   -7    1    3   -2    2   -4   -4    4    2   -1    2   -7    1    3    2    3    2   -3   -1    0   -2    5   -2   -2    5    1 
 -10   -3    2    2   -2    1    6    5    2   -4    2   -1   -4   -3    3   -4    5    2    2    4    3   -2   -3   -3    4   -4   -4   -3    1    2 
   2   -5   -4    4   -2   -4    3   -1   -3   -1   -2   -1    4    1    4    0    2    5    4   -2   -2    2   -1    4   -5   -2    1    1   -1   -2 
  -2    4    1   -5    1   -1    5    4   -2   -1    0    0   -2   -1    2   -2   -5   -3   -5   -3    3    0    2    4    0   -2   -1    0    4    4 
  -5    0    2    0   -3    1    0    1   -8    7   -1    2   -3    0    6  -10    2    0    5   -4   -1    3    3    2    1   -2   -7   -3   -5    1 
   0   -1   -1   -3   -5   -1    1    1    2    5    5    1    1    4    0    2    5   -7    4   -5    3    1   -1  -10    3   -3   -1    3   -3    1 
   4    4   -2    1   -4    4    7   -3    3   -4    0    0    2    0   -4   -4   -1    2    0    5    2   -3    4    6    3   -4    5    0    5    0 
  -3   -4    1   -4    1   -5    3    4   -1    0   -2   -2   -4    0    6   -1    2   -7   -1   -1   -2   -4   -1    0    0   -6   -2    1   -3    2 
   4    4   -2   -8    3    4    4   -3   -5   -1   -2   -3    6    0   -2    5   -3   -3   -2    0   -2    2    5    4    1    1    2   -3   -2   -4 
   6    2    4    2   -1    9   -2    1    2   -4    2   -2   -5   -1    0    3   -1   -1    6    2   -1    6    8    0    2    5   -2    3   -3    1 
   1   -9   -4   -1    1   -3   -4   -3    0    2   -4    1    1    1    3   -4  -12    0    4   -5   -5    3   -5    2    1    3    6   -4   -5   -3 
  -3   -2    0    0   -3   -2    0    3   -8    2    0    1    2   -2   -1   -3    9    2    4   -6    4    1   -7    2   -2    3    0   -2    0   -6 
  -1    2   -1   -7   -6   -3    1    3    3   -2    7   -7    0    2   -2   -5    1    5    2   -4   -6   -5   -2   -2   -1   -3   -2    0   -3   -3 
  -1    7   -7    3    4   -3    1   -3   -2    0   -1   -2   -1    3    2    2   -1   -3   -4    2   -4    2    2    5   -8    1   -6    2   -1    3 
   0    4   -3   -2   -6   -1    1   -2   -3   -2   -2   -6    5   -2   -6   -1    5    6    6    2   -3   -6   -4   -2    1   -4   -4   -1    1   -2 
  -3    1    5   -3    1    1    0   -7    5    0    5   -4   -2   -3    1   -1    4    0   -2    0   -6   -2    3   -3   -5   -3   -7    3   -3    8 
  -2    6   -2    2   -4    2   -4   -4   -2    3   -2    0    4    2    2   -1   -4   -1    2   -6    1   -8   -3   -2    5    8    0   -4    1   -3 
  -4   -3    5   -1    0   -1    2   -2   -5    4    4    3    1   -4    0   -2   -2    4   -1   -3   -7    2   -9   -1   -3    5   -4   -4   -4    2 


Matrix #40
Min norm before hte reduction:   14.8661
Min norm after the reduction: 14.8661

Basis matrix:
   2   -5   -1    4    1    2   -3    2   -2   -2   -1    4   -5    2   -2   -3    2    2    2   -4    0    2    0    4   -4   -2   -4   -5   -1    3 
   4    4   -2   -1    0    4    1   -1    4   -3    5   -5    4    4    0   -3    4    5    2    0    3   -5    2   -1    5    0   -2    5   -5   -3 
   3    3   -4   -3    1    0   -5    4   -4    2   -2   -3   -5    0   -2    1   -1   -2    3    1    3   -4   -2   -4   -5    4    1   -5   -5    3 
  -5    0   -5   -1    5    4    0    4   -5    0   -2    3    1   -2   -3    1   -2    1   -2    0   -2   -5   -2    0    3    3   -3    3    0   -3 
  -1    0    1    1    5   -4    1    2    0    0   -5   -5   -1    2    1    2   -3    3   -3    5    1   -5   -4   -4    2    2   -3    4   -3   -3 
   1   -2   -3    5    3   -3    3   -3   -4    2   -3   -4    5    0    1   -4   -2   -4    1    4    1    4    5   -1    4    5    1   -1    1   -5 
   2    0    4    5    3   -4   -4   -2   -5    2   -5   -3    3    3    2   -3   -5    5    4   -3   -5    0   -4   -5    1    3   -1    3    4    1 
  -3   -1    1    4    2    1   -3   -5   -4    3   -4   -5   -4    0    1    0    4   -3    0    3    3   -4    2   -2    0    4   -3    2   -1    5 
  -1   -4   -3   -3    0    4   -4   -1   -4    4    4    1    4    0   -2    2   -2    4    5   -3   -5    3    5    0   -5    4   -3    1    3    5 
   0   -3    0   -4   -4   -2    0    5   -1    5   -5    2   -1   -4   -1   -4    2    2    4   -4    3    3   -2   -4   -1   -5    4    2    0   -3 
   0   -5   -5   -1   -5   -4    0    5   -2    1    4   -1   -3   -1   -3    2    2   -3   -5    0    3    2   -1   -2   -2    5    4    3    3    5 
   3   -4    5    2   -5    4   -5   -5    5   -2    0   -5    1   -1    2   -1   -5    1    5   -3   -4   -4   -5   -5    2    3    2   -3    3    3 
  -4   -3    1   -5    0    4   -3    5    2    1   -5   -1    3   -3   -1    2    0    3   -1    2   -5   -3    3   -2   -1   -5    4    1    1   -1 
  -4    1   -4    3    4   -3   -5    3   -3   -1   -2    2   -2   -4    2   -3    3    4   -2    0    3    0   -2   -1    3    5    3    0   -3   -1 
  -4    4    0    1    3    2    4    4    2    1    5    4   -4   -5   -2   -3    2   -5    2   -3    1   -1   -2    5   -3   -3    5   -4   -3   -5 
  -4   -5    2    4    2    5   -1   -2   -4    3    3   -4    4   -1   -3   -4    2    2    4    4   -1    2   -1    0    3    1    5    3   -5    5 
  -5   -3    1    0   -1    0    3   -3    1    0   -2   -4    3    0    5    0    2    2    3   -5    3    3   -4   -3    1   -4   -5    5    3    4 
  -1   -4    3   -3   -1    4    4   -1   -3   -4    0    2    2    3   -3    3    3    1    2    2    4   -2   -5   -1    5    2    5   -3   -3   -4 
   4    3    2    3   -3    0    1   -4   -1    3   -5    1    0   -2    2   -4    0   -3    3   -5    2    1    4    2    1    2    5    4   -5    1 
   1    5    2    5    0    3    4    0    0    3    3    5   -5    5   -3   -5    5    5    3   -2    3   -5    0   -2    5    4    2   -4   -1   -5 
  -4   -1    4    0    0    3    5    4   -3   -2   -4    3   -3   -1   -3    0    5   -2   -5   -3    3    4   -2   -2   -4    3   -5   -1    5    0 
  -3    2   -1   -3   -3    4    1   -5    1    3    2   -3   -1   -1   -5    4   -1    4    0    3   -4    5   -3   -5    4    3    5    0    3   -1 
   3   -2   -3   -3    1   -5   -3    4    2   -2   -3   -4    5    1    1    2    5   -1    2    0   -5    2   -5    4    5    5    3    2   -4   -5 
   5   -4   -1   -4    5   -5   -4   -1    5   -1    0   -3    2   -5   -5    1   -4   -5   -2    5   -2   -1   -3    5    4    1    3    0   -2    3 
  -5    0   -4   -1    4    0    0    2   -1    3    0    1    4   -1   -3    5    3   -4    5   -4    3    4    1    2    4   -4   -3   -1   -4   -3 
   1   -5   -5    0    3   -2    4    2   -5    5   -5    1   -1    0    3    1   -4    1   -3    0    5    5    1   -3    5    1    2    5   -2   -4 
  -1   -2    1    2    1    4    2   -1    2    1   -4    3    4   -4   -2    3    4   -4    0    2    0   -2    1    3    5   -2    1   -3    3    4 
   0    4    0    4    0   -2   -3   -5   -5    0   -4    4    1    1    3   -2    2   -4    4    4    2    0    3    2    4    1    3    0   -3   -1 
   1   -5    5   -5    1    4    5    3   -4    2    0   -3    4   -1   -4   -3    2   -1    2    3    3   -1   -1    2    0    0    0   -1    5    3 
   3    1    2    2    4   -1    0   -4   -2    1   -1    0   -4   -3   -2   -1    5    5   -3    4   -5   -2   -1    5    5    5   -3    1    5    4 

LLL-reduced basis:
   2   -5   -1    4    1    2   -3    2   -2   -2   -1    4   -5    2   -2   -3    2    2    2   -4    0    2    0    4   -4   -2   -4   -5   -1    3 
   4    4   -2   -1    0    4    1   -1    4   -3    5   -5    4    4    0   -3    4    5    2    0    3   -5    2   -1    5    0   -2    5   -5   -3 
   3    3   -4   -3    1    0   -5    4   -4    2   -2   -3   -5    0   -2    1   -1   -2    3    1    3   -4   -2   -4   -5    4    1   -5   -5    3 
  -5    0   -5   -1    5    4    0    4   -5    0   -2    3    1   -2   -3    1   -2    1   -2    0   -2   -5   -2    0    3    3   -3    3    0   -3 
  -1    0    1    1    5   -4    1    2    0    0   -5   -5   -1    2    1    2   -3    3   -3    5    1   -5   -4   -4    2    2   -3    4   -3   -3 
   1   -2   -3    5    3   -3    3   -3   -4    2   -3   -4    5    0    1   -4   -2   -4    1    4    1    4    5   -1    4    5    1   -1    1   -5 
  -3   -1    1    4    2    1   -3   -5   -4    3   -4   -5   -4    0    1    0    4   -3    0    3    3   -4    2   -2    0    4   -3    2   -1    5 
   3    0    3    4   -2    0   -5   -4   -5    2    0    2    4    1    1   -5   -2    2    7   -8   -6    5    0   -1   -1    1    2   -1    7    4 
   3   -4    3   -1    0   -4   -3   -3    1    4    1   -7    2    4    2    3   -3    6    4    2   -2    3    3   -4   -6    3   -3    2    0    5 
   0   -3    0   -4   -4   -2    0    5   -1    5   -5    2   -1   -4   -1   -4    2    2    4   -4    3    3   -2   -4   -1   -5    4    2    0   -3 
  -4   -3    1   -5    0    4   -3    5    2    1   -5   -1    3   -3   -1    2    0    3   -1    2   -5   -3    3   -2   -1   -5    4    1    1   -1 
   0    4    0    4    0   -2   -3   -5   -5    0   -4    4    1    1    3   -2    2   -4    4    4    2    0    3    2    4    1    3    0   -3   -1 
   0   -1   -5    3   -5   -6   -3    0   -7    1    0    3   -2    0    0    0    4   -7   -1    4    5    2    2    0    2    6    7    3    0    4 
  -4    1   -4    3    4   -3   -5    3   -3   -1   -2    2   -2   -4    2   -3    3    4   -2    0    3    0   -2   -1    3    5    3    0   -3   -1 
  -1    0    3    0    3   -2    1    1    3    5    6   -3   -2   -1    0    0   -1    1    6   -1   -1    2    1    1   -9    0    2   -2   -3    0 
  -5   -3    1    0   -1    0    3   -3    1    0   -2   -4    3    0    5    0    2    2    3   -5    3    3   -4   -3    1   -4   -5    5    3    4 
   2   -3   -2   -5   -5    5   -4   -2    5   -3    4    3    6   -1    1    4   -7    2    7    3   -4   -2    1    0    2    3    3   -3   -3   -2 
  -3   -5    5    7    4    5    3   -7   -6   -1   -3    2    1   -1   -2   -3   -5    0   -2   -1   -3    6   -9    2    6    0   -6   -4    2    5 
   3   -7    5    2   -2   -3   -1    2    0   -5   -1    4    4    9    1   -1    6   10    7   -5   -1   -2    2    0    1   -1    5    4    3   -8 
   4    3    2    3   -3    0    1   -4   -1    3   -5    1    0   -2    2   -4    0   -3    3   -5    2    1    4    2    1    2    5    4   -5    1 
   0    0   -2   -1    4    3    1    0    0   -2    3    3   -5    4    3    9   -4    3   -8    0    1   -2   -2    2    2    1   -3    4   -3    4 
   1    0   -1    3   -2   -4    3    5   -7    3  -10    3   -1   -3    2    3    0   -4   -2    3    5    2   -1   -3   -3   -1   -2    1   -1   -3 
  -3    1    1   -4   -1    0   -8    0    6    1   -4    2    1   -3    2   -6   -4    4    7    0   -4    0    2   -4    1    3   -1    4    0   -2 
   6   -2    1    2   -2    3   -2   -2   -5   -1    2    5    2   -1    3    1   -3   -5    3    2   -5    3   -3   -3    4    4    2   -4    3    3 
  -1   -2    1    2    1    4    2   -1    2    1   -4    3    4   -4   -2    3    4   -4    0    2    0   -2    1    3    5   -2    1   -3    3    4 
  -2    1   -2    3   -5   -3    3    5    3    5   -3    0   -8   -1    1   -4    2    0   -2    2    7    5   -5   -5    1   -5    2   -5   -3    8 
   1    6   -2    0   -3    4   -2    0    9   -6    1   -6    2    0    3   -2   -2    1    5    1   -4   -6   -3    0    5   -1    1    1    9    0 
  -3   -7   -1    2   -4   -1   -1   -6    3    4   -2    3   -5   -3    1    2   -3    4    0   -3    0   13   -3   -3   -2   -5   -4   -2   -7    3 
  -7   -2    1    0   -5   -2    3    5    2    7   -1   -2   -1   -3    2    0   -4   -7    4   -5    3    2    2    0    1    2    5    2    1    3 
   2    6    2   -3   -1    1   -5   -4    4    1    0    1    4    5    3    1    1   -1    1   -2   -1   -3   -1    3    0    1    7   -2    0   -4 


Matrix #41
Min norm before hte reduction:   12.9228
Min norm after the reduction: 12.9228

Basis matrix:
   2    2   -5    0   -5   -2    4   -4   -1   -1   -1    1    1    0    4    1   -3    5    4    2    1   -4   -3   -2    0    4    5   -2   -5    4 
  -5    4    5   -4   -1    1   -3   -5    2    5    0   -2    2    3    3    2    1   -1    2   -4   -2   -1    1    3   -2    5   -4    4    5    5 
   2    2    5   -4    4   -5   -1   -2    0   -2    2    4    2   -3    3   -4   -1   -2   -4   -2    1   -1   -3    3   -1   -1    5    4   -2    1 
  -5   -1   -2    4   -4   -2    2    4   -1    0    1    0    0    2    0    4    5    0   -3    0    0   -2    5    5    4    3   -1    4    1    2 
  -5   -4   -2   -3    2   -1   -2   -4    5    2    5    3   -2   -4   -4    4   -4    0   -2    2    4   -2    3   -3    5   -4    5    0   -4   -2 
  -3    4    5   -2   -1    0   -3    5   -1    5    3    2   -4    1   -1   -5    1   -1   -3    3   -1   -4    2    4   -1    1    4    2   -4    3 
  -2    1   -1    2    4    3   -1    3    1    1    1   -4    1   -2    3    1   -5   -4   -1    2   -2   -2    2    1    1    1   -1    1   -4    3 
   3    4    2   -5    1   -4   -2    1   -2   -2    4    0   -5    0    0    4    2    2    0   -3   -1    2    0   -3   -3    0   -5    0   -1    3 
  -4   -3    3   -5   -1   -5   -4    3    3    5    3    5    2   -5   -5    1    1    0    2   -3    1   -4   -5    2    4   -1    1   -5   -4   -2 
   3   -4   -1    1   -2    5    4   -3   -3    0   -2    0    5   -3    0    4   -5    4   -3   -4    4    4    1    1   -2    3    0    1   -5    4 
   5   -5    5    2    4   -1    2    1    5   -2   -2    4   -4    2    1    4    2    1    1    2    5   -3   -1    0   -5   -3   -3    2    1    2 
   5   -1    4    4   -3   -4   -4    2    4   -3    1   -1    2    3    0    3   -5    0    0    0   -3    3   -2    0    5   -5   -2    4   -2    1 
  -3    2    1    4    4    4    4    1   -1   -2   -2    2   -4   -5   -5    5   -3    5    4   -3    3   -2    5    1    4    1    0   -3   -5    5 
   1    0   -5   -5   -5    2   -1    2    1    3    1    2    5    4    5    0   -2    4   -1   -3   -4    0    5   -1    5   -4   -1   -3    3   -1 
  -3    3   -4    2   -3    1   -3   -2   -4    2    5   -2   -5    3    2   -4   -2   -1    3   -1    4   -5   -3   -5   -1    5   -1    3    0   -5 
   0    5   -2    1   -5    2   -5    4    0    4   -1    2    2   -1   -2    4    1    3    1    1   -2    3   -4   -2   -1    5   -4    4    3    4 
   2   -2    4   -2   -3   -3   -5    2   -3    3   -3   -4    0    2   -3    1    0   -2    1   -3   -1   -5   -1   -2   -2   -1    4   -2    5   -3 
  -3    5   -4   -2   -3   -4    4    2   -3    2    2    3    5    3   -4    3   -4    3    4    2    5    3   -1    2   -1    5   -4    4    4   -5 
   4    1   -5    2    4    0    0   -1    5    0    2    0    2   -3   -5   -4    4    2    5   -3   -4    4    0    1    2    0    0   -3   -2    4 
  -2    5    3    4   -2    5    4    3    2    0   -4   -4    0   -2   -5   -5    0   -4    4   -5   -1   -3   -3    1   -2   -3   -1    0   -2    1 
  -2   -2   -4    0    1    3   -5    3    5   -4   -2    1   -5    2    5   -1    1   -2    2    2   -1   -1   -2    2   -1   -2    0   -1    5    5 
  -1    5    1    0   -1    2   -1    4    5    4   -2   -4   -3    3    1    1    2   -4   -5   -3   -4    5    4    4    1    3    1    2    1   -4 
  -4    2    3    3    0   -4    3    2    0   -3    3    5    3   -2   -5   -5    1   -5    3   -3    2    4   -4    3    4   -1   -1   -4    4   -3 
   5    1    5    0    0   -4    4    1    3    1    1   -1   -5    2   -4   -3   -2   -2    4    3   -2   -3   -5   -1    2    1    1    4   -4   -1 
   3    0   -3   -1    3   -5   -1   -1   -2    0    5    4    2    3   -4   -5    4   -2   -4    2   -1   -3    1   -5    4    1   -3    5   -4   -4 
  -5    4   -3    4   -3    5   -5   -5    0    2    1    2    3    5   -5    2   -1    2   -2    0    5    1   -3   -5    4    1   -5    3   -2    1 
  -4   -3   -2    1    5   -3   -1    3   -4    3   -1   -3   -1   -3   -4    5    0    4    0    3    5    3   -4    4    0    1   -5    0    4    3 
   0    4   -3    4    4   -1    3    5    1   -5    1    2    4   -4   -2   -2    5   -4    4   -5    0    4   -2   -4   -3    4   -3    1   -3    1 
   5   -2    4   -1    1    1    4    4    5    1   -5    2   -1    1    1    0    2    2    5   -4   -2    0    5   -2    4    4   -3    0   -2   -5 
   3    4    1    5    4    1    2   -5   -3   -5   -3   -1   -3   -2    2    2    2    0   -3   -3   -4    5    4    1   -5    3   -3    0    5   -2 

LLL-reduced basis:
   2    2   -5    0   -5   -2    4   -4   -1   -1   -1    1    1    0    4    1   -3    5    4    2    1   -4   -3   -2    0    4    5   -2   -5    4 
  -5    4    5   -4   -1    1   -3   -5    2    5    0   -2    2    3    3    2    1   -1    2   -4   -2   -1    1    3   -2    5   -4    4    5    5 
   2    2    5   -4    4   -5   -1   -2    0   -2    2    4    2   -3    3   -4   -1   -2   -4   -2    1   -1   -3    3   -1   -1    5    4   -2    1 
  -5   -1   -2    4   -4   -2    2    4   -1    0    1    0    0    2    0    4    5    0   -3    0    0   -2    5    5    4    3   -1    4    1    2 
  -3    4    5   -2   -1    0   -3    5   -1    5    3    2   -4    1   -1   -5    1   -1   -3    3   -1   -4    2    4   -1    1    4    2   -4    3 
  -2    1   -1    2    4    3   -1    3    1    1    1   -4    1   -2    3    1   -5   -4   -1    2   -2   -2    2    1    1    1   -1    1   -4    3 
   3    4    2   -5    1   -4   -2    1   -2   -2    4    0   -5    0    0    4    2    2    0   -3   -1    2    0   -3   -3    0   -5    0   -1    3 
  -5   -4   -2   -3    2   -1   -2   -4    5    2    5    3   -2   -4   -4    4   -4    0   -2    2    4   -2    3   -3    5   -4    5    0   -4   -2 
  -4   -3    3   -5   -1   -5   -4    3    3    5    3    5    2   -5   -5    1    1    0    2   -3    1   -4   -5    2    4   -1    1   -5   -4   -2 
  -1    1    4    0    3   -4   -2   -2    0    0    0    4   -1   -7   -3    3    3    0   -1   -6   -3    1   -1    3   -1    2   -2   -5    1   -4 
   3   -4   -1    1   -2    5    4   -3   -3    0   -2    0    5   -3    0    4   -5    4   -3   -4    4    4    1    1   -2    3    0    1   -5    4 
  -4    2    3    3    0   -4    3    2    0   -3    3    5    3   -2   -5   -5    1   -5    3   -3    2    4   -4    3    4   -1   -1   -4    4   -3 
  -2   -2    3    2    2    7    3    4   -1   -2   -2    1   -5    4   -9    0    2    4    2   -1    7    3    7   -1    4   -6   -2    3    3    2 
   4    0    2    9    0    8   -2    3   -2   -3   -4    1   -1   -1    5   -3   -5    1   -1    6    0    1   -1   -4   -4    0   -2   -2   -4   -2 
   6    1    1   -2    0   -3    8   -7    2    2    2    0    2    1    1    0   -3   -4    2   -2    1    4   -5    3  -11    5   -1   -3    2    5 
   5    7   10    7    0   -3   -5    2    0   -3    1    0   -5    2    1    0   -2   -1   -6    0   -8    4    4    5   -1   -1   -1    6   -1    2 
   5    1    5    0    0   -4    4    1    3    1    1   -1   -5    2   -4   -3   -2   -2    4    3   -2   -3   -5   -1    2    1    1    4   -4   -1 
   5   -1   -4    2   -1    3    9    1   -2   -3   -3    5    3    0   10   -4   -1    2   -2    1   -1   -4    1   -2    2    3    0    1    0   -5 
  -2    2    1   -4    2    8    1    4    1    3    0    5   -2   -1   -4   -6   -3    0   -5   -2    5    2   -3    0    3   -8    4   -3    1   -6 
  -5   -2    2    6   -2    3  -10   -1    6    7    1   -2    1   -1   -4    4    1    0    2   -2   -3   -5    7    0    3    3    2    1    1    4 
  -3    1   -3   -5   -4   -2    2    3   -1   -1    1    5   -1   -7   -2    1    2    3    3    0    6   -3    6   -4    2    1    2   -1   -2    3 
  -2   -4    3   -1    6   -3    4   -2    5    1    3    4   -1    0   -2   -2   -3    3    6   -1    5    1   -1   -5    3   -3   -4   -1   -2   -4 
   9   -4   -1   -1    4    1   -2    3    1    0    5   -3   -4    0   -3   -3   -7    4   -6    4   -1    2   -3   -3   -7   -3    3    4   -6    2 
  -2    5   -5   -3    0   -2    4    1    0   -6    1   -1   -8   -1   -2    0    2   -2    2    6    1    3   -5   -1   -6    6    2   -4    1   -2 
  -3   -5   -3   -2    0   -1   -3   -8   -5    1   -3   -4    1    5    1   -2   -2    4    1   -1    4   -3    4    4    0   -1    4    7    1   -3 
   0   -1    1   -2    0    4   -3   -2    0   12    0    3    3   -1   -4    2   -1   -3    1    2   -7    1    1   -1    3    5   -2   -2   -3   -4 
  -4    3   -3   -7    2    3    2   -6    1    5    3   -3   -4    3   -6    2   -3    3    7    5   -3   -2    3   -6   -5   -1   -3    4   -5    7 
  -7    1    5    2   -3   -2    1    3   -1    1   -3   -7    7    0    4    6   -2   -4   -4   -1   -2    4   -4   -1    2    4   -4    2    2    0 
  -5   -5    7    3    3   -1    1    2    1    3   -2    5   -9   -4   -2   -3    3   -2   -9    2    0   -4    2   -1    4   -4    8    2    0   -4 
  -6    5    5    0    3   -1   -5   -4    2    2    1    1   -1    2   -4  -11    4   -1    0   -2    0   -7    0    1   -3    2   -2    0    3   -2 


Matrix #42
Min norm before hte reduction:   14.1421
Min norm after the reduction: 14.1421

Basis matrix:
   5    2   -1    0   -2    0   -3    2    1    4   -5    2   -4    2   -2    3    3   -1   -2   -4    3   -2   -2   -4    1    5    2    4    2    2 
   4   -2   -5   -4    3    5   -5   -1   -5    3    3   -5   -3   -4    1    2    4   -2   -3   -1   -3    0    1   -4   -4    2    1    3   -3    2 
  -5   -4    0    0    0    0    2    4   -2    0   -3   -5   -3   -3    5   -1   -3   -4    5   -5   -5    2    2    1    2    3    2    2    4    1 
  -1    5   -2   -2    4   -2    4    5   -3   -2   -1    1    0    3   -4    1   -4   -2    4    5    1   -5   -4   -1    2    1    4    1   -3   -4 
   2   -5   -2    4    2   -5   -3   -3   -4   -3   -4   -2   -1   -5   -5    4    4    2   -1    0    0   -4    0    0    1    0   -1   -5    4   -5 
   4   -1    1    3    3   -4    4    5    1    1   -5   -2   -5    0   -1    1    4   -5    3   -3    0   -5   -1   -3    0    2   -3    4   -2    2 
   3    4   -5   -1   -3    4   -5   -2    2   -1    2   -4    4   -3   -1    4    1   -2   -4   -3    0    0    1    3   -5   -4   -5   -4   -3    5 
  -5   -2   -3   -3   -4   -2    3    2    4   -1    4    1   -5   -4    2   -4    1    5   -5    1   -4   -1   -3   -2    1    0   -2    5    5    0 
   2    3   -4   -1   -1   -4    5    3    3   -4    4   -4    4   -5    5   -1   -5    4    2   -1   -5    3   -2    2   -1    5   -2    3   -4    4 
   3   -2    1    0    5    5    5    4    5   -1    2   -1    1    3    4    1    5   -5    0   -2    0    0   -1   -4   -1    5   -2    4    1    0 
  -1   -4   -4    5   -4   -4    4   -5   -4   -5    3    3    4    5   -1    2   -3   -1    4    5   -2   -1   -5    4    4   -1   -5   -5    3   -4 
  -3    3    3   -5   -4    3   -4    2    1   -3    5    0   -2    0    5   -2    4   -4   -1    0   -2   -1    2    2    0    1   -1   -4   -3    3 
  -2    1    5   -2   -1   -2   -5   -1    4    1   -3   -1   -3   -2   -2    2    2   -4    4    1   -4    2    2    0   -1   -1    3   -3    1    3 
  -5    4    2    4    0    0   -4    5   -3   -1   -1    2   -2   -4   -2   -1    3   -4   -5    0    0   -3    1   -1    5   -2    0    4   -2    1 
   0    3    4    4    3   -5    0    1    1   -3    1    1    3   -2   -5    0    5    4   -3   -4    1    3   -3    4   -2   -2    1    2   -2    4 
   3    0    3   -1    4   -5    2    5    0   -3    5   -1   -3   -4   -5    2   -2    0   -1    1    0    2   -5   -3   -2    1    5   -4    0   -2 
   2    2    1    3    3   -2    1    4    1   -2    4   -1   -3    5    1   -1   -5   -4    0   -2   -2   -1    5    3    0    2   -1   -2    0   -1 
  -1    3   -4    2    1   -2    4   -2    2    1    4   -5   -3    2    3   -5   -4   -1    1    0   -1    3    3   -3    5    0    3    2    0   -5 
   5   -4   -1    4    1   -3   -2   -1   -4    3    2    0    1    2    4   -5   -3    5    3   -5    3    3    5   -3    4   -4    3    5   -4   -1 
  -3    2    0   -5   -2   -2   -1   -2   -4    1   -5   -3   -5   -1   -5   -2   -5    3    5    5    5    4    2    2    3    1    0    2    2    2 
  -5    4   -3    4   -3   -5   -3   -2    5    5   -1    5   -3    4   -4    3   -4   -2   -2    5   -1    4    1    2    3   -3   -4   -3   -4    0 
   4   -2    1   -2   -2   -3    1   -1   -3   -4    4   -2   -4   -2    5   -2    0   -1    1    4   -5    1    5   -2   -1   -4    5   -5   -3   -4 
   4    2    4   -5    1    2    1    2    5    3    0    0   -5   -1   -3    3   -3   -3   -4    2   -2   -5   -5   -2    3   -1   -1   -1   -2    1 
   3    3   -3   -3   -3    1   -3    0    5   -2    4    4   -4   -3    2    5    2    5    3    4   -2    5   -5   -5   -5   -4    3   -4    0    5 
   0   -3    1   -2    2    2    0    2   -1    0   -3    3    4   -5    3   -2    1    3    5   -5   -1    4   -4   -1   -3   -5   -3   -2    2    4 
  -5    3    1   -1   -4    0   -4   -3    0   -2    1    3    2    2   -3    1   -1    1    0   -1    0   -1    5   -3   -5   -3    1    3    4    5 
   0    3   -3    3   -1    3    3   -1   -1   -5   -2    3   -1    1    5   -3    3    2    3    1    4   -4    0   -5    4   -5   -3    4    2    2 
   0    2    4    4    3   -5   -4   -2    1    4   -4    3    4   -3    2   -2    3   -5    3    1   -3    3    4    4   -3    3    0    5    2    2 
   0    5    0    3   -1    2    2   -5    2   -5   -2   -2   -5   -4    5    5    4    3   -1    0    5    5    3    0   -3   -3   -2    4   -5   -5 
   0    2   -4    5    2   -3   -5   -4    2   -5   -2   -4    1   -3    1   -1   -4   -5   -3   -4   -3    1    0    0    2   -4   -5   -4    2   -1 

LLL-reduced basis:
   5    2   -1    0   -2    0   -3    2    1    4   -5    2   -4    2   -2    3    3   -1   -2   -4    3   -2   -2   -4    1    5    2    4    2    2 
   4   -2   -5   -4    3    5   -5   -1   -5    3    3   -5   -3   -4    1    2    4   -2   -3   -1   -3    0    1   -4   -4    2    1    3   -3    2 
  -5   -4    0    0    0    0    2    4   -2    0   -3   -5   -3   -3    5   -1   -3   -4    5   -5   -5    2    2    1    2    3    2    2    4    1 
  -1   -3    2    3    5   -4    7    3    0   -3    0   -4   -1   -2    1   -2    1   -4    5    1   -3   -3    1    1   -1   -3   -5    0   -4    0 
  -1    5   -2   -2    4   -2    4    5   -3   -2   -1    1    0    3   -4    1   -4   -2    4    5    1   -5   -4   -1    2    1    4    1   -3   -4 
   3    4   -5   -1   -3    4   -5   -2    2   -1    2   -4    4   -3   -1    4    1   -2   -4   -3    0    0    1    3   -5   -4   -5   -4   -3    5 
   3   -2    1    0    5    5    5    4    5   -1    2   -1    1    3    4    1    5   -5    0   -2    0    0   -1   -4   -1    5   -2    4    1    0 
   1   -6   -2    1    4    4   -2   -4    0   -5    3   -1    5   -2    0    4    5    2   -4    1    0    1    0   -1    0    3    0   -5    7   -7 
  -5   -2   -3   -3   -4   -2    3    2    4   -1    4    1   -5   -4    2   -4    1    5   -5    1   -4   -1   -3   -2    1    0   -2    5    5    0 
   2    3   -4   -1   -1   -4    5    3    3   -4    4   -4    4   -5    5   -1   -5    4    2   -1   -5    3   -2    2   -1    5   -2    3   -4    4 
  -3    3    3   -5   -4    3   -4    2    1   -3    5    0   -2    0    5   -2    4   -4   -1    0   -2   -1    2    2    0    1   -1   -4   -3    3 
  -2    1    5   -2   -1   -2   -5   -1    4    1   -3   -1   -3   -2   -2    2    2   -4    4    1   -4    2    2    0   -1   -1    3   -3    1    3 
   4   -2   -5    5   -6   -4    1   -3   -3   -1   -2    5    0    7   -3    5    0   -2    2    1    1   -3   -7    0    5    4   -3   -1    5   -2 
  -5    4    2    4    0    0   -4    5   -3   -1   -1    2   -2   -4   -2   -1    3   -4   -5    0    0   -3    1   -1    5   -2    0    4   -2    1 
   0    3    4    4    3   -5    0    1    1   -3    1    1    3   -2   -5    0    5    4   -3   -4    1    3   -3    4   -2   -2    1    2   -2    4 
   3    0    3   -1    4   -5    2    5    0   -3    5   -1   -3   -4   -5    2   -2    0   -1    1    0    2   -5   -3   -2    1    5   -4    0   -2 
   2    2    1    3    3   -2    1    4    1   -2    4   -1   -3    5    1   -1   -5   -4    0   -2   -2   -1    5    3    0    2   -1   -2    0   -1 
   1    1   -4   -4    2    0    0   -2   -2    0    7   -4   -6    4    2   -2    0   -7   -2    2    0   -1    3   -2    1    2   -5   -4   -6   -1 
   4    8    4    4   -2   -3    2    3    8   -1    0    2   -1    1    0   -3    7    1    0    0    2   -4   -1   -3    2   -2    2    4   -3    0 
   0    0   -4   -4    1   -2    1    1    7   -3    6    4    5    5   -3    1   -6    2    0    3    2    1   -2   -1    0   -6   -4   -1   -1    0 
   6   -2   -7    0   -2    1    1    2    3    6   -1    1   -2    2    3    5    3    2    0   -2   -2    0   -3    0   -6    3   -5    3   -5    4 
   4   -2   -4   -3    6    3    3    3   -7   -2   -4    0    0    7    3    4    4   -6    1   -2   -2   -1    1   -1   -1    6    3    6   -2    0 
  -4    2    0    0   -4   -4    1   -2    2    0    0    3    3   -2   -3   -2   -3   10   -7   -2   -2    7    3    5    2   -7   -5    3    1    0 
   5    4   -2   -2   -4    4   -6    2    6    2   -1    4    0    3   -2   -1   -3   -3   -4    3    4    1    2    1   -2    1   -2   -2    5    1 
   4    2   -1   -1    2    6    4   -1    1   -2   -1   -5    3    2   -1    6   -3    2    5    2    3   -2    3    0   -2    0   -4    2   -1    1 
  -1    1    5   -3    3    3    1    4    0   -2    8    3   -4   -2    0   -1    6   -2   -5    5    3   -4    1   -1   -4    1   -3    4    6   -3 
   5    0    1   -3    1   -5   -1   -1    0    4   -3    2   -3    4   -2    8   -1   -5    6    0    4   -1   -6    4   -2   -4    3   -1   -4    5 
  -1   -3    3   -5   -3    0    2   -8    5    1   -4    3    2    7    2    0   -4    1    1    6    1    2   -6   -1   -1    5    2    3    1    0 
   0    0   -3    3   -1   -3    4   -3    5   -8   -2   -1    2   -5   -6    7    1   -4    0    1   -2   -1   -7   -2    2    6   -6    4    0    2 
  -7   -2    3    2    2    6   -6   -2    0   -3   -2   -2   -3    4    5    3    2   -2    2   -6   -3    5    3    5    0   -2   -2   -2    4    1 


Matrix #43
Min norm before hte reduction:   15.1658
Min norm after the reduction: 15.1987

Basis matrix:
  -1    5   -1    0   -3    1   -2   -4   -2   -3   -2   -3    0   -3   -1    5    5   -4    4    0    4   -2   -3    3    1    5   -1   -3    3    3 
  -4    1    0   -1   -4   -1    5    3    5    5    2   -1    0   -1   -2    3    2    3   -2   -2    0   -3    3    4    0   -5    2    2    2   -2 
   4    5    4    0    5   -1   -4   -4   -5   -2   -2   -4   -4   -2    5    5    3   -5    4   -2    0   -2    1   -3    5    5    0    5    4    5 
   3   -4    0   -2   -4    1   -4   -2   -2   -4   -5    3   -2    5    2   -4   -4    0    0    0   -5   -2   -4    4   -2    2    3   -1   -1    1 
  -5   -1   -2    2   -2    3   -4   -4   -2    2   -3    1    5   -1    0   -5    2    3    5    3    1   -1    5    3    0    3    1   -5    5    3 
   1    5   -3    4    4   -4    3    1   -4   -4    3    1   -5   -5   -1   -1    1    3    5    3   -3   -4    0   -3    1   -2   -4   -5    2    3 
  -4    0   -1    4    1    4   -4    4    0   -3   -5   -2   -5    3   -4    4   -5    2   -3    3    2    2    2   -3    4    1   -5    5    2   -5 
  -3    2    4    4    3   -1   -5    2   -2    1    5    5    3    5   -4   -5    2    2    5    0   -2   -3    5    3    2    4    5   -3    1    5 
  -4   -1    4   -5    3    4    0    0    2   -2   -3    0    5   -2   -3   -5   -2    0   -4    1   -4    2    2   -3    0   -1    1    2   -2    2 
   1   -2    1   -4   -2   -5    3   -4   -2   -3    4    2    3    4    2    3   -5    1   -3   -5    3    5   -2   -5    3    5    1    4    2    3 
  -2   -2   -3   -1   -2    3   -5    5    4    0    2   -3    2    2   -3    4    4    4    3    1    5   -5   -2   -2    0   -1   -4   -2    1    2 
  -1    1    1    0    2   -1   -2   -5   -1   -2    4   -5   -2   -2    2    0    2    3   -5   -1   -3    5   -3    4   -4   -3    1    3    3    4 
  -4   -2    0    4   -5   -5   -4   -1   -1   -1    5   -4    0    3    4    3   -2   -1   -3   -5    3   -5   -3    4   -5   -3    4    2   -5    5 
  -4    4   -5   -5   -4    3    2    0    1   -5   -3    4    4   -1    5    1    5    4    0    1   -1   -4   -5    5   -1    2    4    4   -3    4 
  -2    0    5   -5   -1   -4    0    4   -3    1    2    4    1    4   -3    5   -5    5   -5    1   -1   -5   -3   -4    0   -1    1    3   -3   -5 
   1   -1   -3    2    5    4   -5    1   -2    0    1    0    3   -5   -2    0    5   -5    2   -3    4    0    5    2   -1   -5    4    3    0   -3 
  -1    0   -2   -1   -2    0   -4    3    5    1    4   -5   -1   -3   -4    0   -5   -5   -2   -4    3    5    5   -1   -3   -1    4    1    0    5 
  -4   -2    1    0   -2   -2   -4    0   -2    5   -1    3    2   -3   -2   -2    1   -2   -2   -2   -5   -3   -4    4   -2    0   -3   -2    5    2 
   3   -4    5    2    1    5   -2   -3    1    2    0   -5   -5    5   -2   -4   -2    5    5    1    5   -5   -3   -4    1   -1   -5   -3    0   -5 
  -2   -2   -5   -5    4   -4    1    3    4    3   -3    4    4    2   -3    4   -2    3    2    2   -4   -3   -4    4   -4    2   -2    4   -4    1 
   2    0    2    3    4    0   -1    4   -2    5    1    1    3   -4    2    1    4   -5    2    4    0    1    4    4    3    4    0    2   -2    2 
   0   -4   -5    0    2   -3   -5   -3   -5   -1    5   -5   -4   -3   -1   -4   -3   -1   -3   -2    2   -2    5    0    3    2   -2   -1    5   -1 
  -2    2   -2    3   -2   -2    5    5   -3    5    4    2    3   -2   -1    4    0   -2   -1    4   -4    2   -2    5    2   -2    0   -1   -2   -4 
   0   -4    5    1   -5    3    3    2   -3    0    3    0   -4    3    3    2   -5    1   -5    4    3    2   -1   -5   -5   -1    3    0    4   -4 
   4    1    5   -3   -3    5    1    0    3   -3    5    2    2    5    0   -4    0    1    5    1   -3   -4    0    5   -1    2    0   -4    4   -3 
   0    4   -1    1   -3    5    4   -4    1   -2   -3   -1   -2    1   -3   -4   -4    0    0    1   -4   -5   -5    4    2    1   -3    1    1   -1 
   5    3    2   -3   -2    0   -4    2    0    5   -1    5    1   -2   -3   -5   -1   -2   -2   -1    4   -4    2   -5   -2    3   -4   -3    2    5 
   1   -3   -3    0    3   -1   -3    3   -3    2    1   -1    2    5    0    0    1    3    4    1    5    5   -3   -1   -5    5    3   -1    4   -1 
  -4   -3    3   -2   -4    0   -3   -1    1   -1   -5    4   -4   -4   -4    1    5    5   -2    0   -2    2   -5   -5    1   -3   -3   -5   -1    5 
   2   -2    3    5    1    0    3    3   -2    4   -3    1   -5    3    0   -4   -3    2   -3    2   -4   -1   -2   -1   -1   -5   -4   -5    4   -1 

LLL-reduced basis:
  -1    5   -1    0   -3    1   -2   -4   -2   -3   -2   -3    0   -3   -1    5    5   -4    4    0    4   -2   -3    3    1    5   -1   -3    3    3 
  -4    1    0   -1   -4   -1    5    3    5    5    2   -1    0   -1   -2    3    2    3   -2   -2    0   -3    3    4    0   -5    2    2    2   -2 
   5    0    5    0    8   -2   -2    0   -3    1    0   -1   -4    1    6    0   -2   -1    0   -2   -4    0    4   -6    4    0    1    8    1    2 
   3   -4    0   -2   -4    1   -4   -2   -2   -4   -5    3   -2    5    2   -4   -4    0    0    0   -5   -2   -4    4   -2    2    3   -1   -1    1 
  -5   -1   -2    2   -2    3   -4   -4   -2    2   -3    1    5   -1    0   -5    2    3    5    3    1   -1    5    3    0    3    1   -5    5    3 
  -4   -1    4   -5    3    4    0    0    2   -2   -3    0    5   -2   -3   -5   -2    0   -4    1   -4    2    2   -3    0   -1    1    2   -2    2 
  -4    2   -4    0   -6   -2    6    1   -1    0    3    1    0    2   -3    3   -4    3   -3    0   -4    1   -6    1   -1   -6    0   -3    0   -6 
  -2    2   -2    3   -2   -2    5    5   -3    5    4    2    3   -2   -1    4    0   -2   -1    4   -4    2   -2    5    2   -2    0   -1   -2   -4 
   1   -2   -3    4    5   -1    1    4    2   -2    2    4   -1   -5   -3   -9    2    5    4    5    1   -3    5   -1   -3   -1   -4   -7   -2    4 
   2    3    6    2    5   -4   -1    6    0   -1    8    4   -2    6   -4    0    0   -1    0   -3   -3   -2    0    0    2    1    4    2   -4    2 
  -2   -2   -3   -1   -2    3   -5    5    4    0    2   -3    2    2   -3    4    4    4    3    1    5   -5   -2   -2    0   -1   -4   -2    1    2 
   2   -4   -2    0    3   -6    4    0    0   -5    6    6    2   -1   -1   -6   -3    6    1    0    4    2    3   -6    0    4   -3   -3    0    7 
  -2    0    5   -5   -1   -4    0    4   -3    1    2    4    1    4   -3    5   -5    5   -5    1   -1   -5   -3   -4    0   -1    1    3   -3   -5 
   1    6   -7    3    2   -4    7    0    5    0    3    2   -3   -2    2    0   -1    1   -4   -5    0    0    5   -1    0   -2   -1    7    3    2 
  -4    0   -1    4    1    4   -4    4    0   -3   -5   -2   -5    3   -4    4   -5    2   -3    3    2    2    2   -3    4    1   -5    5    2   -5 
  -1    1    1   -1    5   -1   -2   -1   -6    0   -4    1   -4    2    0   -1    1    4    1    4   -3   -2    2    5    3    9   -4    5    6    3 
  -4   -3    4   -7    1    0    2   -3    2    2    1    0    3    2   -1   -1    3    1    1   -8    1   -1   -1   -2    8   -1    2    2    1    0 
   1   -1    5    4   -1   -6   -3   -2   -6   -4    3    4   -6   -2    0    3   -1   -1   -2   -2    1    0   -5    5    4   -1    4   -1   -4   -3 
  -3   -1   -3    5    2    0    4    2   -4   -4    0   -2   -2   -1    0   -8   -2    0   -1    1   -4    8   -5    1   -5   -5    0    0   -5   -3 
   0    7    2    6   -2   -1    0    0   -1    3    0    3   -3    4    4    3    2   -7    3   -6    2    1   -3   -2   -4    2    4    0    0   -4 
  -4   -4   -2    3    7   -4    3    3   -2   -3    5    1    1    3   -3    0   -8   -4   -5   -3   -1    9   -4   -2    5    1    1    1   -4    0 
  -1    3    3    0   -3    1    3   -3    3   -2   -1    1   -2   -5    0    0   -1   -3   -4   -1   -5   -5    3    1    5   -5   -3    1   -4    1 
  -2    1    2    5    3    2   -2    1   -5   -6    4    3    1   -3    0    0    0   -2    2   -1   -2    2    8   -4    1    1   -3    5    5    8 
   2    1   -2   -3   -5    2    3   -9    3    2   -1    2    0    0    9    3    6    3    5   -2    4   -1    1    3    2    1    5   -4    3    0 
   5   -3   -5   -6   -1    0    0   -2    4   -2    2    2   -6    3    2   -1   -5    1   -3   -1    3    8   -1    3   -3    6    2    0   -2    2 
   0   -5    2    5    4    1   -6    1    2    4    3   -4   -5   -3    6   -2   -1    7    2    1    4    1    4   -4    0    3   -7    2    1   -1 
   9   -8    2   -1    0    3    0   -2    4   -3    0    1   -6    4    1    0   -3    1    4    2    1    1    1   -2    1   -2    1    2   -1   -2 
   5    7    0    2    3    0    4    0   -5    0    4    1    0   -8    5    2    3    0    0    0    1   -6    1    3   -2   -2    3    1   -1    0 
   4    6    4   -1    5    1    6    0    3    6    3   -2    2   -1    1    3    1    0    0   -4   -7    5    1    2   -2   -4    0   -1   -1   -3 
  -1    6    1    0    1   -3   -2   -1   -1   -3    4   -3   -5   -1    1   -4    2    0    8   -3    4   -5    1   -1    6   -1    0   -2    5    4 


Matrix #44
Min norm before hte reduction:   13.5647
Min norm after the reduction: 14.1774

Basis matrix:
   1   -1    2    3    4    1    5    3    4    0   -5    5   -4    5   -2   -5    5   -4   -5   -2   -4   -4    1    3    2   -2    5   -1   -4   -1 
  -1    1   -4    0    3   -3   -1    5   -3   -4    4   -1   -3   -3   -3    1   -2   -3    3   -2   -1    1   -2    1   -1   -4   -3   -1    0    3 
   3    1    1   -2    1    2   -3    3    2   -4   -4    2    5   -2   -1    4   -5    2   -1    1    2    5   -3    2   -5   -3    1   -2    4    1 
   4   -3    2    2    3    4    2   -1    4   -4    2    0    3   -5    0   -5    0    3   -1    0   -1    1   -4    2   -1   -1    2    2    5   -5 
   0    5    1   -2   -5    3   -1    4    1    3   -5    3   -2   -1    4    1   -2   -4    5   -1   -3   -4    3    5   -4   -5    3    3   -2   -3 
  -4    4   -3    3   -2    1   -2   -2   -5    3   -5   -2    5    1   -5    2    0   -4   -2    2    2   -2    5    0   -2   -3    0    3    2    3 
   3    2   -1    3   -3   -3    0   -4    4   -5   -1   -5    2    4   -3   -5    0   -3   -5   -4    5    0   -3   -2    2    3    4   -5    1    2 
   4    4    5    0    2    0   -5    3    2   -5    1   -5   -1   -1   -2    0    5    2    0    5   -2   -4   -2    0   -2   -4   -4    5   -4    1 
  -5    3    1    3    2    4   -5    4   -3    3    1    1    5    0   -3    5    5   -1   -5   -4    5    1    0    0    5    4    0    4   -2    0 
   3   -1    0    3    1    5   -4    4   -4    2   -5    2   -5    4   -1    3    0   -2    3    1   -4   -1    1    5   -3    5   -5   -4    5    4 
  -5   -2   -2   -3   -2   -5    2    5    2    2   -4    0    4    5    4    0    1   -2   -3    5   -3    3   -2   -4   -3   -4    0   -3    1    5 
   0   -4   -1   -5    1    0   -3   -4    2    0   -2   -5   -2    5   -4    0    3    3   -5    1   -1   -4    4   -3    1   -4    0    1   -2    1 
  -4    4   -4    1    0    1    0   -3    2   -1   -2   -5   -1    5    1   -1    5    0    0   -5    5    2    1    3   -1    0    3   -3   -3   -3 
  -5    1    3   -3   -2    4    5    2    1    3    5    0   -2   -3   -5   -2   -2   -5   -5    1    3   -1   -2   -2    2   -4    0    0   -2   -1 
  -5    2   -5    2    3   -5    1   -4    1   -5    5   -5    5   -2   -2   -4   -5    1   -4    1    4   -5    1   -1   -2    1    1    4   -1   -3 
   5    5    3    5    5   -4    1   -3   -4   -4    2    5   -1    5   -2   -1   -5   -2   -2    2    5    1   -1   -3    3    1    0   -2   -3   -4 
  -3   -1    5   -2    1    5    2   -4   -3   -3   -4   -5   -4    2    2    4   -1    0   -3   -3   -3    2    0   -3   -1    0   -3    0   -5   -5 
   5    1   -1    2   -1    0    0    4   -2    3   -1   -5    0    5   -4   -1    1    0    0    3   -4   -3    3   -2    1    3    3    1    0    3 
   3    2   -4   -1   -4    5   -2   -2   -5   -1    2   -4   -5    4    5    1    2    3    3   -1   -2    5    0    5   -1   -2   -5    2    0   -2 
   0    2    2    4   -1   -3   -2    0   -1    0   -1    3    4   -5   -3   -2    5    0   -5    2   -3    4    5    2    1    5   -4    2    4   -1 
   2    4    1   -1   -5   -2    0    1   -2    1    5   -3    0    4    5    0   -2   -3   -4    1    4    0    4    1   -1    1   -4    3   -4   -3 
   5   -2   -5    4   -2   -3    3   -2    1   -5    5   -3    3    4    3    0   -3   -5    0   -4   -5    2    0   -1    2    2   -5   -4   -1    5 
   5    1   -5    0   -1   -4    3    1   -2    4   -2   -4    2    1   -1    2    1   -5    3    3   -2   -2   -4   -5   -4    4   -3    5    0   -2 
  -5   -2    4    2    5    5   -2    2    2    3    3   -4   -5    0   -2    2    0   -1   -2    0   -5   -4   -2    0   -4    0   -2    5   -2   -5 
   4    3    0   -1    5    4    3    1   -5   -5    5    5   -2   -5   -4    2   -2   -3   -1   -2    3   -3   -2   -3    4   -2   -1   -2    3    1 
   1   -2    0    1    5    0   -4   -2   -4   -2    3   -1   -1    3    1    2    1   -2   -4   -3   -4    1    3    1   -1    0    2    3    1    4 
  -2   -3    3   -5    3    5   -4   -3    2    5    0    2   -1    4   -1   -2    4    3    3    0   -2    0    4   -1   -5   -1    4   -5   -5    0 
  -4    4   -1   -4    1    1    1   -5    1    0    2    2    0   -3   -1    4    5   -1    2   -2    2    1   -3   -3    0    0   -2   -1   -4   -2 
  -2    3    1    5    0    0    5   -4    2   -3   -4   -1    2   -4   -4   -3   -4   -5    1   -3   -1   -3   -3   -4   -4    0   -2    4   -4    3 
  -2    4    5   -3   -2   -2   -5   -1    0    0   -2   -1    1   -3   -5    0   -2   -4   -3   -2   -2    5    0   -2   -1    2   -5    1   -3    1 

LLL-reduced basis:
  -1    1   -4    0    3   -3   -1    5   -3   -4    4   -1   -3   -3   -3    1   -2   -3    3   -2   -1    1   -2    1   -1   -4   -3   -1    0    3 
   3    1    1   -2    1    2   -3    3    2   -4   -4    2    5   -2   -1    4   -5    2   -1    1    2    5   -3    2   -5   -3    1   -2    4    1 
   4   -3    2    2    3    4    2   -1    4   -4    2    0    3   -5    0   -5    0    3   -1    0   -1    1   -4    2   -1   -1    2    2    5   -5 
   1   -1    2    3    4    1    5    3    4    0   -5    5   -4    5   -2   -5    5   -4   -5   -2   -4   -4    1    3    2   -2    5   -1   -4   -1 
   0    5    1   -2   -5    3   -1    4    1    3   -5    3   -2   -1    4    1   -2   -4    5   -1   -3   -4    3    5   -4   -5    3    3   -2   -3 
  -4    4   -3    3   -2    1   -2   -2   -5    3   -5   -2    5    1   -5    2    0   -4   -2    2    2   -2    5    0   -2   -3    0    3    2    3 
   3    2   -1    3   -3   -3    0   -4    4   -5   -1   -5    2    4   -3   -5    0   -3   -5   -4    5    0   -3   -2    2    3    4   -5    1    2 
   0   -4   -1   -5    1    0   -3   -4    2    0   -2   -5   -2    5   -4    0    3    3   -5    1   -1   -4    4   -3    1   -4    0    1   -2    1 
  -4    4   -4    1    0    1    0   -3    2   -1   -2   -5   -1    5    1   -1    5    0    0   -5    5    2    1    3   -1    0    3   -3   -3   -3 
   4    8    6    5    1    0   -2    7    0   -5    3    0    1   -6    2    0    2   -1    5    4   -1    0   -6    3   -3    0   -4    4   -2    0 
  -5    3    1    3    2    4   -5    4   -3    3    1    1    5    0   -3    5    5   -1   -5   -4    5    1    0    0    5    4    0    4   -2    0 
  -5   -2   -2   -3   -2   -5    2    5    2    2   -4    0    4    5    4    0    1   -2   -3    5   -3    3   -2   -4   -3   -4    0   -3    1    5 
   3   -1    0    3    1    5   -4    4   -4    2   -5    2   -5    4   -1    3    0   -2    3    1   -4   -1    1    5   -3    5   -5   -4    5    4 
  -5    1    3   -3   -2    4    5    2    1    3    5    0   -2   -3   -5   -2   -2   -5   -5    1    3   -1   -2   -2    2   -4    0    0   -2   -1 
  -2    1   -5    5    4    0   -3    0   -3   -3    0   -3    0    2   -3   -1   -5   -1   -1    2    0   -6    2    4   -5    6   -4    0    4    1 
  -5    4    1   -1   -1   -1   -6   -1   -4    4    3   -3    6    6    2    1    2   -1   -5    4    4   -3    2   -8    4   -4   -1    8   -3   -6 
   5    1   -1    2   -1    0    0    4   -2    3   -1   -5    0    5   -4   -1    1    0    0    3   -4   -3    3   -2    1    3    3    1    0    3 
  10    0   -1    1   -7    1   -2   -3   -3   -5    3   -4   -2    3    1   -3   -3    0   -2    0   -2    3   -4    0    2    1   -4    0    4    3 
   3    2    4    1    2    0    2    8    5   -2    2    0   -1   -1    0   -2    4   -7   -1   -6    5    4   -2    3   -1   -3    2   -5   -1   -3 
  -2   -2    2   -4    0  -11   -3   -3    1    1   -1    4   -3    1    2   -3    4    4    2    7   -9    1    2   -9    4    0   -3   -2    0   -2 
  -5   -2   -4    3    5   -4    5    1    4    0    2    1    5    1    2    3    0   -5    2   -4   -3   -1    4   -1    0    1   -1   -4   -5    2 
  -5   -2    4    2    5    5   -2    2    2    3    3   -4   -5    0   -2    2    0   -1   -2    0   -5   -4   -2    0   -4    0   -2    5   -2   -5 
  -2    5   -4    1   -3   -3   -5    0   -3   -1    2   -8   -2    3    7    3   -1   -6    5   -2   -4   -8   -2   -7   -4    1   -2    1    3    1 
  -6    2   -5   -1   -4    0    4   -7    6   -2    1   -2    8   -4   -3   -8    0    0   -2    3    6    2   -3    4   -4    3   -1   -2    2   -3 
  -1   -1   -2    4    2   -2   -4   -8    0   -1   -2   -9   -1    3   -3   -4    4   -3    3    0    1    1    6    0    2    4   -3   -5    4    1 
   4    3   -1   -2   -5    5   -4    5   -2    2    2    0    3    4    0    0   -2   -1    4   -4    2    5    1    2    0    1   -1    1    5   -3 
  -6    2    2    3   -4   -1    1    2   -4    5    4   -7    3    2    1   -4    3   -1    3    3    5    0   -2   -3    4    1   -6    1    3   -1 
  -2    1   -5   -4    0    0   -3    3    0    3   -5   -1   -3    3    0   -4    1   -1   -1   -6   -1   -6    0   -1    0    5    6   -5   -1   -4 
   4   -6   -6    0    3    1   -1   -2   -7    0   -2    0    2    0   -5    4    0    7   -1   -2   -2    3   -2    5   -2    2    3   -1    5    8 
  -4   -3   -3    0   -4    5   -1   -3   -4   -3    2   -4   -2   -5   -1    0    1   -4    6   -1    1   -5    5    3   -3   -4   -5    3    1   -1 


Matrix #45
Min norm before hte reduction:   14.6969
Min norm after the reduction: 14.6969

Basis matrix:
   1   -5    2   -5   -1    1   -3    3   -3    0    4    2    5    2    5    2    0    1   -1    5   -2    4   -2    4    1   -3   -5    0    1    3 
   0    2   -3    1   -5   -4   -1    2    0   -3   -4    3    2    2   -5   -5   -5    0   -1   -4    5    2   -5    2    3    4   -5    5   -3    0 
   1   -3    1    3   -5   -2   -3    5    3    5   -1    0    3   -1   -2    4   -2   -5    3    0    4   -4    3   -4    3   -5   -4    0   -4    2 
   5   -2   -1   -2   -4   -2    0    3   -5   -4    0    2   -5    5   -5    0    4    5   -4   -5   -1   -3   -1    4    3    4    2   -3    1    5 
  -2    5    3    4    1   -1   -4    1    3   -4    5    0    5   -3    3   -2    4    0    5    4    4    5    1   -3   -3    1    3   -4   -2   -2 
  -5   -4   -1   -1    2    3    1    4   -2   -3    0   -3    2   -2   -2    4    2    4    4   -3    2   -4   -1    1    3    4    4   -4    3   -2 
   1    2   -2   -5   -5    1   -3    5    0    3    0   -5   -3   -1    2    1    4   -3    4    5   -5   -3   -5    1   -2    3    1   -1   -1    5 
   4    0   -2   -5    0   -4    3    1    2    4    0    3   -5    0    3   -5   -1    2   -1   -5    0    1    1   -2   -1   -5    4   -4   -4    4 
   2   -1   -3    3    3   -3    0    0   -4    3   -5    1   -4   -4   -3   -5   -1   -5   -2   -2   -1   -1    2    1   -4   -2    1    2    1   -2 
   1   -3   -4    4   -5   -2    3    2   -4    5    5    5    5    3    3    5    4   -1   -3    5   -2   -4   -3   -4    1    3   -2    4    0    3 
  -2   -2   -3    0    3   -3    4   -5    1    4    4    5    5   -1    4   -5    5   -4   -5   -5    0   -5    5    3   -1    2   -2    0    4   -3 
   3   -4   -4    1   -1   -5   -2   -1   -5   -3   -3    4    3   -1    1   -1   -4    2    3   -3    2    2   -3    0    5   -2    1    1   -4    4 
   0    4   -4   -2   -4    4   -2   -1   -3    0   -1    2    5    5    2    3   -1    0    3    0    3   -1   -2    3   -4   -1   -3   -2   -3   -4 
   0    2    3    2   -4   -4   -3   -2   -3    5   -3    3   -5    4   -4   -2   -5   -2   -1   -3    5    1   -1    1    3    0    2   -1    3    1 
   2    5    4   -5   -2   -5   -3   -3    0    4    3    4   -3    4    5    0   -2   -1    5    2   -2   -4   -3    0   -5    5    3    2   -3   -5 
   0   -5    3    4    3   -2    2    1    0   -1   -2    2   -3   -4   -1    4    2   -3    5    4    0   -2    0   -3    3   -1    5    1    3   -1 
   0   -4   -2    2   -4    4   -4   -3   -1   -1   -4   -2    1    5   -1   -4    5    4   -2   -3    5    5   -2    1    1    0   -3    3   -1    0 
  -1    3   -1    2    5   -1    4    1    3   -2    1   -5    4    4    5    2   -3   -3   -2    0   -5    4   -3    3   -5   -3    5   -5   -1    5 
   4    3    4   -1    3   -3    3   -5    3    2    0   -4   -3    2   -1   -2    0    4    1   -2   -2   -1   -1    3   -3    0   -3    4    2   -1 
  -2    3    1   -2    3    4   -2    1   -5    1   -3    1   -4   -1   -3    3   -1   -4   -2    2   -1    5    0    5   -4   -4   -5    3    2   -1 
  -1    4    0    4    1    1    0   -4   -4    1   -3   -1    1   -4   -5    0    4    1    1    5    5   -2   -1    2    1    0    4    0   -1   -2 
   2   -4   -2   -4    5    5   -3   -3   -5    4    3    4    3    3   -1    3    4    5   -2   -5   -4    5    2    4   -1    2    0    4    5    1 
   1    5   -1    2   -2    4    0    5   -1    1    1    1   -1    2   -1   -3   -5   -2   -4   -5    2   -4   -2    5    2   -2    1    4    5    4 
  -2   -3    5   -4   -1   -1   -4    0   -3    3   -4   -5    0   -4    4   -2   -4    4   -2    0   -5    3   -3   -2    3   -5    2   -4    4   -3 
  -2   -2    2   -1   -1    2    0   -5   -2    2    1    1   -4   -3    2    4   -4   -2    3    1    2   -4   -4   -3   -2   -1    5    0   -5   -3 
   4    0    5   -1   -2    3   -1   -1    5    0   -2   -2   -1    3    4    4   -3   -2    2    0    0   -3    5    2    1   -2    5   -2    0    2 
   4    4   -5    4   -5    0   -4    2   -3    2   -2    3    4    5    0   -5    1    5   -5   -2   -3    2   -3    5    2    4    5   -5   -3    5 
   3    0    3   -2    0   -5    3    3    1   -3    4   -2    0    2    3    3    5   -5   -2   -4   -4    1    1    2    4    5   -3   -1   -3    3 
   0    4   -3    2   -1    5    0   -1    2   -4    5    4   -5    5   -4    0    5   -1    5   -1   -5   -3   -5    5   -1    5    1    5   -5    5 
   0    3    1    0   -1   -3   -3    0   -5    1   -1    3   -5   -4   -3   -1    2    4    3   -5    1    1    2    5   -3   -3    2   -2   -2   -4 

LLL-reduced basis:
   1   -5    2   -5   -1    1   -3    3   -3    0    4    2    5    2    5    2    0    1   -1    5   -2    4   -2    4    1   -3   -5    0    1    3 
   2   -1   -3    3    3   -3    0    0   -4    3   -5    1   -4   -4   -3   -5   -1   -5   -2   -2   -1   -1    2    1   -4   -2    1    2    1   -2 
   0    2   -3    1   -5   -4   -1    2    0   -3   -4    3    2    2   -5   -5   -5    0   -1   -4    5    2   -5    2    3    4   -5    5   -3    0 
   1   -3    1    3   -5   -2   -3    5    3    5   -1    0    3   -1   -2    4   -2   -5    3    0    4   -4    3   -4    3   -5   -4    0   -4    2 
   5   -2   -1   -2   -4   -2    0    3   -5   -4    0    2   -5    5   -5    0    4    5   -4   -5   -1   -3   -1    4    3    4    2   -3    1    5 
  -2    5    3    4    1   -1   -4    1    3   -4    5    0    5   -3    3   -2    4    0    5    4    4    5    1   -3   -3    1    3   -4   -2   -2 
  -5   -4   -1   -1    2    3    1    4   -2   -3    0   -3    2   -2   -2    4    2    4    4   -3    2   -4   -1    1    3    4    4   -4    3   -2 
   3   -4   -4    1   -1   -5   -2   -1   -5   -3   -3    4    3   -1    1   -1   -4    2    3   -3    2    2   -3    0    5   -2    1    1   -4    4 
   4    0   -2   -5    0   -4    3    1    2    4    0    3   -5    0    3   -5   -1    2   -1   -5    0    1    1   -2   -1   -5    4   -4   -4    4 
   0   -5    3    4    3   -2    2    1    0   -1   -2    2   -3   -4   -1    4    2   -3    5    4    0   -2    0   -3    3   -1    5    1    3   -1 
   0   -1   -1    2   -1    2    0    0   -3   -1   -3    4    2    1    1    7    1   -3    8    4    3   -3   -2    0   -1   -2    2   -1    0   -5 
  -5    9    2    0    1    6    1   -2    2   -2   -2   -2   -5    1   -5    6    0    0    1   -1    2    2    0    0   -1    1   -1    1    0   -2 
  -2   -4   -6   -4    0    1    5    8   -9    7    2    6   -2    0    1    7    4    1   -2   -1   -1   -2   -3    0   -1   -2    1   -1    1    4 
   1    2   -2   -5   -5    1   -3    5    0    3    0   -5   -3   -1    2    1    4   -3    4    5   -5   -3   -5    1   -2    3    1   -1   -1    5 
  -4    3   -5    1    3   -2    3   -8   -2   -1   -1    7    3   -1    0    0    1   -2   -1   -9    4   -1    2    3    3    1   -2    2    0   -1 
   4    3    4   -1    3   -3    3   -5    3    2    0   -4   -3    2   -1   -2    0    4    1   -2   -2   -1   -1    3   -3    0   -3    4    2   -1 
   0    2    3    2   -4   -4   -3   -2   -3    5   -3    3   -5    4   -4   -2   -5   -2   -1   -3    5    1   -1    1    3    0    2   -1    3    1 
   1    0    6   -2    3   -4   -7   -7   -4    1    7   -2    1    0    7    2   -1    2    2    4   -8   -2    0    0   -1    6    3    3    0    0 
  -1    4    0    4    1    1    0   -4   -4    1   -3   -1    1   -4   -5    0    4    1    1    5    5   -2   -1    2    1    0    4    0   -1   -2 
   3   -1    4    5    1    1    2   -3   -1   -8    3   -5   -4   -3   -6    0    6    8    0   -4    5    1   -2    1    0   -1    4   -5   -1    4 
  -5    0   -3    6    3    2    2   -1    0    5   -4   -3    3   -6    2    6   -7   -4    1   -3    1   -2    3   -4    3    0    4    6   -1    3 
  -4   -1    0   -4   -3   -1    0    7   -2    2    2   -5    4   -2   -1    3   12    4    2    1   -2   -1    3    2    0    6    1    0   -2    5 
   3   -1    3   -2    4    3   -3    2    7   -1   -2    0   -1    1   -1   -1    4    6    3    1    6    3   -1   -1    5   -7   -3    1   -2   -1 
  -3    1    2   -5    2    5    3    1    5    1    1   -2    3   -7   -7    5    4    0    5   -3    0   -1    6    2   -2    3    5   -1   -2   -1 
   0   -1   -1    1    5    6   -1    1   -4    0    0    0   -4   -8    1    1    2    1   -6    4  -10    3   -4    3   -3    0    6    1   -6    4 
  -4    4   -5   -2   -1    0    3    2    2    7   -5   -3    3   -4   -1   -7   -2   -3    4   -3    1   -4   -2    2    0   -4   -3    9   -1   -1 
   0   -1    6   -4   -4   -1   -2    3    2    3    9    0    1    0    4   -1    7    7    1    1   -2   -2    3    4   -3    0    1   -6    1   -4 
  -6    1   -3    6    3   -3   -1   -2   -6   -2    3    2    2    3    1   -1    2    0   -3   -1    6    3   -4    1   -3   -1    3    0    3   -6 
   1    2    6    5    1   -4    0   -3    2    5   -5   -2    3    0   -1    2    5   -8    2   -2    3   -8    2   -3   -1   -3   -2   -3    8   -7 
   5    4    4    5   -1   -1    4    2    3   -5    0   -4    0    7   -2    3   -1   -1   -1   -5    2    0    4   -3   -2    3    0   -4   -6   -8 


Matrix #46
Min norm before hte reduction:   14.1774
Min norm after the reduction: 14.8324

Basis matrix:
   1   -1    2   -2    0   -5   -1    0   -3   -3    0    1    2    4    3   -4   -2   -2   -3    3    2   -3   -2   -3   -2    4    1    5   -4    5 
  -3    0    0    0   -3    4    3    1   -3    3   -3    4    2   -3   -2    3   -3    4    5    4   -4   -5   -3    3   -3    3    2   -1   -1    3 
  -3    1    0    2    1    4   -3   -3   -4    2   -5   -2    4    1    5    1    4    0    1   -4    3   -4   -3   -5    3   -2    3   -3   -1   -4 
  -3    3    5   -3   -5    0    0    3   -5   -5   -1   -4    5    0    2    3   -5   -2    0   -1    1   -5    2   -1   -2    3    5   -2    4   -5 
  -1   -5   -4    4    4   -3    0    0   -1   -5   -2   -4    3    1    5    2    3    3    3    1    5    3   -2   -4   -2    4    2   -4   -1    4 
   3   -1   -4    0    5    3    2   -2   -5   -1   -4    0    5    4    2    3   -2    2   -1   -5    3   -2    2    1   -4    4    3   -5    1    4 
   3    3   -1   -3    0    3    1    1   -4    5   -3   -2    2    2    4   -1    3   -4    4    4   -2   -1    3   -2    5   -2   -2   -5    2   -1 
  -2    1    3    1    5    0   -1   -1    2   -1   -2   -4    3   -4    4   -3    0    5   -4    1    1   -4   -3    5   -3   -3   -4    5    5    4 
   5   -3    1   -3    0   -4   -3    2   -3    1    1   -4    0    5   -2   -4   -2    4    1   -1    3   -2   -2   -2    4    5    5    1    3    3 
   0    5    3    1   -4   -1   -5   -2    3    1   -3   -1    3   -1    5    2    4    0    4    4   -4    0    5   -5    0   -2    5    3    1    5 
  -3    4    4    2    1    5   -5    4    1    1    0   -5   -3   -5   -4    0   -2    4    3   -1   -3   -2   -1   -1    0   -5    4   -2   -1   -3 
   0   -2   -2    0   -5   -2    2    1    1    2   -5   -3    1   -1   -3    0   -3    2    1    1    0    5   -2    1   -4    4    5    3   -1   -4 
   5    5    1    2   -4   -5    1   -5    3    5   -5   -1    0    3    3   -3   -5   -4    3    2    5    4   -4   -3    1    0    0   -2    1   -5 
   2    0    1   -3    3    5    0    4    0   -3   -2    1    1   -5    0   -3   -5    0   -2    1    1   -1   -3   -5   -2   -2    3   -5   -5    4 
  -2   -4    1   -1    1    0   -3   -5   -5   -5    4   -2   -4   -2   -1   -3   -1    4   -4    0   -4   -5    3    3   -4   -3    2   -4    5    4 
   4    3    4    3    3    3   -4    4    0    3   -4   -2    5   -3    4    0   -4    1   -3    4   -2   -2   -3    5    0   -5   -4    2   -4   -5 
   4    5    5    3   -1    3    1    5   -1   -2    5   -2    4    4   -4   -1    2   -2    1    5   -3    5   -1    1    4    3    4    5   -1    3 
   1    3   -4   -2   -5   -3    2    1    0   -4    5   -2    0    5   -2    3    4    5    5    2    1   -4    5   -5    2   -2    2    2    4   -4 
  -4   -5   -3   -1    1    5    2   -5    4   -3    5   -3    5    1    2   -3    0   -5    1   -2    0    3   -5    4    1    3    5   -3    2    5 
   2    4    5   -2    0   -5   -3    3    3   -5    2   -3    3   -2   -2   -3    5    4    3    1   -1    2   -4    4    0   -1    4    4   -5   -3 
   2    3   -3    3    1   -3   -1    1    5   -4   -5   -1   -1   -4   -3   -4    0   -2   -2    4   -2    3    0    4    3   -2   -4   -1   -4   -3 
  -2    0    5    4    3   -3    5    5   -1    1    4   -2    1    5    2    1   -4   -1   -3   -2    1   -3    3   -1   -4   -4   -1    4    2    5 
  -3    5   -2   -3   -2   -5    5    0   -3   -1   -5   -5   -5    2    1   -1   -4    0   -5    5   -1    0    4    5   -4    4    2    4    4    5 
  -2   -5   -3   -4   -1   -5   -2   -5    0    2   -2    2   -4   -4    3    2   -1    5   -2    2    4   -1   -1    2   -1    1    3   -2    2   -1 
  -1    1   -5    4   -1   -5    3    1   -4    5   -3   -2    5    2    5    0    4    4    3    4    0   -5    1   -4   -4    4   -3   -3    5    4 
  -1    1   -3   -4   -2    1   -4    0   -2   -1   -2    3    2   -2    5   -2    2   -5    5    4    0    1   -5    5    5    2    3    0   -2    1 
   4    2   -1   -2   -3    1   -3    1    0    1    0    0    3    4    4   -2    2   -2    2    1    5   -3    2    1   -2   -4   -3   -3   -4    2 
   5    3    4    0   -4    2    1    4   -4   -2    5    0   -1   -1    0   -3    3    0    1    5    1    2   -3   -4   -5    3    3    2    2   -5 
  -2    4   -2    2    3    2    3   -4    1    4   -2    3   -3    2   -1    2   -3    2   -5    5    5   -4    5    2    1    5   -2    0    5   -1 
   1    5    2   -4   -5   -3   -1   -4    3   -5    4   -5    4   -2   -2   -4    1   -5   -1   -1    2   -4   -3   -1   -3   -1    3   -2   -1   -1 

LLL-reduced basis:
   1   -1    2   -2    0   -5   -1    0   -3   -3    0    1    2    4    3   -4   -2   -2   -3    3    2   -3   -2   -3   -2    4    1    5   -4    5 
  -3    0    0    0   -3    4    3    1   -3    3   -3    4    2   -3   -2    3   -3    4    5    4   -4   -5   -3    3   -3    3    2   -1   -1    3 
  -3    1    0    2    1    4   -3   -3   -4    2   -5   -2    4    1    5    1    4    0    1   -4    3   -4   -3   -5    3   -2    3   -3   -1   -4 
  -3    3    5   -3   -5    0    0    3   -5   -5   -1   -4    5    0    2    3   -5   -2    0   -1    1   -5    2   -1   -2    3    5   -2    4   -5 
  -1   -5   -4    4    4   -3    0    0   -1   -5   -2   -4    3    1    5    2    3    3    3    1    5    3   -2   -4   -2    4    2   -4   -1    4 
   3   -1   -4    0    5    3    2   -2   -5   -1   -4    0    5    4    2    3   -2    2   -1   -5    3   -2    2    1   -4    4    3   -5    1    4 
   3    3   -1   -3    0    3    1    1   -4    5   -3   -2    2    2    4   -1    3   -4    4    4   -2   -1    3   -2    5   -2   -2   -5    2   -1 
  -2    3    6    0    1    0   -6    4   -2   -2    0   -4   -1   -1   -1   -4   -4    2    0    2   -1   -5   -3   -4   -2   -1    5    3   -5    2 
   5   -3    1   -3    0   -4   -3    2   -3    1    1   -4    0    5   -2   -4   -2    4    1   -1    3   -2   -2   -2    4    5    5    1    3    3 
   0   -2   -2    0   -5   -2    2    1    1    2   -5   -3    1   -1   -3    0   -3    2    1    1    0    5   -2    1   -4    4    5    3   -1   -4 
   4   -3   -5   -3    2    5    6    0    2   -1   -2    5    2   -4    1    1   -1   -2   -2   -1    2    4    0   -1    0   -1   -2   -8    0    2 
  -2    1    3    1    5    0   -1   -1    2   -1   -2   -4    3   -4    4   -3    0    5   -4    1    1   -4   -3    5   -3   -3   -4    5    5    4 
   0    5    3    1   -4   -1   -5   -2    3    1   -3   -1    3   -1    5    2    4    0    4    4   -4    0    5   -5    0   -2    5    3    1    5 
  -7   -5   -4   -1    3    0    5   -2    2    0    2    2   -7   -7    2   -2   -4    1   -2    6   -3   -1   -4    3    0    0   -9    1    3    3 
   2    4    4    5    1   -6   -2   -7    6   -2    3    4   -3    2    2   -2   -5   -2   -2   -3    7    0   -5   -2    0   -2   -3    0    0    0 
   2   -2    5   -2  -11   -4   -2   -4   -6   -2    3    5    3    3   -3   -1    4    1    1    4   -5   -5    3    3   -3    1    6    1    1    3 
   6   -4   -4    4    5   -1   -7   -1    5    0    0   -4   -3   -1    2    4   -6    5   -3   -4    0    6    3   -1    3    0    3   -2    2   -1 
   1   -2    0   -9    2    0   -2   -6    6    2    2    2   -3   -7   -2   -4   -1    0   -4   -4    1    2    5    1   -7   -6    0    0    4   -2 
   2    4    5   -4    2    7   -4   -4    1    2    2   -2    5   -2   -1   -4    5   -2   -2   -3    1    3    1   -3    0   -5    7    2    2   -3 
  -3    0   -2    6    1    1   -2   -2    1    0   -3   -3    0   -3   -5   -2   -3    1    2   10   -4    2    3    2   -5    4    2    3    2    6 
   0   -3   -6   -4    3   -2    5    0   -2   -5    2    3   -2   -1   -2    1   -1    2    4    1   -2    3   -3    3   -1    6    2   -5   -6    0 
  -4   -1    1    0    2    5    3    1   -5    6   -2   -1    1   -1   -3   -6   -4   -1    2    3   -2   -5   -5   -6    6   -2    7   -2   -1    0 
  -4    8    4    0   -5    4    1    0   -2   -3   -5    5    2   -2    0    4    2    1   -3   -2    2   -6   -1   -1   -1   -2    8   -2   -3    4 
   2    1    1    1   -3    0    0    2   -1   -4    1   -3    1    5    4   -3   -1   -2   -5    2    5    0    3    5    0    3    0    2    9    3 
   1   -2   -5    1   -4    0    1   -5    3    4   -4    4   -3   -7   -2   -1   -6   -1   -3    3   -3   -4   -6    6   -3    1   -1   -4   -1   -4 
   3    1   -2   -3    2    2   -4   -1    0    5   -4    5    4   -3    0    2   -2   -3    4    0   -3    0    0    3   -1   -1    1    1   -3    6 
  -2    3   -3    9    0   -6    0   -3    1   -4    4    3   -1    0   -1    2    3    3    4   -8    1    8   -6   -4    5   -3    0   -5   -1   -1 
  -3    2   -2    4   -6   -5    7    4    1    1   -1   -5    1   -3   -4    0   -2    0    2   -6    3   -1   -8    3    0   -1   -3    6    6   -7 
   2    3    0   -4    5    3    2    2   -5   -6    4   -5    7    3    4    1   -3   -5    0    0    2   -1    1   -3   -1    0   -2   -5   -5    1 
   5    4   -1    4    6    1   -3    2    3   -3   -5   -9    4    2    3    6    7    5   -3   -3    1    0    2   -1    2   -5    3   -3    6   -2 


Matrix #47
Min norm before hte reduction:   14.3178
Min norm after the reduction: 14.3178

Basis matrix:
  -5    5   -3    5   -2   -5    5   -5    2    1   -5   -5   -4    1    2   -1   -3    1   -1   -3   -3    2    5    5   -5    0   -1    0    3    4 
  -2    2    5    5    2    5    2   -2   -3   -1   -1   -2    5    0    1    4   -4   -3   -2    0    0    2    5    1   -3    3   -2   -5   -2    4 
   0    2   -3   -4    5    3   -2    4    0   -1    2    0   -2   -2    1   -1   -2   -4   -5    5    5    4    1   -1    4    5    2   -2   -3    2 
  -3   -2    1   -2    4    3    0   -2    1   -5    0   -5   -1    1   -1   -2   -5    5    4    2   -2    4   -3   -5   -2   -5    2   -1    5    4 
   3   -1   -5   -4    1   -5    1   -2   -3   -3   -1    1   -2   -3    2   -1    3    4   -1    5   -4   -4   -2    1   -3   -1   -5    1    0    3 
  -3   -2    2    5   -1    1   -2    2   -1   -5    3    4   -1   -1    1   -2    5    5    5   -1   -3   -5    5    4    4    2   -5   -1    2    4 
   1    3   -1    2   -3   -4    5    2   -4   -5    3   -3    0   -5   -1    1   -1   -4    3    5    1    5    0    4   -1   -2   -2   -3    4   -4 
   3    0   -3    3    4    3    1    2   -1   -3   -3   -3    2    4   -5    4   -5    4    0    2   -1    3   -3    1   -2   -1    1    2    4    3 
  -5    3   -3    0   -3    3    4   -5    5    1   -4   -1   -2   -2   -1    4   -5    0   -4   -4   -2    5   -4    0    4   -1   -4   -1   -3    5 
   4    3   -3   -5    2   -5   -4    4   -1   -5    4    4    1   -5    2   -1    1    3   -5   -1   -5   -5   -3    4    1    2   -5    1    2   -1 
   4   -2   -5    4    1   -4   -4    1   -2    3   -4   -4   -1   -2    2    3   -4   -2    1    1   -4    5   -2   -1   -5    4   -3    0   -3    0 
   4    2    4   -1   -5    2    1   -3   -2    5    2   -5   -3    4    1    4    5   -1    0    5    1   -5   -3   -3    0   -5    4    4    1   -1 
   0   -5   -3    4   -4    1    5   -2   -1   -3    2    4   -5    5   -5   -2    0   -5    2    5    4    2   -5    5   -2    1    3    5    4   -4 
   3   -4   -1   -1   -4    4    3   -1   -4    1   -4   -2   -1    5    3   -4    4    1   -2   -1   -2   -1    4    5   -1    4   -4   -2   -4   -1 
   2    1   -3    0   -5    4    2    2   -2   -4    3    5    4    5    2    5   -5    2    3    3   -3    1   -2   -3    3    5   -4   -5    5    5 
   5    4    2    2   -5   -5    4    2   -3    3   -1    4    3    2   -2   -1   -4   -4    5    0   -5    3   -1    3    4   -2    5    1    3    1 
   4    5    0   -4   -5    3   -5   -5   -2    3    0    2   -4   -3   -2   -5   -2   -3    3    0   -3   -1    0   -2   -2    1   -5    2   -3    5 
  -1    3   -5    0   -2    3   -3   -1    2    0   -2   -2    3    2    3    0   -3    2   -2   -4    0   -2   -4    5   -2   -4   -2    1    3   -1 
  -4    3    0    1   -1   -1    3    1   -4    2   -3   -2   -2   -3   -4   -1    2   -3   -4    5   -5    2   -4    2   -4    4    3    2    0    0 
  -2    3    1    3   -3    0   -5    5    0    5   -1   -5   -3   -3    2   -2   -2   -5    5   -2   -4   -1   -2   -3   -3    4    0    3    3    5 
  -5   -1    4   -4    0    2    2    1    1    5    1   -2   -4   -2    4   -5   -2   -2   -5   -2   -5   -1   -2   -2   -4    0   -4   -4    2    5 
   1   -5    2   -4    2   -3    3   -4   -1    0    5   -1   -1    3    2    0    4    1   -5   -5    4    2    5    4   -5   -4    1    2    3   -2 
   4    4   -2    5    3   -4    4    0   -1    2   -4    2    5   -1    0    5    4   -1    5    1    3   -4    4    4    4    3   -4    4    1   -2 
   4    0   -1    4   -5    5    3    0    5    2    0    3    5   -1   -1   -3    2    4   -5   -4    1   -1    5   -3    4    3    4   -1    2    4 
  -4    2    4   -2   -3   -4    0    0   -3   -2    3   -1   -3   -5   -4    1    5    3    4    4    1   -2    2    0   -2   -3   -3   -5   -5    2 
  -1    1    5    4   -1   -1   -2    5   -3    2    0   -2   -4    2   -5    3   -4    1    5    4   -4    3   -1    1   -4   -4   -1   -4    0    5 
  -1    0    2   -3   -3    2    5   -1   -5    4    1    4    5   -3   -5    2   -2    3    4    2    0   -1   -2    4   -1   -2   -5   -3    4    0 
  -2   -2   -1    1    5   -4   -3   -1    5   -1   -5   -1    1   -2   -4   -5    0   -1   -1   -1    1   -3    4   -2   -1    5    2    0    3   -4 
  -1    3    1   -1    5    2    2    2   -4   -2    1    0    5   -3    3   -2    0    3   -1    2   -4    3    3    1    3    5   -4   -1   -5    2 
  -2    3    3    3   -5    2    1    1   -1   -4    4    4   -5   -4   -5   -1    4    2    5    0    5    0   -2   -5   -4    2    1   -3   -3    3 

LLL-reduced basis:
  -2    2    5    5    2    5    2   -2   -3   -1   -1   -2    5    0    1    4   -4   -3   -2    0    0    2    5    1   -3    3   -2   -5   -2    4 
  -5    5   -3    5   -2   -5    5   -5    2    1   -5   -5   -4    1    2   -1   -3    1   -1   -3   -3    2    5    5   -5    0   -1    0    3    4 
   0    2   -3   -4    5    3   -2    4    0   -1    2    0   -2   -2    1   -1   -2   -4   -5    5    5    4    1   -1    4    5    2   -2   -3    2 
   3   -1   -5   -4    1   -5    1   -2   -3   -3   -1    1   -2   -3    2   -1    3    4   -1    5   -4   -4   -2    1   -3   -1   -5    1    0    3 
  -3   -2    1   -2    4    3    0   -2    1   -5    0   -5   -1    1   -1   -2   -5    5    4    2   -2    4   -3   -5   -2   -5    2   -1    5    4 
   3    0   -3    3    4    3    1    2   -1   -3   -3   -3    2    4   -5    4   -5    4    0    2   -1    3   -3    1   -2   -1    1    2    4    3 
   1    4    2   -1    1    0   -5    6    2   -2    5    3    3   -2    0    0   -2   -1   -4   -6   -1   -1   -1    3    4    3    0    0    2   -4 
  -1    3   -5    0   -2    3   -3   -1    2    0   -2   -2    3    2    3    0   -3    2   -2   -4    0   -2   -4    5   -2   -4   -2    1    3   -1 
   8   -1   -5    3   -1   -7   -4    0   -3   -1   -2    5   -1    2    2    2    1    0    5    5   -3   -1    0    3    1   -1    0    4   -1   -2 
  -3   -2    2    5   -1    1   -2    2   -1   -5    3    4   -1   -1    1   -2    5    5    5   -1   -3   -5    5    4    4    2   -5   -1    2    4 
   4   -2   -5    4    1   -4   -4    1   -2    3   -4   -4   -1   -2    2    3   -4   -2    1    1   -4    5   -2   -1   -5    4   -3    0   -3    0 
   1    3   -1    2   -3   -4    5    2   -4   -5    3   -3    0   -5   -1    1   -1   -4    3    5    1    5    0    4   -1   -2   -2   -3    4   -4 
  -5    3   -3    0   -3    3    4   -5    5    1   -4   -1   -2   -2   -1    4   -5    0   -4   -4   -2    5   -4    0    4   -1   -4   -1   -3    5 
   5   -1   -4   -6    0    1   -6   -1    2   -3   -4   -2  -10    2    3    0   -2   -1    0    3   -5    3   -4   -5    3    3   -1    6   -4    1 
  -3    2   -6    5   -5   -1    1    2    1    7    4   -2   -4   -5    0    4    5    2   -1    3    2   -1   -4    3    7   -1   -3   -1    0    5 
   0   -3  -12   -3   -1    0    5   -1    0   -1   -3    1   -2    2    0   -5   -1    6    0    4    1    6   -3    6    6   -4   -1   -3    0    3 
  -1   -1    6   -5    2    3    0    2   -3   -2   -1    4   11   -6   -2   -2   -4   -3    2   -4   -4   -4   -5   -5   -7    0   -4   -2    1    3 
   5   -2   10   -1    3   -5   -2   -3   -2    0    3    7    0    1    4    4    2   -3   -5    1   -5   -7    3   -2   -6   -1   -3    0   -2   -5 
  -3    0    1    1    0    3    2    4    0   -6    1   -6    1   -2   -2   -9   -3   -1    4    3    2    1    8   -2   -1    2   -1   -4    4    4 
   1    3    0    3   -2    0   -3   -1   -2    2    5    2   -1    1    0    3    2    0    3    3    2   -2   -4    8    7    3   -3    0   -3   -1 
  -5    2    2    3   -2   -1    2   -6    0    3    0   -2    5   -2   -2   -2   -1    3   -6    3   -5    0    0    0    0   -3    3   -4   -2    1 
   1    0   -3    2    0   -1    2   -1    1   -1   -6   -2   -2   -4    3   -1    0    5    9    2   -2    6    0   -1   -4   -3   -4   -3    4    2 
   6   -3    1    0   -4    2   -5    2    5   -3    6    4   -3    1    3   -8    2   -1    0   -1    3    0    1    2    2    4    0    0    3  -11 
   5    5   -5    4    0   -5    1    1   -3    4   -1    1    0   -1    2   -1    4    1   -2    7    0    4    6    9   -2   -2    4    3    6    5 
   3    1    1    5    3    7   -2    2   -2   -4    3    1   -2    6    1    4    0    0   -3    4    5   -4    2   -6   -1   -2    3    1    0    3 
   1    2    2   -2    3    0   -2   -1   -5   -5   -3   -6    3   -2   -3   -1   -1    0   -1   -1   -5    3   -3    1   -2   -2   -2   -1    3   -2 
   0    1    3   -3    3   -4    0   -6   -1    1   -1    1    7    1    9   -2   -7    5   -3    1   -4   -1    2    1   -8   -4   -1   -3    4    1 
   0    0   -4    5    1    1    2   -3    5    1   -7    3    1    6    0   -3   -3    0    6    2   -5   -5    0    0    0   -3    1    5    1    1 
  -2    4   -2   -2    1   -2    0   -3   -1    7    2   -6  -11    3   -2   -1    4    2   -3    1    3   -1    7    4    0    4    4    0    0   -1 
  -2    0    0   -1   -7   -2    2    1    0    3    1   -3    2    5   -5    2    1   -2    2   -8   -3    3    0    1   -4    1   -5   -3    2   -5 


Matrix #48
Min norm before hte reduction:   13.9642
Min norm after the reduction: 14.0712

Basis matrix:
   1   -1    2    4    3    4    2    4   -2   -2    1    5   -1   -5   -2    1    1    0    5   -4   -5   -1    2   -4   -2   -2    3    2    0   -1 
   5    1   -5    0    0    2    1    2    3    4    3    3   -5    1    0    0    1    5   -3   -1   -1   -2   -1    3    4   -4    1   -4   -1   -4 
   1   -3   -1   -5    5   -1    5    5    5   -5   -3   -2    0   -4   -1    3   -2   -2   -1    3    2   -5    5   -4    0    2   -4   -1    0   -1 
  -4    1    1    3    0   -4   -1   -5   -5    1    2   -4   -4   -5    3    4   -5    5    0    2   -2    2    3    2    3    3   -4   -2    3   -1 
   4   -2    2    4    3   -4   -2    2    0   -5    5    5    2    3    4    3   -1    5    1   -5    4    2    5    4   -1    3    1    4    3   -1 
   1   -1    5   -3   -4   -3   -1   -1    4   -2   -5    5    1   -5   -3    3   -3   -5    1    1   -5   -5    4    1    2   -1   -4   -5    2    0 
  -1   -1   -4    1   -1    3   -4    3    1   -2    4   -5    5    2    1   -2   -3   -2   -2    3   -5    5   -2   -5    3    5   -1    5   -2    3 
   3    4    5    4    4    5    4   -5   -1   -1    4    5    3   -1    0   -3   -4   -1    2   -3    4   -2   -4   -5    0    2   -5   -4   -3    0 
  -3   -1    1   -4    3    4    0    4   -5   -1   -4   -4   -1   -4    0    4    2    1    3    0    3    4    5    5    5    2    4    1    3    2 
   2    5    5    2    4    2    0    3   -1    4    3    4    1    5   -2    0   -3   -2    1    3   -2    0    1   -4   -1    0   -3    2    2   -3 
   1    0    0   -1   -4   -1    1   -2    0   -2   -5    2    5   -4   -4   -2    3   -3    4   -2    4    4   -3    1   -1    4   -5   -1   -2   -1 
  -5    0    4    1    1   -1   -3    4   -2   -3    0   -4   -3    2    0   -4   -3   -3   -3   -5    3   -2   -1    4   -4    5   -1    1   -4    1 
  -2   -1    5   -2   -2   -1    5    4    2   -5    1   -3   -3    1    4   -2    3   -4   -1   -3    3    2    4    3   -3   -5    4    1   -5    5 
  -2   -4    3   -5    0   -2    4    3   -5   -3   -1    1    3   -3    5   -1   -5   -1    3    3    0    1    2   -1    2   -1   -5    1    2    5 
   0   -4    4   -2    2   -2    1    1   -1   -5    3   -5    3    0    2   -2    0   -1   -1   -2    0    3    3    0   -5   -3   -2    0    2   -3 
   5   -1    5    3    4   -3    4   -4    2    0   -2    0   -2    2   -1   -5   -1    5   -2    2    5   -3   -3   -1    2    2   -3    4   -1    5 
   0    5   -5    3    5    5   -2   -5   -4    1    1    1    0    3   -5    4   -2   -4    0    1    3   -3    3    1   -5   -2    4   -1    5    2 
  -4    5   -2    4    2    0    1    1   -3    4    0    4   -3    1    0   -1    4   -1   -3   -3   -5   -4   -4   -2   -4   -1   -5    1    4   -4 
   2    2    4   -3    3    1   -1   -2   -1   -2   -2   -1   -4    2    0    3    3   -2    4    1    4    4   -2   -2   -3    2    0    4    1    5 
  -2    5   -4    0    4    1    4   -3   -4    3   -2    1    4    2    0   -3    1    3    2   -5   -1   -1   -1    2    3    0   -4    5   -3    3 
   5    4    0   -1    3    5   -4    0   -2    5   -5    0    2    5    0   -2    0    2    0    3    2   -4   -1   -3    1    4    4   -3    5    5 
   0    4   -5    1    0   -3    2    5   -3    1    5   -5    4    1    4   -4   -5    3    5    0    4   -4    1   -1    2    5    1    2    2    5 
  -5   -3    3    0    4   -2    3   -5    4   -1   -1    5    4    3    2   -5    1    1   -1   -4   -4   -1   -3   -5    5   -1    1   -4    3    5 
   3    4    1   -2   -5   -1   -5   -2   -4    3    2    3    2    3    2   -1   -2    3    4   -3   -5    3    2    2    5   -5    0   -1   -5   -4 
  -4    2    2   -3   -5    1    0    3   -5    1    2   -3   -5    0   -1   -2   -1    4   -3   -3   -2   -2    2    4   -3    1    4   -1    0    5 
  -3   -4   -5   -2    1    1   -2    2    2   -4   -2   -2    2    1    1    4    5    3   -1    0    5   -2    2   -1   -4   -5    5    2   -5    4 
  -3   -3    1    4   -3   -4   -1   -5   -3   -5   -3   -5   -5   -3    3   -4   -2    5   -1   -4    1    0    0   -5    4    1    3   -3    5    1 
  -2   -5    1    3   -5   -3   -5   -4    5    5   -5    2   -2    0    0    1   -2    4    2   -1    4   -1    4    1    4    5    0   -5    2   -5 
  -2   -3   -3   -3    0   -4   -2   -4    0   -4   -3   -2    3    4    5    0   -1   -2   -5   -3   -5   -3   -3    0    4    3   -1   -3    1   -5 
   5   -2    1   -3    1    4    2    1    5   -2   -3   -2    1    0    2    3   -2    2    2   -3   -1   -2   -4   -1    2   -1   -4    3    1    2 

LLL-reduced basis:
   1   -1    2    4    3    4    2    4   -2   -2    1    5   -1   -5   -2    1    1    0    5   -4   -5   -1    2   -4   -2   -2    3    2    0   -1 
   5    1   -5    0    0    2    1    2    3    4    3    3   -5    1    0    0    1    5   -3   -1   -1   -2   -1    3    4   -4    1   -4   -1   -4 
   1   -3   -1   -5    5   -1    5    5    5   -5   -3   -2    0   -4   -1    3   -2   -2   -1    3    2   -5    5   -4    0    2   -4   -1    0   -1 
  -4    1    1    3    0   -4   -1   -5   -5    1    2   -4   -4   -5    3    4   -5    5    0    2   -2    2    3    2    3    3   -4   -2    3   -1 
   4   -2    2    4    3   -4   -2    2    0   -5    5    5    2    3    4    3   -1    5    1   -5    4    2    5    4   -1    3    1    4    3   -1 
   1   -1    5   -3   -4   -3   -1   -1    4   -2   -5    5    1   -5   -3    3   -3   -5    1    1   -5   -5    4    1    2   -1   -4   -5    2    0 
  -1   -1   -4    1   -1    3   -4    3    1   -2    4   -5    5    2    1   -2   -3   -2   -2    3   -5    5   -2   -5    3    5   -1    5   -2    3 
   3    4    5    4    4    5    4   -5   -1   -1    4    5    3   -1    0   -3   -4   -1    2   -3    4   -2   -4   -5    0    2   -5   -4   -3    0 
  -3   -1    1   -4    3    4    0    4   -5   -1   -4   -4   -1   -4    0    4    2    1    3    0    3    4    5    5    5    2    4    1    3    2 
   2    5    5    2    4    2    0    3   -1    4    3    4    1    5   -2    0   -3   -2    1    3   -2    0    1   -4   -1    0   -3    2    2   -3 
  -2    1   -2    1   -1   -3   -2    3    1    4    3   -2    0   10    5    3    1    3   -1    4   -1    5    0    1   -1   -5    3    5   -4   -1 
   1    0    0   -1   -4   -1    1   -2    0   -2   -5    2    5   -4   -4   -2    3   -3    4   -2    4    4   -3    1   -1    4   -5   -1   -2   -1 
  -5    0    4    1    1   -1   -3    4   -2   -3    0   -4   -3    2    0   -4   -3   -3   -3   -5    3   -2   -1    4   -4    5   -1    1   -4    1 
   1    4   10   -5    0    0    5    0    2   -3    0   -2   -1    1   -1   -6   -2   -9   -4    0    7   -2    3    2   -1    2   -5   -4    1    4 
   1   -3    7    1    2    2    3   -4    1   -8    0   -1    1   -2   -1    0   -1   -3   -3   -2    9    2    1    3    1    5    0   -7    0    2 
   0   -6    5    3    6    2    2    2   -7   -4    2    6    6   -1    3    5   -7    3    5    4    0    5    1   -4    3    2   -3    0    3    0 
   0   -4    4   -2    2   -2    1    1   -1   -5    3   -5    3    0    2   -2    0   -1   -1   -2    0    3    3    0   -5   -3   -2    0    2   -3 
   0   -2   -1    3    0   -2    0    2    0   -7   -1    1    1    1   -1    1    0   -1    3   -1    0    1    3   -7   -2    4    5    5   -8    1 
   2    3    4    9    6    0    3   -4   -1    3    9    5   -6    2    1   -7    3    3   -1   -6    5   -1    1   -2   -1   -1    5    0   -2   -3 
   0    1    0   -5    3    2   -2   -2    2   -2   -3   -1    4    1   -4    0    0   -2   -4    3    9   -6    1   -2   -2    2   -4   -3    1    3 
   7    1   -4    0    3    7    0    0    1   -5    1   -3    0    4    1   -3   -2   -5   -3    1    3    1   -4   -3    5    2    2    0   -2    2 
  -2    0    0   -2    0    1    4   -2    1    1   -1   -3    2    4   -7   -2   -3   -5   -1    6    6    5    2   -4    0    4   -4    1   -3    4 
   1   -3   -2   -1    0   -2   -5   -1    4   -1    3    5    2    5    1   -2   -1    1    5   -4   -1   -2   -1   -1   -3   -1    3    6   -5   -3 
   7    0    0    0    5    3   -3    4   -2    2    1   12    1    4   -6    2   -3   -2    1   -2   -2    1    1    1    4    1    0   -6    0   -2 
   2    2    6   -9    0   -1    3   -2    0    2   -7    1    6    2    1    2    3   -2    5    1   -1    0   -4   -6   -1   -1   -2   -1   -1    4 
  -2   -1    3    4    4    0   -1   -4    2   -5    3    8    0    4    0   -3    2   -3   -1   -9    3   -4   -4    0   -6    3   -2    0   -1   -5 
  -3   -1   -5   -3    0   -2   -3   -3   -4   -1   -7  -11    3   -5   -4   -1    5    5    0    2    1    2    0    4   -1    1    1    2   -2    1 
   1    3    3    2   -5   -2   -6    0    6   -2    1    4    1    9    6   -1   -1   -2   -3   -2   -2    3    0    3    2    4   -4   -4   -5    1 
   2    5    1   -3   -5   -1    2    2    4   -2   -2   -3    1    9   -4    1    4   -3    3    3    7    2    2   -1    1    2    0    2    1    2 
   3   -5    1   -1    5    4    6    3    0   -6    4    3    6   -1   -1   -1    2   -2   -1   -4    6   -8   -1    2   -2   -1   -2   -6   -3    3 


Matrix #49
Min norm before hte reduction:   14.8324
Min norm after the reduction: 14.2478

Basis matrix:
  -1    3   -3   -4   -3    5   -5    1   -1   -3    0    3   -1    3    3    1   -3   -5    1    5   -1   -2   -1    2    2   -3   -1   -2   -5   -2 
   0   -3   -3    1   -2    0    2    2    2   -1    1    3    0    3   -2    4   -5   -4   -4   -5   -4    3   -2    2    3   -4   -3    3    3    0 
   2   -4    4    0    4    2   -4    1    5    2    2   -5   -1   -4   -4    0    4   -1    3   -5   -3   -4    2   -4   -2   -4   -5   -1    3    1 
   1    0    4   -2   -3   -5    2    0   -5    0   -3    5    4   -1   -3   -2    3   -5    4   -3    3   -4    0   -1    1   -5    3    2   -2   -5 
   1   -1   -1    3    1    0   -4   -3    1    5    0   -2   -3    2   -3    5   -4    1   -2   -4   -2    3    1    0    1    5    4    5   -1    4 
  -1   -2    5   -5   -1    1    5   -1   -1   -4    0    2    2    1    4    0   -5    0    2   -2    0   -3   -3    1   -2    0   -5    1    2    3 
   4   -4    4   -4    3   -1    2   -1    0   -5   -4   -1   -5    1    3   -1    4    0   -4   -2    4    1    4   -1    3   -2    5    5    1   -1 
   0   -5    3    0   -3    0    4   -5    1   -2   -4    1   -4    1    2   -2    5   -4    5    3    3   -1    4   -4   -2    2   -5    3    5   -2 
   0    2    5   -4    5    3   -2    3   -1   -1   -4    0   -2    5    1    1    1   -5   -1   -5    0    4   -5    2   -3    2   -2   -5    1   -1 
   0    4    4    0    5    2    3   -1    1    2    2    1    3   -3   -2   -4   -2    3    1   -2    2    5    1    4   -2    3    4   -5   -5   -3 
  -2   -1    5   -5   -2    0   -1   -5   -2    2   -2    0   -5    3    3    0   -1    0   -2    0   -3    4   -3   -2    3    1   -5   -3    5    1 
  -5   -4    3   -5   -1   -1    2    0   -4    2   -3   -3   -2   -4    0    4    3    0   -2   -2   -4   -2   -4    2    3   -3    4   -5    4   -1 
  -2   -4    0    3    0    0   -3   -5   -1    3   -5    1    5   -2   -3    1    1   -2   -5    5   -4   -5   -5    2    3   -2    1    4    0   -4 
  -1    4   -4    0    0   -3    3    2    4    5   -4   -2    1   -5    5    2   -2   -3    5   -3    4   -5   -2    3    3    4    2   -4    2   -3 
   5   -1   -4    3   -4    2    0    4    5    3   -5   -1   -4   -4    1   -2    1   -5   -4   -2   -2   -4    5    5   -4    1   -5   -5   -1    0 
  -4    4    4   -3    3   -5    4    0   -1   -4    1   -1   -2   -2    4   -5    0   -5    0   -3   -2    0    4    1    5    5    1    2   -4    5 
  -2   -4   -2    5   -3   -5    3   -4   -4    4    4   -5    3    5    2    3    5    2   -5    5   -1   -2   -3   -3    2    3    4   -5   -4    1 
   0    5    5    3   -5   -5    1   -2    4   -4    3    4    3    3    1   -5    1   -4   -3   -3    3    3    1   -1    2    4    2    2    3    1 
  -4    3    1    2   -2   -2   -3   -1    4   -3    3   -3    0    3   -1   -3    3   -5   -5    4    1    5   -3   -5   -5   -4   -2    1   -5    5 
  -4   -4    3    4    3   -1    0   -3   -4   -2   -2    1    2   -4   -3   -4    3   -3    4    5   -3    1    0   -3    0   -3    3    3   -1    0 
  -1    1    1    3    4    2    4   -4   -3    1   -2    4    2   -3   -5   -2    3    3   -2    4    4    2    3    3   -5    0    4    4    3    5 
   4   -3    3   -3   -2   -4    4   -1    2    5    0   -1   -1   -4    0   -5    1    5   -3    1   -5   -5    5    1    2   -5    3   -2   -3   -2 
  -5   -4    3    0    0   -5   -2    2   -1    0    3   -3   -1   -2   -2    3    3    5   -4    5    5   -3    3   -1    5    4    0    1   -5    5 
  -3    5    2   -1   -4   -3   -1   -1    1    1   -1   -1    4    3   -4    5    1    1   -2   -2    2   -1    3    0   -3   -4    1   -4    1   -5 
   0    2    3   -1    2   -3    4   -3   -2   -5   -1   -5    4   -4    2    3    3    5   -3   -3    4    0   -2   -3    5   -4   -2    0   -5    5 
   5    5   -4    2    4   -5   -5    5    2    0   -1   -4    5    1    1    3    3   -5   -3   -5   -3    1    4   -1    0    4   -2   -2   -4   -3 
   0    2    5   -1    2    5    5   -3   -5    4    4    0   -1    3   -5    5   -3    3   -4    3   -5    0    3    1   -1   -2   -3   -1    4    2 
   2    5   -1   -2   -2    5   -3    3   -3    0   -4    1    1   -2    0   -5   -4   -5    4   -2   -5   -2    4   -2    1   -2    0   -2   -5    4 
  -4    5    0   -3    2    3    5    1    4    4    1   -5   -4   -5    0    4    0   -3    4    2    5   -3   -3   -1    1    0    1    5   -2    4 
  -5    5   -3    0    5    5    3   -1    4   -1    0   -5   -1    4   -5    3   -4   -2    3   -2   -3    0   -3    4   -1    1   -2   -4   -3    4 

LLL-reduced basis:
  -1    3   -3   -4   -3    5   -5    1   -1   -3    0    3   -1    3    3    1   -3   -5    1    5   -1   -2   -1    2    2   -3   -1   -2   -5   -2 
   0   -3   -3    1   -2    0    2    2    2   -1    1    3    0    3   -2    4   -5   -4   -4   -5   -4    3   -2    2    3   -4   -3    3    3    0 
   2   -4    4    0    4    2   -4    1    5    2    2   -5   -1   -4   -4    0    4   -1    3   -5   -3   -4    2   -4   -2   -4   -5   -1    3    1 
   1   -1   -1    3    1    0   -4   -3    1    5    0   -2   -3    2   -3    5   -4    1   -2   -4   -2    3    1    0    1    5    4    5   -1    4 
  -1   -2    5   -5   -1    1    5   -1   -1   -4    0    2    2    1    4    0   -5    0    2   -2    0   -3   -3    1   -2    0   -5    1    2    3 
   1    0    4   -2   -3   -5    2    0   -5    0   -3    5    4   -1   -3   -2    3   -5    4   -3    3   -4    0   -1    1   -5    3    2   -2   -5 
   4   -4    4   -4    3   -1    2   -1    0   -5   -4   -1   -5    1    3   -1    4    0   -4   -2    4    1    4   -1    3   -2    5    5    1   -1 
   0   -5    3    0   -3    0    4   -5    1   -2   -4    1   -4    1    2   -2    5   -4    5    3    3   -1    4   -4   -2    2   -5    3    5   -2 
   0    4    4    0    5    2    3   -1    1    2    2    1    3   -3   -2   -4   -2    3    1   -2    2    5    1    4   -2    3    4   -5   -5   -3 
   0    2    5   -4    5    3   -2    3   -1   -1   -4    0   -2    5    1    1    1   -5   -1   -5    0    4   -5    2   -3    2   -2   -5    1   -1 
  -2   -1    5   -5   -2    0   -1   -5   -2    2   -2    0   -5    3    3    0   -1    0   -2    0   -3    4   -3   -2    3    1   -5   -3    5    1 
  -3   -6   -3   -1   -4    4   -2   -2   -1    0   -5   -1   -5   -1   -1    8    2   -8    4    2   -1   -6    3    2    1    0    7    4   -2   -2 
  -2   -4    0    3    0    0   -3   -5   -1    3   -5    1    5   -2   -3    1    1   -2   -5    5   -4   -5   -5    2    3   -2    1    4    0   -4 
  -4    2   -1    5   -1   -1    2    3    7   -4    5   -4    2   -3    1    1    2    1   -7   -2   -1    1    0    4    1    5    8   -2    4    4 
  -4   -4    3    4    3   -1    0   -3   -4   -2   -2    1    2   -4   -3   -4    3   -3    4    5   -3    1    0   -3    0   -3    3    3   -1    0 
   6   -3    2   -3    0    4   -2    0    4    2   -6    1   -6    4    0    0    1   -8    2    0   -2   -5    7    3   -3    0    4    2   -8   -4 
  -3    1   -5    7   -1   -4    1    1    3    3   -3   -1    1    2   -2   -1   -1    8    3    6   -2    2    0   -2   -5    6   -1    7   -1    3 
   2    4    2    0    8   -4   -2   -2    1    0   -5    0   -1   -2    6   -5   -4   -2    0   -1    3    4   -1   -1    8    1    6    3   -2    0 
   0   -1   -3    1    8   -5    6    2    0    1    0   -2   -6   -1    0   -6    2   -1   -2   -2   -5    8    5   -3    5   -1  -11    1    1    1 
  -1    1    1    3    4    2    4   -4   -3    1   -2    4    2   -3   -5   -2    3    3   -2    4    4    2    3    3   -5    0    4    4    3    5 
   3    0   -6    1   -3    2   -5    1    1   -2   -3   -2   -7   -2    4    3   -3   -1  -11   -3    1    3    2    3    5    1   -1    1    2    5 
  -1   -6    3    3    0    1   -1   -4    4   -3    2   -3    0   -3   -2   -2    5   -2   -4   -3    2    5    2   -5    6   -7   -6   -2   -2   -3 
   3    5    0   -2    4    4    0    0    3    0   -2   -1   -1   -2   -3    4    2   -4    5   -2   -1   -1    3    1    0   -3   -1   -1   -4   -1 
  -1    1   -1   -3   -2    6    1    4    3   -1    4    2    4   -9    1   -1    0    5    7    4   -5    0    1    3   -6    0    2   -5    1    6 
   1    0    7    2   -3    2   -3   -2   -1    6    1    0    3   -2    1    0    2   -1    5    0    4   -2    2   -6   -3    4   -4   -2    5    5 
   4   -2    5    1    0    2    2   -4    0   -1   -1   -6    1   -3   -1   -3   -2    8   -8    2   -3   -5    3    1    1    4    2    3    2    6 
   4    6    0    0    2   -3    0   -6    4    2    2    4    3   -2   -2    0   -3    6    2    4    3   -4    2    0    0    6    0    3    0    4 
  -4   -4   -9    2   -5    4    3    1   -4    0   -6    4   -1    4   -1    4    3   -2   -5    3   -4    5    0    2   -3    1    1    2    0   -1 
   7   -5   -4   -5    2   -2   -2    1   -1   -4   -3   -1    3    5   -5    4    1    0   -8    2   -5   -1    2    5    3   -5    2    4   -4   -5 
  -2   -1  -11   -3    4    0    1    8    3    4    0   -6   -3    1   -1    3   -3   -2   -2    0   -3    6   -2   -1    1    0    0    5   -2    5 


Matrix #50
Min norm before hte reduction:   15.6205
Min norm after the reduction: 15.6205

Basis matrix:
   0   -5    1    1   -2   -1    2   -5   -4    5   -5   -3    2    2    2    2    4   -5    5    1    2    4    5    1   -5    4   -2    0   -5   -2 
   5   -1   -1    0    4   -5    2    5   -2    0   -1    4    0   -2    5   -4    2    1    5   -4    1   -1    0   -5   -4    3    3    0    4    0 
   0    2   -4   -1   -1   -4    4    2   -1    5    2    2    2   -5   -1   -4    1   -5   -5   -2    4   -3    2    4    3   -5   -1    5    5    5 
  -3    4    3    3    5    0    5    3    5    5    2    1    1   -2    2   -5   -4   -3   -2   -4    1    5   -1    2   -1   -5   -5    0    1   -5 
   0    4   -3    1   -5   -1    5    4    4   -4    2    3   -5   -4   -1    1    4    3   -1    0    0   -2   -5    2    5   -2   -5    4    5    3 
  -4    1   -2    0   -3    4    2    1   -2   -5   -3    5   -4   -5   -2    0   -2   -1   -2    1    1   -3   -3   -5    0   -2   -4    1    3   -1 
  -3    3   -5   -1    4    2    3   -2    2   -3    1   -3   -1   -3    1    0    1    5    5    5   -3    4    2    1   -4    4   -1    5   -1   -3 
   0    4   -1   -3   -4   -2    2    4   -3   -1    4    4   -5    5    5   -1    4   -2   -2    1    0   -2   -3    1    0   -4   -5    3   -3   -5 
  -4   -2    2   -1    5    5    1   -5    3   -2   -4    0   -1    3   -1   -2   -4    3   -2    0   -1    5   -5    2    3   -4    4   -3    3    4 
  -3   -4    1    5    3   -4    2   -5    0   -1    4    3    0   -5    0   -2   -1   -3    1   -5    3    5    3   -5    0    1   -4    5   -1   -1 
  -2    3    3   -2   -3    3   -5   -2   -3    2    0    2    5    5   -1   -1   -1    4    2   -2    0    3    0   -3    5    0    0   -5   -2    4 
   1    1   -3    5   -1   -1    0    2   -5    1    4    4    2    2    2    3    4   -5    4    3    3   -3    0   -5    5   -3    5    5    3    3 
  -3   -3    5   -3   -2    4   -1    2   -2   -5   -3   -1    5   -1   -1    1    1    5    5   -5    0    0    3   -2   -3   -3   -4    3    3   -5 
   3    1    5    3   -4    4    0   -1    2   -4    4    0    4    5    3   -2   -5    3   -5   -5    1    3    2    3   -2    3   -5   -5    0    2 
  -2    4   -3   -4    4    5   -5    3    2    4    1   -5    2   -2    5   -3   -1   -1    3    5    1   -4    1   -3    4    1    3    3   -1    1 
  -3   -5   -1   -4    3    4   -2   -1    3   -5   -1   -1   -5    3    3    4    2    0   -2   -2    4    0   -4    3   -4    0   -5   -2   -3   -2 
   0   -3   -2    4    5   -3    4   -5   -4    2    0   -5   -1    4   -2    3   -2    3    1    5    3   -4    1   -5   -2   -2   -4    2   -4    5 
   4   -4   -1   -1   -3   -2    3   -3    4    4   -4    4    2    3   -2   -5    0    3   -1   -5   -2    0    5   -5   -5    0   -2   -2    0   -2 
   5   -2    1   -1    2    2    5   -5    5   -1    4   -5    5    5   -3    2    2    3   -3    2    1   -1   -2   -2   -2    3   -3   -1    5   -4 
  -3    0    2   -4    1    4    1    5   -1   -3   -3    3    4    4    0    5   -2   -1   -5    5   -1   -2   -3    2    2    5   -3    1   -5    4 
  -3    2    3    2    0   -2   -4    2    1    5   -3   -3    4    5   -3    2    5   -5    3    5   -3    2    4    2   -4   -4   -4    4    3   -2 
  -2    4   -1    4   -4    4    2    3    4   -2    1   -5    2    4    5    1    0   -3   -1    3    0   -5    5   -4    2   -3    4    2    0   -2 
   0    1   -3    1    0   -1   -1   -4   -3   -2    2   -2   -2   -2    1   -2   -5   -5    3   -2    3   -4    3   -5   -4    3    2    2   -3   -5 
   1    5    5    0    1   -4    5   -4    5    0    0   -5    1    5    3   -5   -5    5   -4    2   -1    0   -2   -5   -1    0    4    1   -3    2 
   0    4    5    0    5   -3    5    0    3    0    4   -4    5    5   -2    3   -2    4    2   -2   -1    0   -4    3    1   -2   -3    0    4    0 
  -2    1    2   -1    4   -1   -5   -5   -2   -5    5   -4    1   -5   -5   -5    4   -3    5    1    1   -4   -1   -2   -3    5   -5    0   -1    1 
  -4    2   -1   -5   -3    5    3   -4   -5    1   -3   -3   -4    3    5   -2   -1   -2    4    5    1   -5    5    2   -3    0    1    2    1   -1 
  -4   -4   -1    4    2   -2   -2    1    4   -1    2   -1    5    2   -2   -3    4    0    2   -4   -3    5    1   -1    1   -5    4   -3   -2    4 
  -1    4    0   -5    3   -4    1    0   -5   -2    2    1   -5    1    4   -4    4    0   -3    1    4    0    4   -5    5   -2   -5    3    1    4 
   2    0   -2   -3    5   -1    3   -4   -1   -1    2    3   -3   -2    3    0   -4   -5    0    1   -2   -5    5    2    1    5   -3    5   -3    0 

LLL-reduced basis:
   0   -5    1    1   -2   -1    2   -5   -4    5   -5   -3    2    2    2    2    4   -5    5    1    2    4    5    1   -5    4   -2    0   -5   -2 
   5   -1   -1    0    4   -5    2    5   -2    0   -1    4    0   -2    5   -4    2    1    5   -4    1   -1    0   -5   -4    3    3    0    4    0 
   0   -1   -2    2   -7   -2    7   -1    0    1   -3    0   -3   -2    1    3    8   -2    4    1    2    2    0    3    0    2   -7    4    0    1 
  -4    1   -2    0   -3    4    2    1   -2   -5   -3    5   -4   -5   -2    0   -2   -1   -2    1    1   -3   -3   -5    0   -2   -4    1    3   -1 
   0    2   -4   -1   -1   -4    4    2   -1    5    2    2    2   -5   -1   -4    1   -5   -5   -2    4   -3    2    4    3   -5   -1    5    5    5 
  -3    4    3    3    5    0    5    3    5    5    2    1    1   -2    2   -5   -4   -3   -2   -4    1    5   -1    2   -1   -5   -5    0    1   -5 
  -3    3   -5   -1    4    2    3   -2    2   -3    1   -3   -1   -3    1    0    1    5    5    5   -3    4    2    1   -4    4   -1    5   -1   -3 
   0    4   -1   -3   -4   -2    2    4   -3   -1    4    4   -5    5    5   -1    4   -2   -2    1    0   -2   -3    1    0   -4   -5    3   -3   -5 
  -4   -2    2   -1    5    5    1   -5    3   -2   -4    0   -1    3   -1   -2   -4    3   -2    0   -1    5   -5    2    3   -4    4   -3    3    4 
  -3    1    3   -2   -1   -2    1   -1   -1    4   -1    0    2    4   -2   -2   -1   -1    1    0   -3    7    0    3   -1   -9    2    2   -2   -4 
  -3   -4    1    5    3   -4    2   -5    0   -1    4    3    0   -5    0   -2   -1   -3    1   -5    3    5    3   -5    0    1   -4    5   -1   -1 
  -2    3    3   -2   -3    3   -5   -2   -3    2    0    2    5    5   -1   -1   -1    4    2   -2    0    3    0   -3    5    0    0   -5   -2    4 
   3   -1   -1   -4   -3    4   -4    0    1   -3    2   -8    2    4    5   -1   -2    0   -1    6   -2   -2    4    4   -3    0    5    5   -2    0 
   2   -4    3    4   -4   -5    5   -3   -2   -4   -1    5   -2    2   -5    3    1    1   -3   -5   -1    4   -1    3   -4   -1   -3   -3    1   -1 
  -2   -1    0   -3    3    0   -6    4    6   -3    3   -2    1   -3   -5    3   -3    3   -2   -4    0    0   -1    2   -3   -5    0    0    0   -3 
   3    3   -3    7    7    3    5    2   -3    0    1    1    3    4    3    4    0   -1    3    4    0    0    2    1   -8    5    3   -4    2   -4 
  -3   -3    8    4    7    0    3   -5   -2    3   -1   -2    4    2   -4    1   -1    0   -1   -3   -2    1    3    2    2   -1   -1   -2    0   -6 
  -3   -2   -1   -2   -1   -2    0   -4   -2    4   -7   -3    4   -1   -4   -1   -1   -3   -6   -4    2   -6    9   -3   -1    2    3   -7   -2    2 
   0    1   -3    1    0   -1   -1   -4   -3   -2    2   -2   -2   -2    1   -2   -5   -5    3   -2    3   -4    3   -5   -4    3    2    2   -3   -5 
  -3    0    3   -2    2   -1   -2    1   -5    3    6    2    2   -1    4   -3   -1   -1    0    1    0   -3   10   -3   -2    0   -2    4    0   -2 
  -3   -2   -5    2    1   -5    5    0   -1   -5    1    4   -4   -3   -2    2    0   -5    3   -3   -2    1    1   -3   -2   -1   -2    1    4   -3 
   1   -2    2    3    4    4   -2    2   -3   -3   -1    3    7   -3   -5   -1   -4    3   -1    1    0   -6    2   -2   -6   -1    3    3    8    5 
   1   -4    3    0    3   -4    3    4    4    1   -2    0   -3    0    0    1   -1    8   -1   -2   -3   -1   -4   -5   -3    5    3   -8    3    2 
  -6    3    5   -1    1    5    5   -2    1    1   -8   -3   -1   -1    3   -2   -3    1    2    1    2    4   -2   -3   -4    3    1   -5   -2    0 
   7    2    5   -2   -1   -1    1    8    5   -5    0    5   -2    3    3   -2   -1   -1    0    0   -4    0   -4   -2   -5   -4    5    0    3   -2 
  -3    2    1    0   -1   -2   -1   -2    1    4   -1   -2    5    2   -4    1    2   -5    0   -2    2    6    2    6   -2   -7   -2   -7   -6    1 
  -8   -3    0    1   -9    0    7   -9   -4   -2   -4   -2    1   -1   -5   -5   -4   -1    1    1    0    5    4    2    0    2   -5    8    0    1 
  -2    5   -5    2    5   -1    9   -1   -6    1   -1    3    1    4    5   -5    9   -1    2   -2    1    2    2    5   -4    6    0    0   -2    0 
   0   -5    7    6    1    3   -2   -1    1   -1    1    3    4   -3   -4    3  -10    1   -2   -7    3    0    0    2    3   -9   -1    5    2    0 
   7    4   -2   -1    4    1    2    6    2   -2    1   -3   -2    2    2    0    1    2    0    1    1  -11    4    2    4   -1    5    6    5    7 


